:106000003DB8F3960000000000080000BC0201004B
:10601000000000000000010000000000000000007F
:106020000000000000000000000000000000000070
:106030000000000000000000000000000000000060
:106040000000000000000000000000000000000050
:106050000000000000000000000000000000000040
:106060000000000000000000000000000000000030
:106070000000000000000000000000000000000020
:106080000000000000000000000000000000000010
:106090000000000000000000000000000000000000
:1060A00000000000000000000000000000000000F0
:1060B00000000000000000000000000000000000E0
:1060C00000000000000000000000000000000000D0
:1060D00000000000000000000000000000000000C0
:1060E00000000000000000000000000000000000B0
:1060F00000000000000000000000000000000000A0
:10610000000000000000000000000000000000008F
:10611000000000000000000000000000000000007F
:10612000000000000000000000000000000000006F
:10613000000000000000000000000000000000005F
:10614000000000000000000000000000000000004F
:10615000000000000000000000000000000000003F
:10616000000000000000000000000000000000002F
:10617000000000000000000000000000000000001F
:10618000000000000000000000000000000000000F
:1061900000000000000000000000000000000000FF
:1061A00000000000000000000000000000000000EF
:1061B00000000000000000000000000000000000DF
:1061C00000000000000000000000000000000000CF
:1061D00000000000000000000000000000000000BF
:1061E00000000000000000000000000000000000AF
:1061F000000000000000000000000000000000009F
:10620000000000000000000000000000000000008E
:10621000000000000000000000000000000000007E
:10622000000000000000000000000000000000006E
:10623000000000000000000000000000000000005E
:10624000000000000000000000000000000000004E
:10625000000000000000000000000000000000003E
:10626000000000000000000000000000000000002E
:10627000000000000000000000000000000000001E
:10628000000000000000000000000000000000000E
:1062900000000000000000000000000000000000FE
:1062A00000000000000000000000000000000000EE
:1062B00000000000000000000000000000000000DE
:1062C00000000000000000000000000000000000CE
:1062D00000000000000000000000000000000000BE
:1062E00000000000000000000000000000000000AE
:1062F000000000000000000000000000000000009E
:10630000000000000000000000000000000000008D
:10631000000000000000000000000000000000007D
:10632000000000000000000000000000000000006D
:10633000000000000000000000000000000000005D
:10634000000000000000000000000000000000004D
:10635000000000000000000000000000000000003D
:10636000000000000000000000000000000000002D
:10637000000000000000000000000000000000001D
:10638000000000000000000000000000000000000D
:1063900000000000000000000000000000000000FD
:1063A00000000000000000000000000000000000ED
:1063B00000000000000000000000000000000000DD
:1063C00000000000000000000000000000000000CD
:1063D00000000000000000000000000000000000BD
:1063E00000000000000000000000000000000000AD
:1063F000000000000000000000000000000000009D
:10640000000000000000000000000000000000008C
:10641000000000000000000000000000000000007C
:10642000000000000000000000000000000000006C
:10643000000000000000000000000000000000005C
:10644000000000000000000000000000000000004C
:10645000000000000000000000000000000000003C
:10646000000000000000000000000000000000002C
:10647000000000000000000000000000000000001C
:10648000000000000000000000000000000000000C
:1064900000000000000000000000000000000000FC
:1064A00000000000000000000000000000000000EC
:1064B00000000000000000000000000000000000DC
:1064C00000000000000000000000000000000000CC
:1064D00000000000000000000000000000000000BC
:1064E00000000000000000000000000000000000AC
:1064F000000000000000000000000000000000009C
:10650000000000000000000000000000000000008B
:10651000000000000000000000000000000000007B
:10652000000000000000000000000000000000006B
:10653000000000000000000000000000000000005B
:10654000000000000000000000000000000000004B
:10655000000000000000000000000000000000003B
:10656000000000000000000000000000000000002B
:10657000000000000000000000000000000000001B
:10658000000000000000000000000000000000000B
:1065900000000000000000000000000000000000FB
:1065A00000000000000000000000000000000000EB
:1065B00000000000000000000000000000000000DB
:1065C00000000000000000000000000000000000CB
:1065D00000000000000000000000000000000000BB
:1065E00000000000000000000000000000000000AB
:1065F000000000000000000000000000000000009B
:10660000000000000000000000000000000000008A
:10661000000000000000000000000000000000007A
:10662000000000000000000000000000000000006A
:10663000000000000000000000000000000000005A
:10664000000000000000000000000000000000004A
:10665000000000000000000000000000000000003A
:10666000000000000000000000000000000000002A
:10667000000000000000000000000000000000001A
:10668000000000000000000000000000000000000A
:1066900000000000000000000000000000000000FA
:1066A00000000000000000000000000000000000EA
:1066B00000000000000000000000000000000000DA
:1066C00000000000000000000000000000000000CA
:1066D00000000000000000000000000000000000BA
:1066E00000000000000000000000000000000000AA
:1066F000000000000000000000000000000000009A
:106700000000000000000000000000000000000089
:106710000000000000000000000000000000000079
:106720000000000000000000000000000000000069
:106730000000000000000000000000000000000059
:106740000000000000000000000000000000000049
:106750000000000000000000000000000000000039
:106760000000000000000000000000000000000029
:106770000000000000000000000000000000000019
:106780000000000000000000000000000000000009
:1067900000000000000000000000000000000000F9
:1067A00000000000000000000000000000000000E9
:1067B00000000000000000000000000000000000D9
:1067C00000000000000000000000000000000000C9
:1067D00000000000000000000000000000000000B9
:1067E00000000000000000000000000000000000A9
:1067F0000000000000000000000000000000000099
:10680000F82300202D7500003DEF000019750000F1
:106810001975000019750000197500001975000040
:10682000000000000000000000000000F9750000FA
:106830001975000000000000BD7700001975000008
:1068400031780000317800003178000031780000A4
:106850003178000031780000317800003178000094
:106860003178000031780000317800003178000084
:106870003178000031780000317800003178000074
:106880003178000031780000317800003178000064
:106890003178000031780000317800003178000054
:1068A0003178000031780000317800003178000044
:1068B0003178000031780000317800003178000034
:1068C0003178000031780000317800003178000024
:1068D0003178000031780000317800003178000014
:1068E0003178000031780000317800003178000004
:1068F00031780000317800003178000031780000F4
:1069000031780000317800003178000031780000E3
:1069100031780000317800003178000031780000D3
:1069200031780000317800003178000031780000C3
:1069300031780000317800003178000031780000B3
:1069400031780000317800003178000031780000A3
:106950003178000031780000317800003178000093
:106960003178000031780000317800003178000083
:106970003178000031780000317800003178000073
:106980003178000031780000317800003178000063
:106990003178000031780000317800003178000053
:1069A0003178000031780000317800003178000043
:1069B0003178000031780000317800003178000033
:1069C0003178000031780000317800003178000023
:1069D0003178000031780000317800003178000013
:1069E0003178000031780000317800003178000003
:1069F00031780000317800003178000031780000F3
:106A000031780000317800003178000031780000E2
:106A100031780000317800003178000031780000D2
:106A200031780000317800003178000031780000C2
:106A300031780000317800003178000031780000B2
:106A400031780000317800003178000031780000A2
:106A50003178000031780000317800003178000092
:106A60003178000031780000317800003178000082
:106A70003178000031780000317800003178000072
:106A80003178000031780000317800003178000062
:106A90003178000031780000317800003178000052
:106AA0003178000031780000317800003178000042
:106AB0003178000031780000317800003178000032
:106AC0003178000031780000317800003178000022
:106AD0003178000031780000317800003178000012
:106AE0003178000031780000317800003178000002
:106AF00031780000317800003178000031780000F2
:106B000031780000317800003178000031780000E1
:106B100031780000317800003178000031780000D1
:106B200031780000317800003178000031780000C1
:106B300031780000317800003178000031780000B1
:106B400031780000317800003178000031780000A1
:106B50003178000031780000317800003178000091
:106B60003178000031780000317800003178000081
:106B70003178000031780000317800003178000071
:106B80003178000031780000317800003178000061
:106B90003178000031780000317800003178000051
:106BA0003178000031780000317800003178000041
:106BB0003178000031780000317800003178000031
:106BC0003178000031780000317800003178000021
:106BD0003178000031780000317800003178000011
:106BE0003178000031780000317800003178000001
:106BF00031780000317800003178000031780000F1
:106C000031780000317800003178000031780000E0
:106C100031780000317800003178000031780000D0
:106C200031780000317800003178000031780000C0
:106C300031780000317800003178000031780000B0
:106C400031780000317800003178000031780000A0
:106C50003178000031780000317800003178000090
:106C60003178000031780000317800003178000080
:106C70003178000031780000317800003178000070
:106C80003178000031780000317800003178000060
:106C90003178000031780000317800003178000050
:106CA0003178000031780000317800003178000040
:106CB0003178000031780000317800003178000030
:106CC000317800003178000053B94AB9002908BF73
:106CD00000281CBF4FF0FF314FF0FF3000F00CB820
:106CE000ADF1080C6DE904CE07F020FBDDF804E0FF
:106CF000DDE9022304B07047704700BF10F8012B94
:106D000011F8013B012A28BF9A42F7D0D01A7047E8
:106D10002DE9F041174C20460DF0CEF8054610B392
:106D20002269A5681368182123F0807313602B680B
:106D30004FF4C022204698470F4807F030FF002646
:106D4000DFF83C804FF080716B69204698473146F0
:106D50004046771C07F023FF43F6095000210DF051
:106D600074FB3E46EEE7054807F019FF2846BDE8EC
:106D7000F08100BFF84A0100FF5B0100EA5B0100FF
:106D8000325C0100014B1B68184700BF6001002006
:106D9000014B1860704700BF6001002030B5044609
:106DA00085B00D461022002168460DF00CFD02232F
:106DB0008DF80230044B2A4621466846019307F0BD
:106DC0005DF805B030BD00BF856D000008B5044614
:106DD000EFF31183202383F31288BFF36F8F04F046
:106DE000DDF9204601F0B4F8024807F0D8FE08F0BB
:106DF000BEF8FCE73D5C01002DE9F84FB0F81890B3
:106E0000044619F008080DD001290CBF49F01009FB
:106E100049F02009A0F8189082F31188BFF36F8F12
:106E2000BDE8F88F09F00709022907D1204607F0CD
:106E3000E8FE0028F0D00128238B4AD16769238B14
:106E4000002F15DA2568C4E9008823F0070343F012
:106E5000010323830026238B03F0070ACA4502D0CF
:106E6000A168002956D10DB9002E6CD0002152E046
:106E700003F00701481F01281CD823F00703062947
:106E800025689BB2C4E9008802D15DB943F00203D2
:106E90002383204607F0B5FE0028DBD0238B43F088
:106EA0002003D6E72946608B0130608309680029FA
:106EB000F9D1EBE704290AD123F0070399B2218322
:106EC000204607F09EFE10B141F0200121830025ED
:106ED000C0E7032809D1216923F007030E6843F0B6
:106EE0000603002523832F46B5E7042806D1216930
:106EF00023F007034E6843F00403F2E7052806D1A8
:106F0000216923F007038E6843F00503E9E70025B4
:106F10002E46E8E7012143F00803238382F311881A
:106F2000BFF36F8FF1B97DBB16B120492046B04742
:106F3000EFF31182202383F31288BFF36F8F238B2B
:106F400023F008032383238BD90627D5012123F0BF
:106F500010032383B4F8189009F0070900297FF47F
:106F600063AF59E7A1680029DDD0D1F80090D1F8CE
:106F700004B03B4652462046D847B9F1000FD2D064
:106F80004946D9F80090F2E7D5F8009029463B46EB
:106F90005246204607F051FE4D46C4E713F020014B
:106FA0001EBF23F0200323830221D3E767EC0000F8
:106FB000014B036000207047185801000E4A0F4B28
:106FC00013B5012818BF1A46044601460C4808F0BC
:106FD00075FD70B9012322460A49094808F078FE78
:106FE00038B90123EF22009321460223044808F018
:106FF00079F802B010BD00BF7801002064010020C4
:107000005C070020A75C010008B51549154808F089
:1070100058F920BB1449134808F053F9F8B913493B
:10702000104808F04EF9D0B911490E4808F049F956
:10703000A8B90C4808F04FF801280CD00020FFF741
:10704000BDFF60B9074808F076F840B9BDE80840D0
:10705000044808F0A0B8FFF7B1FF0028EED008BD43
:107060008C0100205C070020A4010020BC0100204E
:10707000D401002008B50348034A0021121A07F082
:1070800055FF08BD08080020F8190020074808B57A
:10709000074A0849121A07F04BFFBDE808400648A6
:1070A000064A0749121A07F043BF00BF000000203C
:1070B00008080020B062010000000020000000204D
:1070C000B062010038B505460C4699B1D1E90123FB
:1070D0000F48096807F063FDD4E90423E1680D480F
:1070E00007F05DFDE1690C4807F059FDA1690B4807
:1070F00007F055FD012D05D1EFF305810848103942
:1071000007F04DFD21462846BDE8384005F068BB34
:10711000C05C0100F05C0100205D0100305D0100F9
:107120005F5D010030BFFFF7FDBF00BF70B5274CAA
:10713000064627480D4607F032FDA26AD00639D52B
:10714000244807F02CFD1120A36A190703D5224813
:1071500007F025FD12201D4CA36A9A0707D51F488A
:1071600007F01DFD616BA36A1B0625D41320174C85
:10717000A26AD60703D51A4807F011FD1420A36AA6
:107180009C0603D5174807F00AFD15200F4B9A6A95
:10719000D10658BF9A6A9A6A920642BF5A6A22F486
:1071A00000525A62094A936A43F0FF039362002334
:1071B0002B7070BD1020C7E70B4807F0F0FC002EC5
:1071C000D4D0A36A23F08003A362CFE700ED00E0F0
:1071D000015E0100185E01004C5E0100605E01006E
:1071E000905E0100B05E0100795E010070B5254C33
:1071F000064625480D4607F0D2FCA26AD1042DD5DB
:10720000224807F0CCFC1720A36A1A0503D52048B2
:1072100007F0C5FC18201B4CA36A9B0507D51D4829
:1072200007F0BDFCA16BA36A180419D41920154CF2
:10723000A36A590503D5184807F0B1FC1A20A36AC0
:10724000DA0517D5154807F0AAFC1B200D4A936AEA
:1072500043F47F43936200232B7070BD1620D3E765
:107260000F4807F09CFC002EE0D0A36A23F40043F3
:10727000A362DBE7A36A9B04E8D50A4807F08FFC0A
:107280001C20E3E700ED00E0735D01008A5D010072
:107290004C5E01009C5D0100CC5D0100E85D0100D9
:1072A000B65D0100B05E010010B5204C204807F02B
:1072B00076FCA26A910137D51E4807F070FC1E20AB
:1072C000A36ADA0103D51C4807F069FC1F20174C9C
:1072D000A26AD30203D5194807F061FC0220A36A11
:1072E0001C0303D5164807F05AFC21200F4CA26A54
:1072F000510303D5134807F052FC2220A36A9A03D6
:1073000003D5114807F04BFC2320084CA36ADB038C
:1073100003D50E4807F043FC2420A36A6FEA034319
:107320006FEA1343A36210BD1D20C9E700ED00E022
:10733000E05E0100F95E01000D5F0100285F0100C1
:10734000535F0100725F0100985F0100B35F0100AD
:107350002DE9F0415D4B8AB0D3F804800026C8F3D4
:10736000080786F31188BFF36F8F02F07F43B3F1F4
:107370007F4F06D102F00C03082B04D1544807F0CC
:107380000EFC354604E012074EBF0D4605460126A9
:107390000023F91E8DF807301C46092900F285806C
:1073A000DFE801F005797D76838383838381494813
:1073B000464F07F0F4FB8DF80740FC6A14F0020416
:1073C00003D0454807F0EBFB07E0FB6A002B01DA2E
:1073D0004248F7E7FB6A5B0001D4002329E04048FC
:1073E00007F0DDFB7B69AA6943F480737B61BFF31F
:1073F0004F8FBFF36F8F7B6932F8022C23F48073B9
:107400007B61BFF34F8FBFF36F8F4DF602739A42CC
:107410000AD0BB6A13F0FF0F2BD001200DF107013A
:10742000FFF784FE034604E029682E4807F0B7FB07
:107430002B689DF80720CAB902AC05F12007224647
:1074400028686968083503C2BD421446F7D1099A15
:10745000002E36D0C2F3080121B96FEA52226FEA3A
:107460004222099202A91846FFF72CFE0AB0BDE895
:10747000F081BB6A13F47F4F05D001200DF10701A5
:10748000FFF7B4FECEE7BB6A1B0C1B04002BA4D095
:10749000FFF70AFFC6E70DF107010020C0E70DF175
:1074A00007010020ECE710488CE7104B18F4F87F38
:1074B0000F49A7F1100218BF19460E4807F06FFBDD
:1074C0008BE722F4FF7222F00102CAE700ED00E030
:1074D0000D6001003960010051600100736001001E
:1074E00082600100A2600100BF600100F45F010042
:1074F000DF5F0100E4600100064B5A6942F01002B0
:107500005A615A6942F480625A615A6922F008024B
:107510005A61704700ED00E0EFF30880EFF3098156
:1075200001B57246FFF714FF01BD00BF002080F3D4
:107530001488BFF36F8F002080F30A8880F30B88D4
:107540000F4880F3088803F0D7FE00200D4908603B
:10755000BFF34F8F00F02AF8202080F311880A48EB
:107560004FF40061401880F30988EFF31480022182
:10757000084380F31488BFF36F8F00F0A7F8000072
:10758000F823002094ED00E0382500200023184661
:10759000054A1168C1F307218B4200D170479360FF
:1075A00010610133F8E700BF90ED00E010B572B64E
:1075B000002484F31388FFF7E9FF0E4A234611469F
:1075C0004FF0FF3403F120000133102B42F820402C
:1075D000F8D100234FF0FF3003F160020133102B8C
:1075E00041F82200F8D162B6BFF34F8FBFF36F8F1F
:1075F00010BD00BF00E100E01EF0040F0CBFEFF370
:107600000880EFF30980816911F8021C0229FFD07C
:1076100001B5724607F08EFC01BD00BF03B2002B1E
:1076200008DB012200F01F0002FA00F0024A5B09A9
:1076300042F82300704700BF00E100E003B2002BD6
:107640000DDB012200F01F0002FA00F05B09044A82
:10765000203342F82300BFF34F8FBFF36F8F704783
:1076600000E100E0054B420953F82220012300F01D
:107670001F0003FA00F01040704700BF00E100E077
:1076800003B2002B01F10101A8BF03F160434FEAEF
:107690004111B8BF054BC9B2ABBF03F5614300F060
:1076A0000F0083F800131954704700BF14ED00E079
:1076B000044B054A23F07F039360BFF34F8FBFF362
:1076C0006F8F70470068000000ED00E008B5FFF71D
:1076D000EFFF074AD2F8883023F47003C2F88830ED
:1076E000FFF7C8FCFFF7D2FC00F094F805F03CF976
:1076F00000ED00E042F8203C009B0B4942F81C3CA6
:10770000019B21F0010142F8183C029B42F8081C41
:1077100042F8143C4FF0807342F8043C0023203AB6
:107720000265C367704700BFB9EB000070B50C4B32
:107730000E4698601546C36E83F30B882C4686F37D
:1077400009880020034B984720460021002200238F
:10775000014C204761EF0000B9EB000070BD00BF95
:10776000581900201022014B1A61704700ED00E00B
:10777000054B5A699B689A421FBF044A536843F0FD
:1077800080535360704700BF5819002000ED00E09F
:10779000084B9B6883420BD1EFF3058343B1064B43
:1077A0005A6842F080525A605A6A22F400425A6281
:1077B00006F078B85819002000ED00E013498A68F7
:1077C0004FF030001044EFF3098C80E8F01F2020C8
:1077D00080F31288BFF36F8F0D4F4FF000664A6938
:1077E0008A603E60D06F0023D36780F3118802F176
:1077F000300090E8F01F8CF3098802F1000004B516
:1078000007F0A7FBBDE804407047000058190020AE
:1078100004ED00E0002320210448C2180133B3F531
:10782000917F82F80013F8D1704700BF00E100E0BB
:1078300008B5EFF30583064A103B02EBC30152F88B
:10784000330049688847BDE80840FFF791BF00BF93
:10785000D44C01001FB5094C094A234601210948AF
:1078600000F0ECF800230393074B0121E41A01A870
:107870000193029400F0ECF804B010BD00FC072066
:1078800000000020185801000808002010B50C7AEC
:107890000B6823F01F0204F01F031A43CB6864092E
:1078A00023F01F03044943EA440343F001038860C3
:1078B000CA600B6110BD00BF90ED00E010B5064B33
:1078C0001B68C3F30723013B984202D8FFF7DEFF92
:1078D00010BD6FF01500FBE790ED00E02DE9F04FD3
:1078E00088461446064600274A4D85B0474509DAC2
:1078F000D6F80490B9F1000F38D0B9F11F0F05D8B0
:107900006FF01504204605B0BDE8F08F19F01F0F89
:10791000F6D1D6F800A01AF01F0FF1D1504607F0AB
:1079200042FB834609EB0A00013807F03CFB834524
:10793000E6D11BF1160FE3D05C45E1DDC5F808B0D8
:10794000E968C5F808B02B6921F01F0143F01F0A50
:10795000D6E900321A44994202F1FF391BD1CA45D7
:1079600007D131465FFA8BF007F026FB01370C3662
:10797000BCE73146C5F808B0EB6822F01F0203F0FF
:107980001F031A43EA60E0B207F016FB10F1160F6E
:10799000B6D0441CEAE7013BCA45E0B223F01F031E
:1079A000C5F808B006D12A69314602F01F02134318
:1079B0002B61E9E7296901F01F010B432B61314677
:1079C00007F0FAFA10F1160F9AD0C5F808B0EA6875
:1079D0009DF808300AF1FF3A62F304038DF808308D
:1079E0002B699DF808205B0863F347128DF8082087
:1079F000D6E900321344009323F01F035344A3EB52
:107A00000903013023F01F036946C0B20393FFF757
:107A100055FFBBE790ED00E00522034B5A60BFF332
:107A20004F8FBFF36F8F704790ED00E0BFF35F8F14
:107A30000022014B5A60704790ED00E010B5034CF6
:107A40002278FFF74BFF207010BD00BF8C1900207B
:107A50002DE9F74F254C8A4680460027A1464FF076
:107A6000140B234D57451ADAD8F804300193002B34
:107A700036D0D8F800100846009107F094FADDE9F6
:107A8000001306465818013807F08DFA8642194A45
:107A900008D014235F436FF0150349F8073003B093
:107AA000BDE8F08F16F1160F2660F8D01378B342B8
:107AB000F5DD0BFB0793AE60AE60E868197B60F301
:107AC000040119732969187B490861F34710187379
:107AD000EB6823F01F0363602B6923F01F0323610E
:107AE0000137143408F10C08BCE700BF880E0020F1
:107AF00090ED00E08C1900202DE9F043564C574ED4
:107B000022683768C2F30722974287B000F2A1804B
:107B10000025FFF78BFF524B2363AF4218D1514D25
:107B200001A82F70FFF744FA002607464FF0060918
:107B3000DFF83481B74213D100212B782268C2F3D9
:107B400007229342C0F28180FFF766FF002067E0C2
:107B50007168284601EB0511FFF798FE0135DCE757
:107B6000DDF804C031010CEB0103DA6802EA080217
:107B7000B2F5800F3DD007D8B2F5801F1BD0B2F50B
:107B8000001F28D00136D5E7B2F1006F05D0B2F161
:107B9000805F48D0B2F1807FF4D158689B685CF870
:107BA0000120013B20F01F010B44CDE9020223F02C
:107BB0001F0361220CE058685CF801209B68CDE946
:107BC00002022122013B20F01F010B4423F01F037E
:107BD0008DF810201BE058689B685CF80120013B81
:107BE00020F01F010B44CDE9020223F01F034122C4
:107BF000EEE758685CF801209B6820F01F01013B0C
:107C0000CDE902020B4423F01F038DF8109002A966
:107C100028780593FFF752FE002812DA6FF015005E
:107C200007B0BDE8F08358689B685CF80120013B11
:107C300020F01F010B44CDE9020223F01F030122B3
:107C4000C6E72B7801332B709CE7A36021610133D9
:107C500074E74FF0FF30E3E790ED00E024580100B7
:107C6000AAFF44008C1900200000F0FF08B5024B69
:107C70001B689847002008BD9C0E0020034B044A57
:107C80001860937843F00203937070479C0E0020B5
:107C90001C02002008B50549054A21F00701521AC7
:107CA000044806F027FF002008BD00BFBF400020A9
:107CB00000FC0720A00E002070B541690546847ABB
:107CC0000B4E59B1437ADB0706D4242303FB04632C
:107CD000DB691B689B68984700236B6104EBC40455
:107CE000294606EB8400BDE870400CF075BA00BF71
:107CF000140700202422024B02FB0030704700BF13
:107D0000140700202421837A054A01FB03231A6A01
:107D10001B7D801A1B3323F00303B0FBF3F0704785
:107D20001407002038B52424837A064A04FB032371
:107D3000DB69D3E901540C60FFF7E4FF2B6804FB17
:107D4000003038BD140700202DE9FF4D0546684678
:107D5000039192469B460CF061FCDDE90067EFF36E
:107D60001188202383F31288BFF36F8F6B8A002B57
:107D700043D02A8A9A4227D900220023284605F0B8
:107D800055F8044600B388F31188BFF36F8F039B47
:107D9000002B42D032463B4668460CF063FC24215F
:107DA000A37A264A204601FB0323DB6903A91B684B
:107DB0001D68DDE90023A8470546606170BB2046C9
:107DC000FFF77AFF2C4624E06A8A531E6B8288F301
:107DD0001188BFF36F8F2C7D2B8A1B349B1A2A6A64
:107DE00024F0030403FB0424144B154AEB1A9B10E4
:107DF0005343A3722B7DE372C9E788F31188BFF365
:107E00006F8F52465B46284605F010F8044600285E
:107E1000BDD1204604B0BDE8F08D6361012300258B
:107E20002381039B65606382E27A294604F118008E
:107E30000CF0C9FC63692582E360EAE714070020BF
:107E4000398EE33870B524250C4C00B970BD037A27
:107E50004668002BFAD0013BDBB20372002BF5D150
:107E6000C3604360837A05FB03439B6913B1984762
:107E70003046EAE7FFF720FFFAE700BF14070020CB
:107E800008B5254A254B1A6002F0DEF94FF47A60F6
:107E9000234AD2F82416C1F30803C1F30941414330
:107EA00083F480731F48883300FB03134FF4FA20D8
:107EB0005B00B3FBF0F100FB1133B3F57A3F1346DF
:107EC0004FF47A60184A28BF0131C2F80419D3F878
:107ED0002016C1F30803C1F30941414342F21C508B
:107EE00083F4807303F2172300FB03134FF47A70BB
:107EF0001B0AB3FBF0F100FB11330020B3F5FA7F4E
:107F000028BF0131C2F81C171346C2F8000901222C
:107F1000C3F8002608BD00BF0020A107E40500202B
:107F200000C0FF00F82A00800000125048B1054B45
:107F30001A68054BB2FBF3F2044B504343F00103C4
:107F400018477047E405002040420F00F057010039
:107F5000BFF34F8F0549064BCA6802F4E062134332
:107F6000CB60BFF34F8F00BFFDE700BF00ED00E027
:107F70000400FA052DE9F04F0546087E91B030F077
:107F800080040E46904640F068846AB10846FFF7C8
:107F900059FF737ED80703D499070ED5337E63B992
:107FA000284607F054FA45E04B7E9A0709D5802809
:107FB00007D13046FFF746FF0024204611B0BDE848
:107FC000F08F9F0700F01684002840F01384D90733
:107FD00005F1280939D5338A082B0ED03046FFF732
:107FE00031FFEB8DA86923B195F82830DB0900F04B
:107FF0003884802108F0EBFED2E7F268314613683E
:10800000AB625368C9F8043007F006F8064600284A
:10801000E5D1484607F0D0FAEA8D68B1AAB13146F9
:10802000A86908F0BBFF0146002800F0128428462A
:1080300007F0BAFF0446C0E73AB11146284607F0F8
:10804000AEFF0646002800F0048406F0D0FF0024AE
:10805000046095F82870C7F3411333B1022B2FD871
:108060003146284607F0AFFA08E2484607F0A4FA7E
:1080700095F82930002800F05A81013B0A2B17D8C7
:10808000DFE813F0C1001600000116000B00160017
:1080900016001600670016009E00A8690369D3F851
:1080A00080206B8D7F2B03D8A98D09B9EC8D24B16D
:1080B00006F09DFF6FF0850377E117F01F0704D0EE
:1080C00006F095FF6FF0850358E095F8301002290F
:1080D00004D106F08CFF4FF0FF3366E1120727D57D
:1080E000D9B207F030FA044628B306F080FF0368DF
:1080F0001BB106F07CFF06F07AFF002C40F0C38332
:1081000006F075FF0368002B40F0B28306F06FFFA6
:108110000368002B7FF465AFEB8D002B40F03583B7
:10812000284607F07EF90446002C7FF45AAF37E763
:10813000012385F8393095F83030012B04D16C8D4E
:1081400014B985F83040D0E7012385F83030002499
:10815000CBE7284606F0BAFF6A8D0146FF2AA7D86A
:10816000EC8D002CA4D195F82830DF06A8D195F825
:1081700030402CB906F03BFF4FF0FF330360B4E70B
:1081800032B1D2B2284607F046FC04460028F1D0AE
:10819000698D95F838308B42D9D0C9B2284607F09E
:1081A00041FC04460028A0D16A8D0521002A14BF95
:1081B00002230123284685F8303007F096FF94E724
:1081C00007F01F04012C7FF473AFEF8D002F7FF4B5
:1081D0006FAF6A8DFF2A3FF66BAFA98DFF293FF67F
:1081E00067AF95F83030022B7FF473AFD2B2C9B2CB
:1081F000284607F055FE044602307FF476AF06F0BD
:10820000F6FE0460A3E7B5F82EA0BAF1000F7FF4E4
:108210004FAF95F83040002CACD0012CAB8D02D183
:10822000002B7FF456AF17F01F0418D0022C8ED10C
:108230006A8D002A8BD1DFB206F0D9FE394604469A
:10824000284607F022FF206006F0D1FE03680133C4
:1082500012D000223946284607F0D3F877E7002BE2
:1082600088D16A8D012A7FF472AF95F86C2063F390
:10827000C30285F86C206AE706F0B9FE0468002C9A
:10828000E7D032E7A98DB5F82EB05FFA81FABBF1DD
:10829000000F7FF40DAF6B8D022B12D107F01F077B
:1082A0005AEA07077FF404AF0122090AA86907F018
:1082B00063F9044600287FF4FBAE012385F83930CA
:1082C00013E795F83040002C3FF454AF012C02D155
:1082D00000297FF4FEAE17F01F0415D0022C7FF4A6
:1082E00036AF002B7FF433AF06F081FE51460446D3
:1082F000284607F0B6FE206006F079FE03680133D9
:108300000FD001225146A6E700297FF433AF012B9D
:108310007FF41DAF95F86C3043F0080385F86C309E
:1083200015E706F064FE0468002CEAD0DDE60A2BAF
:108330003FF6BEAE01A252F823F000BF69830000F1
:10834000B1800000B1800000B1800000B180000069
:10835000B1800000DB830000B1800000FF860000D8
:10836000B180000035870000EB8D022B7FF4A0AEBA
:1083700095F83040002C3FF4FDAE012CA98D02D1C0
:1083800000297FF4A6AE17F01F0410D0022C1AD0DB
:10839000002106F10C04204607F02BF8EB8D9842E3
:1083A00017D206F024FE6FF00B030360CFE600291E
:1083B0007FF4E0AE95F86C30990801F00201C3F348
:1083C00000131943E5E7C9B2284607F06DFE81B2F4
:1083D000DFE7204606F04DFEB9E66A8DF9064FEA62
:1083E0001223D2B27FF43CAE013B0E2B3FF660AEBF
:1083F00001A151F823F000BF358400007384000010
:1084000085840000B1800000B1800000AB850000D1
:1084100081840000B1800000B1800000B1800000C4
:10842000B1800000B1800000B1800000B180000088
:108430002586000006F10C07384606F0DAFF824672
:108440002846EC8D06F042FE20B101287FF430AEC4
:10845000696F00E0296F002900F09481544528BF1E
:1084600054460A783846A24228BF224606F0EFFD5D
:108470006DE600233146284606F0FCFF044634E64C
:108480000123F7E70321284606F002FF8246002871
:108490003FF40EAE06F0A7FFEF8D0446D8B9BAF848
:1084A00014309AF81410ADF82030DAF8103006F1D4
:1084B0000C0A1B885046ADF8223006F09AFF8F4216
:1084C0003A4628BF0A46824228BF0246504608A9BB
:1084D00006F0BDFD09E600249AF81530DAF8082008
:1084E000ADF80C408DF80D30BE4B1340BE4A9342A0
:1084F0004AD110210DEB010002F01CFA0028FFF612
:10850000DFAD08AB10289B4628BF1020B74904AA4E
:10851000A04203F1020327D8800002308DF80C003E
:1085200006F10C0A504606F064FF9DF80C4003A9C2
:10853000BC4228BF3C46844228BF0446022C274642
:1085400028BF02273A46E41B5F46504606F07FFDEF
:10855000630803EB0B0297421DD1E2077FF5F7ADED
:108560001BF803105046E2E012F801CB01344FEA49
:108570001C1E0CF00F0C11F80EE011F80CC003F8E3
:1085800002EC03F801CCC3E79AF81430DAF810B023
:108590008DF80C30C4E717F8011B5046CDE90032C6
:1085A00006F067FDDDE90032D5E7284606F08EFDCE
:1085B000D5E91C370024002818BF1F4640F20A6383
:1085C0002846CDF82240CDF82640ADF8203006F000
:1085D00082FD01287FF474AD002F00F0D3807B88EA
:1085E000ADF822303B798DF824307B798DF8253039
:1085F000BB798DF82630FB798DF827307B7C06F12E
:108600000C0738468DF8283006F0F3FEEA8D9DF809
:10861000203008A99A4228BF1A46824228BF024643
:10862000384655E7284606F051FD20B101287FF471
:108630003FAD6B6F00E02B6F002B00F0A3805B88D9
:10864000B3F5007F7FF634AD694B05F14C0B089311
:1086500000238DF82430EB6C9B4539D106F10C0AD0
:10866000504606F0C6FEBDF82240EB8D08A99C429C
:1086700028BF1C46844228BF0446052C274628BF35
:10868000052750463A4606F0E2FCE41B3FF45FAD96
:10869000EF6C5F453FF45BAD002F3FF458AD7B7D41
:1086A0000F2B0FD13A7D3969A24228BF224650468E
:1086B00006F0CDFC3B7DA34294BFE41A241B002CA2
:1086C0003FF445AD2B6D9F423FF441AD3F68E3E77A
:1086D000002BC3D0296D5A7D0F2A0AD11A7DBDF80F
:1086E00022000244ADF822209DF8242001328DF8AA
:1086F00024208B42B2D01B68002BECD1AEE795F85A
:108700003040002C3FF436ADEB8D012B7FF4D0AC24
:1087100006F10C07384606F06CFE044620B906F058
:1087200066FC6FF00B0329E5384695F8381006F023
:1087300098FC0CE507F01F04012C7FF4CAAC284616
:1087400007F057F9044600283FF414ADAF8DFF2F12
:108750003FF6AEAC43681B79BB42FFF4A9AC0F2FC8
:108760003FF6A6ACEB8D012B7FF4A2AC06F10C0A10
:10877000504606F03EFE04460028D0D02F4497F81D
:108780003A10EFE66FF01504AFE4484606F014FF28
:10879000044618B13046FFF755FBC1E43146284680
:1087A00007F002FC20B13046FFF74CFBA04618E46E
:1087B000A8690369D3F8801011F004017FF4F0ABCD
:1087C00008F000FC064608B980460AE4014628463F
:1087D00007F0EAFB044600283FF4E2AB3046FFF71F
:1087E00031FBA1E400FF0200000302000761010069
:1087F000050F05005B077FF5F4AB00283FF4D9AB0C
:1088000080287FF4EEAB3046FFF71CFB95F839303B
:10881000002B3FF4D2AB95F82930052B05D1698D9B
:10882000A869C9B206F08FFE804695F82930032B5F
:1088300009D16B8D022B06D1A98D0022090AA869E6
:1088400006F09AFE80460023444685F83930FFF74B
:10885000B4BB6FF00B08FFF7C4BB6FF00404FFF765
:10886000ACBB18F10C0F14BF80210021FFF7C2BB75
:10887000002E3FF44BAC3046FFF7E4FA002C3FF4F7
:1088800045ACFFF79ABB002EF5D1FFF796BB00BFB2
:108890000B7810B4062B14D10369D3F89C20EFF3A6
:1088A0001184202383F31288BFF36F8F00204B685D
:1088B0001860506A58B9C2E9083384F31188BFF3CD
:1088C0006F8F00220023034810BC0BF0E4BB036051
:1088D0005362F2E7E006002010B588B000220023C2
:1088E0000024CDE906236FF00703CDE90144CDE96B
:1088F00003340094164B4FF480621649164804F076
:108900003FFD164914480BF005FD154B15498B42E8
:1089100007D30020144B15498B420DD3002008B01B
:1089200010BD03F11402D2E8EF0FC2E8EC4FBCF126
:10893000000FF8D11833EAE703F11402D2E8EF4F41
:10894000C2E8EC0FBCF1000FF8D11833E4E700BF28
:1089500071890000F8190020080800201861010042
:10896000D8070020F0070020F007002008080020AA
:108970002DE9F0432027DFF8908185B04FF0FF33D9
:108980004FF0FF3201A9404604F020F9039B1B6918
:10899000D3F89C40236A93B1EFF3118287F31288D6
:1089A000BFF36F8F216A29B1606A0B68814223622D
:1089B00008BF636282F31188BFF36F8FC1B99DF85E
:1089C0000430062BDAD0072BD8D801A252F823F0B6
:1089D000238A0000178A00004B8A0000298A0000C1
:1089E0007F8A00006D8A00007D890000038B0000F3
:1089F0000B7ED1F81E205D06204609D1FFF7BAFA9A
:108A00000028C7D002460721204607F06EFBC1E7C9
:108A100007F01BF9F4E700220121204607F065FB6F
:108A2000ACE700221146F8E794F86C3043F00403F9
:108A300084F86C3094F83030022B03D101A9204621
:108A400006F029FE00220321E7E794F86C306FF36B
:108A5000820384F86C3094F83030022B03D101A9E2
:108A6000204606F018FE00220221D6E794F83030A6
:108A7000022B83D101A9204606F00DFE7EE794F873
:108A80006C30A6696FF3820384F86C30D6F80890D6
:108A90003369A033D3E8AF3F9A072FD5D9F83C30DC
:108AA00030469847D9F8243000213046984705468B
:108AB000D9F8403030469847ADB92946204606F0EF
:108AC000B1FF054678B9A06908F09BFA831E5842A9
:108AD000584194F86C3084F8305060F3461365F3D5
:108AE000C30384F86C3000220421204607F0FDFA0D
:108AF000002D3FF443AF2A4607218EE74FF0FF35A4
:108B0000F1E7029A062188E7E006002038B5024620
:108B100005460949806908F0D1FA044648B985F844
:108B20003800284606F01BFF044610B1A86908F07B
:108B3000F0FA204638BD00BF9188000070B50546A8
:108B400081B101290BD10E4C0E4E16E06368284608
:108B50001968FEF7D3F818B11834B442F6D30024DC
:108B6000204670BD084C094EF7E76368284619682F
:108B7000FEF7C4F80028F3D01834B442F5D3EEE77A
:108B8000F007002008080020D8070020F007002088
:108B900030B585B06C46054684E806000023002207
:108BA00003A9144803F078FF0246E8B994E80300EB
:108BB000039B5D60083383E80300EFF311802023FB
:108BC00083F31288BFF36F8F039B1A600A4A5168C0
:108BD00061B9C2E9003380F31188BFF36F8F0022BF
:108BE0000023064804F064FB05B030BD0B60536001
:108BF000F1E700BFB0060020AC0E0020000000200E
:108C000070B50646EFF31181202383F31288BFF37A
:108C10006F8F1B4C226881F31188BFF36F8F5268EE
:108C200092F86C20D20705D4BDE8704020220023C2
:108C300004F072BBEFF3118283F31288BFF36F8FDE
:108C400025682DB161682B688D42236008BF636081
:108C500082F31188BFF36F8F45B1686805F1080191
:108C6000C3699847294607480BF0C5F9236833B113
:108C70003046BDE870400022002304F019BB70BDEF
:108C8000AC0E0020B006002010B5002204460023E0
:108C9000024806F0B9F900B1047610BD14070020AF
:108CA00073B5202504698DF80710EFF3118685F35D
:108CB0001288BFF36F8F01220DF10701E06B06F000
:108CC000F4F886F31188BFF36F8F01280ED00BF0F4
:108CD0001BFB08B9A37E8BB901220B4BD3E8EF1F16
:108CE000002903D1C3E8E02F0028F7D12022002378
:108CF00004F1480004F0DCFA02B070BD002120202D
:108D00000BF0A3FBD1E700BFB40E002038B5002460
:108D100005690E49EB6B05F14800C3E90144DC60CD
:108D20006B6BC3E90144DC600BF0E3FA05F17800FA
:108D300007490BF0B3FA074905F124000BF0AEFA2E
:108D4000284607F0F7F9204638BD00BF2F0801007C
:108D5000BF060100CD02010007B501238DF8070011
:108D60000DF107020021034807F005FE03B05DF88E
:108D700004FB00BF9C4C0100F8B51446866805460C
:108D8000F36B0F4698472146002200230548FEF763
:108D9000DBFF044600B107762846336C984720462F
:108DA000F8BD00BF38070020436800201A69D2F8D8
:108DB000003E43F00203C2F8003E0122014B5A601C
:108DC000704700BF00A00550436800201A69D2F820
:108DD000003E23F00203C2F8003E0122014B1A605C
:108DE000704700BF00A00550024B5B6903B11847F4
:108DF000184670475C040020024B1B6903B11847FA
:108E0000184670475C040020014809F070BE00BF9E
:108E10002C4C0100F8B5064642F2117543681C69F6
:108E20002369002B14DA012342F21175114F2361DB
:108E3000013D12D0012008F0FCF9FB6983B92369D8
:108E4000DA0712D42369002023F00103236106E02E
:108E5000012008F0EEF9013DE2D16FF00400F8BD09
:108E6000304698470028EAD0F7E723699B00DFD512
:108E7000E8E700BF5C0400202DE9F04F436891F85B
:108E800019801B69B1F81AA085B083460F7E00696E
:108E900008F003080193B8F1010F4FEAEA23D0F874
:108EA000A49007F07F07029303F0030600F086808A
:108EB000A8F1030463426341B8F1010F148A06D19B
:108EC000CAF30A0006FB0000844228BF0446584645
:108ED000039308F050F9039BD8B10198CAF30A0C28
:108EE00000EB4710D0F818590CF10300ADB2AD00FB
:108EF00020F00300B5FBF0FE00FB1E500EFB0C0C37
:108F0000644503D9701C704500F2D280644528BFC7
:108F10006446002C57D0002F52D0D9E9A950AC425A
:108F2000CAF30A0A07D9029C04F0030404FB0AA44A
:108F3000B5FBF4F56C430AF1FF352544B5FBFAF5B2
:108F4000854205D9751CB0FBF5F045430AFB05F4D5
:108F500009EB8700C0F8AC42EFF3118A202080F3C0
:108F60001288BFF36F8F83B30136760706F0C046D1
:108F70005148C4F3120C00EAC54040EA0C00019BC2
:108F800030437E0103EB060CCCF81009584608F07C
:108F9000FCF800B3D368980707D1488B10F0030F93
:108FA00015D0C0F30A00844211D98AF31188BFF3A7
:108FB0006F8F6FF0850005B0BDE8F08F43467BE70B
:108FC00003207F25ABE70125C2E71E46D0E70198C5
:108FD0000644C6F81439019B03EB4716D6F800097E
:108FE000030406D48AF31188BFF36F8F6FF001007A
:108FF000E1E7B8F1010F08D1B9F860C31CF0010F27
:1090000014BF40F0805040F0005091F818C0BCF1FF
:10901000800F0CBF40F0004040F00440C6F800094B
:10902000584608F0A8F858B9012109F19400B94050
:1090300008F00DF98AF31188BFF36F8F0020BAE7AB
:10904000019BD2F80CE07A1C03EB0233002DEBD02D
:109050004A8BF446C2F30A02A24228BF22460026E7
:10906000964203D3013D9644A41AEFE706F10108A6
:1090700090459CF8000038BF9CF801800CF1040C6E
:1090800038BF40EA082006F1020890453CBF1CF8B2
:10909000028C40EA084006F10308904538BF1CF8EE
:1090A000018C06F1040638BF40EA08601860D7E773
:1090B0006FF00A007FE700BF0000F81F38B50C4DC5
:1090C0000246AB68DB6B83B10A49284698470446E1
:1090D00048B9284609F0DBFC044620B9022001F01B
:1090E000E9F9054B1860204638BD6FF05704FAE7E0
:1090F0002C4C010081910000E01600204FF000424E
:109100000C4B10B5C3F85C244FF04042C3F8582410
:109110000022C3F80024084B08491C68204605F0CB
:109120003DFE10F1780F02D1204605F013FE00EA53
:10913000E07010BD00A00550E0160020D016002001
:1091400013B50E4B04461B6823B963685C6934B9D8
:10915000204602E098470028F7D002B010BD01AACF
:109160000021204609F06BFC0028F6DB019B2268F9
:109170001979186801F096FDEFE700BF5C04002044
:1091800070B50E780C46154646B901210B4808F01B
:1091900052F832463146284607F0BDFC2478012CAF
:1091A0000BD10021224605480BF0ECFA2146284657
:1091B000BDE87040002207F0AEBC70BD080700207B
:1091C00030B5036989B00446D3F8A45000220023C7
:1091D000CDE906236FF007030122CDE90332002316
:1091E0000090CDE901334FF40072064B0649284642
:1091F00004F0C6F82168284609B0BDE830400BF0FD
:1092000089B800BFFD9D0000F81D0020F7B50022C1
:1092100000230121CDE900231D480BF0B9FA0246D5
:1092200068B1002601251B491B4B4E60CE608D6046
:10923000186805F047FD002810DA03B0F0BD4FF0C4
:10924000FF304FF0FF31CDE90001012110480BF054
:109250009FFA0028E5D16FF07300EEE74FF000476A
:109260004FF040430D4C2D20C4F80054C4F85C74FA
:10927000C4F858340323C4F8003407F0DAFF284652
:10928000256007F0D6FFC4F858743046D5E700BF14
:1092900008070020D0160020E016002000A005508E
:1092A00007B5002200230121CDE9002304480BF07B
:1092B0006FFAB0FA80F0400903B05DF804FB00BF1C
:1092C000080700202DE9F04F436887B002921C691F
:1092D000704A03698046D3F8A470536A89460392A2
:1092E00003B19847A36D012023F02003A36507F085
:1092F000A0FFA36D012023F01003A36507F099FFE1
:10930000A36D012043F00403A36507F092FFA36D52
:1093100023F00803A365B9F1000F07D097F8623373
:1093200059074CBF0120322007F083FFA36D0120B5
:1093300043F01003A36507F07CFFA36D029A23F0AE
:109340000103A365D8F804301D69D8F81030D3F8AC
:10935000A4B0DBF89C62DBF8C43026F47F566B6562
:1093600026F03F06DBF8C03016F0C05F08BF46F4B9
:1093700000362B63C5F8006EDBF8AC3043F0010318
:10938000AB604FF0FF336B614FF48033AB61DBF8C0
:10939000B030EB60DBF80831C5F800380AB1C5F829
:1093A0000038B9F1000F01D146F402760120C5F86A
:1093B000006E07F03EFF0DF1100A46F40053C5F8A9
:1093C000003E40F63542002350460BF027F9DDE918
:1093D0000423CDE900236B69DA030CD4039BDB691A
:1093E000002B4AD1DDE9002350460BF03BF9DDE9C3
:1093F00004231343EFD19BF862331B0704D5C5F850
:10940000006E012007F015FF029B13B94FF0FF33E8
:109410006B61A36D012023F00403A36507F009FF2E
:10942000B9F1000F05D1D4F8003E23F00803C4F8C9
:10943000003ED7F8B030E360D7F80831C4F8003800
:10944000D7F80C31C4F80438A36D23F00203A365E8
:10945000B9F1000F16D1052007F0EBFED4F804385F
:1094600043F40063C4F80438012007F0F2FE4FF023
:10947000FF33636107B0BDE8F08F4046984700288E
:10948000B0D0B8E7012007F0D4FED7F80C3143F094
:109490000103E7E75C0400202DE9F04704460021C2
:1094A000D0F8049007F0FEFA23698046D3F8A46050
:1094B0006368002120461F6907F04EFC20B16FF061
:1094C00004052846BDE8F0878021204607F044FCCB
:1094D00005460028F3D1D9F82430204698472021AA
:1094E00006F1880007F0B3FE96F86233DB060CD570
:1094F000012229462046FFF7E5FE96F86233A6F8DA
:109500003A5365F3041386F86233BB68204623F0B0
:109510000103BB60D7F8043843F00203C7F80438EE
:10952000FFF778FC404607F0E5FA38B9054BDB68F1
:10953000002BC6D02046BDE8F0471847FEF782FC56
:10954000F0E700BF5C0400202DE9F84F8846097E53
:10955000436811F07F0782461A6948B235D1002866
:10956000ACBF02F5306502F51065B8F81A002B683B
:10957000102823F003031DD004D8082817D06FF05B
:109580001500CBE0202818D04028F8D143F400443F
:10959000B1B9102313611369D906FCD42C600122E0
:1095A00098F81810504607F0A6FE0020B6E043F0E9
:1095B0000303EBE743F00203E8E743F00103E5E7C9
:1095C0000021504607F0E9FDE8E7DAF810300028FE
:1095D000D3F8A4601ADB07F1580902EB4919D9F84E
:1095E0000030784CB8F81A501C4098F81930C5F380
:1095F0000A0103F00303022B44EA01040FD0032BFA
:109600003ED0012BBBD144F480240CE096F86633A5
:1096100013B1013B9F42B2D807F14809DDE744F09E
:10962000805444F40024002880F2A280002900F035
:109630009F8003315046890807F0A7FDC5F3C12577
:1096400024F07074013510B1022D28BF022596F860
:1096500062334D43DB0740F1AA800122B6F838138C
:1096600002FA07F35B420B420FD1012F35D1B6F856
:109670004023B6F83E33202A94BF9B18203338E0AD
:1096800044F0805444F44024CDE796F866B30BF1DF
:10969000FF3B5FFA8BFB5FFA8BF1BBF1000FE4D06D
:1096A00041F08001504607F0FDF9037D012213F0DF
:1096B000010FB6F8383306D023FA0BF3D807D4D409
:1096C0000BF1FF3BE7E723FA0BF1C90742BF02FAB0
:1096D0000BF18B43A6F83833F2E7DAF804301A6955
:1096E00002EB8702D2F8FC10D2F8FC309BB203EBFD
:1096F0001143B6F83823FA40D20714D5DAF804201B
:10970000126902EB8702D2F80011D2F8002189B267
:1097100099424FEA124203D06FF00B00BDE8F88F78
:10972000AA42F9D3154607F5D07236F81220AA429C
:10973000F2D3B6F83C135A198A42EDD8DAF804206D
:109740009BB2126943EA054507F13F0302EB83032D
:109750005D60BB0503F070731C430123B6F838232A
:10976000BB401343A6F838333946504607F015FD81
:1097700044F40044012298F81810504607F0BBFD4D
:10978000C9F8004098F8193003F00303012B7FF467
:109790000CAF98F91820002AACBF10220022174401
:1097A000BB40D6F82C733B43C6F82C33FDE602EBE6
:1097B0008702D2F80031D2F80021B5EB134FC8D997
:1097C000AAE700BF00F8F3FF2DE9F74F0669074647
:1097D0004468D6F8A45006F184000AF063FC05F151
:1097E00088000AF0C3FF05F1A00007F09BFD05F11A
:1097F000A40007F097FD05F1940840460AF0B6FF73
:109800004FF0FF3140460AF0B9FF0023C5F834336A
:10981000C5F82C3396F8803023F06A0343F06A03CE
:1098200086F88030754B9B690BB1384698474FF0EE
:10983000000A96F8803040F2FF3B13F0010F18BF8A
:109840004FF4806B55464FF003094022236B019380
:10985000E36AC3F3832303F101084FEA450CA06ACE
:1098600009FA0CF1014021FA0CF131F0020340F049
:109870009780E0684FEA4A1100EB010C9CF8120057
:10988000002D6AD140F001008CF81200E068084415
:109890000282E068084490F812C04CF0400C80F856
:1098A00012C0E06808440576E0680144384607F0D5
:1098B0000BF900284ED161680AF1010A51454FF0B9
:1098C00040026DD80025019BAA46C3F3836940225C
:1098D000032309F101094FEA450CA06A03FA0CF1D0
:1098E000014021FA0CF1012900F28280A0684FEAC0
:1098F0004A1100EB010C9CF81200002D55D140F0EC
:1099000001008CF81200A06808440282A068084494
:1099100090F812C04CF0200C80F812C0A06865F0DE
:109920007F0C084480F818C0A0680144384607F04E
:10993000CBF878B921680AF1010A494528BF4946A0
:1099400051454FF003034FF0400251D83846E369C8
:109950009847002003B0BDE8F08F40F004008CF879
:109960001200E068084490F812C04CF0020C80F835
:1099700012C0E068084490F812C04CF0080C80F85F
:1099800012C0E06896F880C0084490F812E06CF3CA
:10999000041E80F812E0E0680844A0F810B078E7F0
:1099A0000135A8453FF659AF8CE740F004008CF82C
:1099B0001200A068084490F812C04CF0020C80F825
:1099C00012C0A068084490F812C04CF0080C80F84F
:1099D00012C0A06896F880C0084490F812E06CF3BA
:1099E000041E80F812E0A0680844A0F810B08DE7CB
:1099F0000135A8453FF66FAFA8E700BF5C04002023
:109A00002DE9F04FA64AD0F804A0536885B0064669
:109A1000DAF8109090466BB933693046D3F8A44019
:109A200073681D69FFF7F6F9074640B1384605B07F
:109A3000BDE8F08F984707460028F7D1ECE72B6C7C
:109A4000984A93428CBF0023012394F8622363F366
:109A5000C30284F862236B6CC4F8A032D5F848B016
:109A6000EA6C2F6D0392BB0140F117814FF08043E8
:109A70001920EB6007F0EDFBCBF3C103981E94F8BF
:109A800062134342434163F341011BF4002F84F806
:109A9000621318BFCBB24FF001011CBF43F00103AA
:109AA00084F86233C7F3801384F86433CBF38323E1
:109AB0000133039A84F86533C7F38363013384F871
:109AC0006633130CA4F83C33C2F30213043301FAD7
:109AD00003F3013BC4F8A83202F00F030B339940A3
:109AE0000139C4F8A412110548BF94F86233CBF3CE
:109AF000811144BF43F0040384F8623394F8622375
:109B0000AB6892074CBF43F0200323F02003AB6007
:109B1000D5F80038012923F4000323F0030368D0AB
:109B200000295DD00121604A17F4404F18BF42F070
:109B30000802EA600020C5F80038022303274FF02E
:109B4000006CC5F8043884F8670394F86523C3B241
:109B50009A4251D8AB6A94F866C31B0CA4F8403300
:109B6000002304F24237581CC2B2944565D894F8D9
:109B700062336A6ADB07A4F83E2324D51920EB6D13
:109B800092B29BB258436423B0FBF3F0002914BF98
:109B90004FF445738F23824228BF024694F867131F
:109BA00003EB4103934228BF1346A4F83E336B6294
:109BB000B4F84033202B28BF20231A46B4F83E3394
:109BC00043EA0243AB620022402300921146304632
:109BD00007F068F8024600283AD06FF0040725E73E
:109BE0001BF4407F314A43F0030308BF4FF080422B
:109BF0009AE74FF0804297E74FEA430ED4F8A0224D
:109C000007FA0EFB0BEA020222FA0EF232F002020F
:109C100011D1726803F07F03126910F0800F0CBF3E
:109C20005833483302EB4313C3F800C094F867334A
:109C3000013384F86733013087E772684033126973
:109C400002EB83035B681B0C27F8023B03468AE7A1
:109C5000009040238021304607F024F80746002872
:109C6000BBD1134B3046AB61D9F8083043F0010348
:109C7000C9F80830DAF820309847D9F8043823F0CA
:109C80000203C9F80438D8F80830002B3FF4CEAEF0
:109C9000304605B0BDE8F04F18476FF08507C5E6C0
:109CA0005C0400200950544F100000404000004068
:109CB00080380C802DE9F04F4368558BD3F810B0F5
:109CC000036992F81890D3F8A480EB1219F07F077B
:109CD00085B003F0030402940BEB47140394019343
:109CE00012BFD8E9A9EC4FF07F0E4FF0010CD4F869
:109CF000004BB9F1000F68D14E7E16F0060F64D10B
:109D000044F000440E8AB1F812A04B69AAEB060A8F
:109D1000CE68C5F30A05F61AAAEB060692F819A052
:109D20000AF0030ABAF1010F52D1019B03F00303B9
:109D300003FB055A029BB24503F1010359D8B8F859
:109D40006063F6074CBF44F0805444F00054634510
:109D500007D9029B0133BCFBF3FC03FB0CF305FBAF
:109D600003FA254DCAF3120C05EAC34343EA0C0378
:109D7000B9F1000F01D143F0C04308EB8705C5F8E6
:109D8000EC327D010BEB0506C6F8103B07F0FDF940
:109D900070B1088ACB68034498072AD1528B910787
:109DA00003D0C2F30A02924523D8AB44CBF8143B4C
:109DB0000121039B1037B94008F19400C3F8004B10
:109DC00005B0BDE8F04F07F042BA44F0044499E70B
:109DD000764508D9019B03F0030606FB0556BEFB3A
:109DE000F6FE06FB0EF66B1E3344B3FBF5F3B246EC
:109DF000ADE705B0BDE8F08F0000F81F2DE99F48E2
:109E00000446D4F804A04FF0FF38DAF810304FF0D1
:109E1000FF3903932369D3F8A4B00BF1880500221E
:109E2000CDE900894FF0FF3128460AF0B1FC074622
:109E30002069843042464B4602F02CFFB90700F1FE
:109E4000D4803A0711D50821284607F000FA9BF87C
:109E50006233D80600F1F9800BF1A40007F062FA32
:109E60008046B8F1000F40F0F3807E0724D504212E
:109E7000284607F0ECF9236980212046D3F8A46036
:109E800006F010FE96F8633301466FF3000386F880
:109E900063330022204607F0B5FB06F1A403D3E8A4
:109EA000EF2F22F00112C3E8E12F0029F7D106F5C8
:109EB0005A71204606F053FEF90616D53021284681
:109EC00007F0C5F99BF8626316F0100600F01A81DE
:109ED000DAF824302046984720460022012107F076
:109EE000BBFADAF8203020469847BA0640F176816E
:109EF000DAF82430204698472021284607F0A7F9B1
:109F0000830640F1678163681E692369D3F8A480E2
:109F1000336898F86603C8F8A830B36808F1CC0134
:109F2000C8F8AC30F368C8F8B030B369C8F8B430DA
:109F3000736AC8F8B830B36AC8F8BC30336BC8F875
:109F4000C030736DC8F8C430F36DC8F8C830002352
:109F50005A1C5FFA82FC8445C0F0F180D6F80038C4
:109F60004FF0030CC8F80831D6F80438D8F8A0929E
:109F7000C8F80C31D6F8103808F58E72C8F81031D0
:109F8000D6F81438C8F81431D6F81C38C8F8183187
:109F9000002358000CFA00F101EA0901C14001292F
:109FA00000F2D58003F148004001305810F4803FA2
:109FB00014BF40F0005040F08050106006EB43109A
:109FC000D0F810E9C2F840E0D0F81409C2F88000D7
:109FD000002940F0BF8003F1580149017158C803BE
:109FE00000F1208141F080511EE10221284607F056
:109FF0002EF99BF86233DB0625D40BF1A00007F0A5
:10A0000091F90646002E3FF41CAF96FAA6F3B3FA78
:10A0100083F301220F2BD9B288BF103902FA03F261
:10A020008CBFC9B241F08001204626EA020606F044
:10A0300039FD804606F03FFD0028E3D14146204629
:10A0400007F04AFCDEE70026DCE74FF0000808E7EF
:10A0500098FAA8F3B3FA83F301225FFA83F90F2B7E
:10A0600086BFA9F110095FFA89F949F080099A4081
:10A070004946204628EA020806F014FD19F0800F30
:10A08000064634D006F03AFD814680B96FF068028A
:10A090000721204606F03FFD304606F00CFD002863
:10A0A0007FF4DFAE3146204607F016FCD9E6038A7E
:10A0B0002BB14A4631462046FEF7DEFEECE7337E02
:10A0C000802B06D106F01EFD18B1484606F01EFD95
:10A0D000EFE7304606F00EFD81463046002106F0DF
:10A0E000EEFC00224946204606F021FDD4E706F0AA
:10A0F00001FD81460028CFD0204607F046F8002811
:10A10000EBD0EAE7039B039AD3F80438314643F0D7
:10A110000103C2F80438204606F0ADFC32460221A5
:10A12000204606F0F8FC022007F093F8039B039A00
:10A13000D3F8043823F00103C2F80438D5E64033DD
:10A1400006EB83035B6841F8043B134600E70229F2
:10A150003FF441AF0133102B02F104027FF419AF39
:10A16000D6F8003E0120C8F89C32B36D43F00203DC
:10A17000B36507F05EF8D6F8003E012043F0010316
:10A18000C6F8003E07F055F8B36D012043F0010317
:10A19000B36507F04EF8B36D012043F4822343F416
:10A1A000A063B36507F045F8B36D012043F00803E1
:10A1B000B36507F03EF8B36D43F02003B365214B60
:10A1C0001B6A0BB12046984798F8623343F010039E
:10A1D00088F86233DAF820302046984717F0C00F2D
:10A1E00015D0DAF8243020469847C021284607F0D9
:10A1F0002EF89BF86233DA0605D5C0F380120021F1
:10A20000204607F029F9DAF8203020469847FB0766
:10A2100003D50121284607F01AF82069843002F09E
:10A22000B1FDEEE541F00051C2F8C01006EB43115C
:10A23000D1F8100BC2F80001D1F8141BC2F840117C
:10A2400088E700BF5C0400200122024BC3F804240D
:10A25000704700BF002008E0084B70B5C31A0D46D8
:10A2600007499B10044659434022064807F011FF56
:10A270002B4601462046BDE870401847F4160020E2
:10A28000B76DDBB6DC4A010010B5EFF31184202373
:10A2900083F31288BFF36F8F074A136823F002011C
:10A2A000DB07116002D4012009F0D6FA84F311888B
:10A2B000BFF36F8F10BD00BF6C1700202DE9F8436E
:10A2C0000022012107464FF48770FDF7D9F91048A5
:10A2D00001F09EF80446C0B901F0C4F84FF01C0824
:10A2E0000C26DFF830903D69494608FB045004F025
:10A2F000D6FC002807DB012306FB04551C44032C75
:10A30000EB65F0D10020BDE8F8836FF00400FAE7B8
:10A31000DDA30000445901000C23104A014603FB51
:10A320000023002030B4D3E915525865EFF31180B3
:10A33000202484F31288BFF36F8FDC6D04F0C00417
:10A3400044F00204DC6580F31188BFF36F8F1DB108
:10A350002B4630BC0248184730BC7047F41600202A
:10A36000DC4A010010B4EFF31180202282F312883E
:10A37000BFF36F8F16490B6843F0020413F001031B
:10A380000C6017D0134BD3F80C3413F4803311D076
:10A39000EFF3118182F31288BFF36F8F0E4AD36DF2
:10A3A00003F0C00343F00203D36581F31188BFF3C8
:10A3B0006F8F012380F31188BFF36F8F1BB10020D3
:10A3C00010BCFFF7A9BF012010BC09F039BA00BFCB
:10A3D0006C17002000E01050F4160020042805D06F
:10A3E00007280AD002280AD1012004E0044BD86DC6
:10A3F00010F0070003D1FFF78FBF0220FBE7704783
:10A40000F41600201FB500220123CDE902236B467C
:10A41000084ACDF800D0CDF804D007F07BFE002824
:10A4200005DB43F609520023684602F067FD05B0DC
:10A430005DF804FB072101001A4AF0B4831A0D46A7
:10A440009910194B4B43DBB2EFF31186202181F3B6
:10A450001288BFF36F8F0C2404FB0324E16D01F01D
:10A460000707012F12D14021E165002186F31188F1
:10A47000BFF36F8F99B90C2101FB03220B49C2E98D
:10A4800015150B4AF0BC52F83330184701F0C001E3
:10A49000402914BF4FF0FF316FF07701E6E72B46FC
:10A4A000F0BC1847F4160020B76DDBB6E9200100B8
:10A4B0002C5901001C22024BC0B200FB0230704735
:10A4C000F41600202DE9F843012206463549D1E86B
:10A4D000EF3FC1E8E02F0028F9D133B932493348C2
:10A4E0004B60CB608A6004F0EDFB731E012B2BD810
:10A4F000012E06D12E4BD3F8503403F00303012B69
:10A5000022D009F001FF18B92A4B1B78002B42D149
:10A51000EFF31189202383F31288BFF36F8F012497
:10A52000234D254FA846D5F84C24D5F84C34D203FA
:10A530000CD503F00303012B01D0012E06D134B357
:10A5400089F31188BFF36F8FBDE8F883D4B1484613
:10A5500004F01AFDD5F8403413F0FF03E3D13A6854
:10A56000002AE0D03B603B684FF480410123134A4E
:10A57000C5F84034C2F8A01102F1E242A2F1F01293
:10A580001360D0E70021202009F05FFFE2E70423F9
:10A59000C8F80433D8E70422054B0446C3F808235F
:10A5A0008146BDE770170020E41600201017002038
:10A5B00000E01050F319002008E1105000E100E025
:10A5C00008B5074809F078FC38B10648FDF756FB96
:10A5D0000448FCF7DDFB002008BD6FF01200FBE72C
:10A5E0004C4B0100E9A500000A2838B50446074D88
:10A5F00004D1AB680D215B6828469847AB68E1B28F
:10A600005B6802489847204638BD00BF4C4B0100AC
:10A610004309022B70B503D0012B16D0BBB170BD1E
:10A620000C4C236959680029F9D0012600F01F005D
:10A630000D6886408A68324002D04B6820469847B1
:10A64000002DECD029462D68F4E7034CE9E7034CD4
:10A65000E7E700BF144B0100F84A0100304B01004E
:10A660002DE9F04340F20635D0F80480D00648BF0B
:10A67000032698F8103002EA050558BFC2F34016C9
:10A6800087B001F01F07B5F5807F144647EA4317EE
:10A690008DF8036048D007D8022D16D0062D45D07E
:10A6A0009DB16FF015063BE0B5F5007F40D004D8B2
:10A6B000B5F5837FF5D1092507E040F202229542E6
:10A6C00038D0B5F5407FECD105250123220303FAEC
:10A6D00001F131D5D8F804305960D8F8080088BBAA
:10A6E00007F01F027F09032F79D83F4B84F4803194
:10A6F00053F82730C1F3004103EB8202D2F88030D7
:10A70000C4F3404423F4706344EA410423F00F038C
:10A710001C4344EA860444EA0524C2F8804000262B
:10A72000304607B0BDE8F0830125CEE70825CCE729
:10A730000425CAE70625C8E7630344BFD8F80430F8
:10A740009960CAE70DF10202394609F065FA14F47E
:10A75000403F06460DD13946D8F8080009F075FA91
:10A76000002EDCD19DF80210D8F8080001F088F91D
:10A77000D6E74FF0000901ABCDE90199CDE90439E5
:10A78000CDF80C9003AA3946D8F8080009F08BF9E7
:10A790004845C4DB14F4003315D09DF8033084F42D
:10A7A0008034C4F300448DF80E308DF80C508DF8D1
:10A7B0000D404B4603AA3946D8F8080001F0A4F82A
:10A7C0000028CDDAABE7CDE904330DF103030393A1
:10A7D00003AA3946D8F8080009F065F9F0E72032F5
:10A7E00050F82230FFDE00BF5059010038B54568EF
:10A7F000A86810B90024204638BD09F020FA0146A7
:10A800000028F7D1A86801F0FDF8044680B9024697
:10A810000949A86809F0FDF922460121DB20FCF76F
:10A820002FFF2246012140F20D10FCF729FFE2E73D
:10A830006FF00404DFE700BF11A6000070B54568A3
:10A8400001F01F06287C86B046EA4016A86800285A
:10A8500068D0B2F5001F4FF0000404D1314609F072
:10A8600040FA00204FE001A8B2F5800F0194446047
:10A8700038D1B3F1007F0CBF042305238DF80430D9
:10A880000023CDE904030393EB680DF1030423FADD
:10A8900001F111F0010138D1B2F1A07F35D1720977
:10A8A00006F01F03032A03F120033ED8204951F884
:10A8B000222052F82330DB0727D422463146A868ED
:10A8C00009F0AAF9163018D0029403AA3146A868F4
:10A8D00009F0E9F8002816DB01223146A86809F0E2
:10A8E000B6F9BEE7B3F1C06F05D0B3F1007F0CBF7E
:10A8F00002230123C2E70323C0E72146A86801F031
:10A90000C9F80028E0DA06B070BD22463146A868D2
:10A9100009F082F90028D8D19DF80310A86801F049
:10A92000AFF8D2E76FF08500EDE751F82330FFDE96
:10A9300050590100082913B528BF08210C46084AC0
:10A94000D2F80433D2F808231BBA12BA00920A468E
:10A950006946019309F029FF204602B010BD00BFEF
:10A9600000C0FF0070B50D46036804461B684068D0
:10A970009847012D0DD108F026FF0646054D2368A6
:10A9800060685B68984720B908F01DFF801BA842EB
:10A99000F5D970BD9F86010070B5446805692068CF
:10A9A00009F08AFA10B96FF0120070BD4FF430212F
:10A9B000204607F08AFD10F1860F04D14FF42021C4
:10A9C000204607F082FD0028EFD1A06809F074FA54
:10A9D0000028E8D004F108064FF43021304607F093
:10A9E00074FD10F1860F04D14FF42021304607F09A
:10A9F0006CFD0028D9D118492246284607F05DFD94
:10AA00002169164B994221D014D8154B99421FD079
:10AA1000144B99420CBF0421002141F0100128463B
:10AA200007F08DFC0028C0D105F11400BDE870408E
:10AA300009F038BB0C4B99420CD003F5C31303F556
:10AA4000206399420CBF0A210021E6E70621E4E7D2
:10AA50000221E2E70821E0E7B059010040420F007F
:10AA6000A0860100801A060040E13300044B054A2D
:10AA700001219362044AC8201A600022FCF700BE3C
:10AA8000C01700203805002000800C50054B064AF6
:10AA900001219362054A4FF482701A600022FCF78C
:10AAA000EFBD00BF141800206805002000401050C2
:10AAB0002DE9F041446805460669206809F0FCF973
:10AAC00018B96FF01200BDE8F081304609F0EAFADB
:10AAD0007561A368BBB9637C04220B21284607F08B
:10AAE00068FF0028EFDBA37C06220B21284607F035
:10AAF00060FF0028E7DB01232846BDE8F0411A4645
:10AB00000B2107F056BF0523227C0621284607F0BB
:10AB100050FF0028D7DBA06809F0CEF90028D0D07C
:10AB2000B4F80EE0A068217B4EF480320123D0F807
:10AB300010C003FA01F7DCF800301EF0010F14BF5B
:10AB40003B43BB43D0F80880CCF80030D8F8003045
:10AB500098470028B7DB0127237B1A4A07FA03F33B
:10AB6000C6E90723A06806F118018368DB6913B9F9
:10AB70006FF05700A7E73A4698470028A3DB124B2F
:10AB8000B362A068217BE38982689669002EEFD0CA
:10AB900002698F40126803F0400317420CBF43F074
:10ABA000B86383F0707323F0794323F47F0323F4B5
:10ABB0007F4323F0BF034FF0A072B04700288ADA2A
:10ABC00081E700BF65290100CDAB000026230022EC
:10ABD0002DE9F04F044650F8100C91B0D0F80490D5
:10ABE0001146009306AB07F0C1FE002805DA2046A7
:10ABF00002F0EEFA11B0BDE8F08F0025214E96F874
:10AC0000008010AB434496F801A013F8273C1AEAE1
:10AC1000030F0CD0216911BB08F101025346D2B2D7
:10AC2000002154F8100C07F0C4FE0028DFDB0135CA
:10AC30000E2D06F10206E2D1D9F8080099F80C5061
:10AC40000669836805A95B6898470028CFD13368F7
:10AC5000059A5A400123AB401A42CBD0C7E754F8BB
:10AC6000103C0F680393012303FA05FB8A681BEA73
:10AC7000020202D04B6803989847002FCCD0394687
:10AC80003F68F3E78F610100036803F01F025B096F
:10AC9000032B02609ABF024A52F82300002070473B
:10ACA0000C5A01002DE9F04F1646824640F2FF187B
:10ACB000DFF8849185B000EB81018A4501D1002045
:10ACC00022E05AF8043BC3F3C322082AC3F3080462
:10ACD00000F2AC8057481B0E444508BF4FF0FF34CC
:10ACE0000B2B875C4AD012D8032B44D005D8012BFC
:10ACF00031D020D9C6F810461FE0052B36D02ED310
:10AD0000062B38D06FF0850005B0BDE8F08F182B0A
:10AD100078D007D8162B3BD071D80C2BF2D1C6F8BF
:10AD200004462DE0382B70D04E2BE3D0192BE9D1FF
:10AD3000C6F86C452EE0C6F80446631CBDD04FF043
:10AD4000010B03A80394FFF79FFF039B5D460BFADB
:10AD500003F3436031E0C6F80C46002514E04FF0E1
:10AD6000000BC6F80046621C1ED1A6E7C6F80446D2
:10AD70004FF0010BF7E7C6F80846EEE7C6F80046C5
:10AD8000002FEAD100250827631C96D0AB4614E0BB
:10AD9000C6F860453AF8023C601C03F001038CD011
:10ADA000002BCCD14FF0010B03A801250394FFF732
:10ADB0006BFF039B05FA03F383605AF8042C03A886
:10ADC00002F40043002B01921CBF4FF0010B002541
:10ADD0000394FFF759FF039B019A00EB8300D0F81F
:10ADE0008030C2F341223F0247EA8202154303EA60
:10ADF00009031D4345EA4B05C0F880505DE7C6F8DE
:10AE00006445C7E7C6F86845C4E703A80394FFF79D
:10AE10003BFF039B012500EB8300D0F8802022F04C
:10AE2000E04242F08042C0F88020ADE76FF01500AC
:10AE30006AE700BFB6610100F0F0FCFFF7B5284EED
:10AE40000C46737831780546194317460BD0737852
:10AE5000022F327803F00F030FD0032F2CD06FF0A6
:10AE6000850003B0F0BD0223009326223346806A9A
:10AE700007F07CFD0028EADAF3E795F82C100129A9
:10AE80000FD1012A01D80CD15BB10123A340DBB261
:10AE9000009308220221A86A07F0A2FD00280FDA19
:10AEA000DFE7012304F108020821A86AD2B203B047
:10AEB000BDE8F04007F07DBD95F82C10012903D0C6
:10AEC00004F108020023EFE7012A02D8F8D1002B91
:10AED000F6D00123A340DBB200930023D9E700BFE3
:10AEE000AD19002013B5144601F10C020DF1070352
:10AEF000D2B20821806A07F055FD00280EDB9DF8CC
:10AF00000720172A97BF00206FF01500044B53430A
:10AF10009EBF03F5742303F51073236002B010BDC8
:10AF2000A086010010B5134CA1421DDD124B9842C2
:10AF30001ADCA04204DC00236FF02100138010BD56
:10AF4000994201DD1723F7E76FF43A63A0F55B2020
:10AF500018440A4BB0FBF3F01080584300F57420FE
:10AF600000F51070884202D96FF01500E7E7002065
:10AF7000E5E700BF3F420F00A05A3200A086010063
:10AF8000436893F82D30032B0BD88BB2172B08D8BE
:10AF900005490020594301F5742101F51071116034
:10AFA00070476FF015007047A086010013B5144676
:10AFB00040680DF1070207F0B6FF00280EDB9DF890
:10AFC0000720172A97BF00206FF01500044B53434A
:10AFD0009EBF03F5742303F51073236002B010BD08
:10AFE000A08601002DE9F04104460F46466809F0AD
:10AFF0008BF988B12021EFF311831A4681F312886F
:10B00000BFF36F8F60680068D0F8300160BB83F3D6
:10B010001188BFF36F8FEEE71E4B1B78002BE9D032
:10B020004FF02008642563681B68D3F8303173B98A
:10B03000012008F0CFFB013DF5D10021202009F0CF
:10B0400004FAEFE783F31188BFF36F8FF5E7EFF3AF
:10B0500011831A4688F31288BFF36F8F61680968FD
:10B06000D1F830110029EDD0736A00201F70636899
:10B07000716A1B68C3F83C170121C3F84017C3F875
:10B080003001D3F83001196582F31188BFF36F8F57
:10B09000BDE8F081F3190020F0B4114CD4E9006749
:10B0A000901B63EB0701400940EAC1604101891927
:10B0B0004FEAD06547EB0505C4E9001500240025DB
:10B0C0000849C1E90023084BC3E90045EFF31181AA
:10B0D000202383F31288BFF36F8FF0BC02F0D8BD3A
:10B0E000180C0020080C0020200C002010B50022B5
:10B0F0000121E420FCF7C4FA174A0020D2F81837DF
:10B1000023F44033C2F8183700F036FE002821DB64
:10B11000124C012004F1080100F0BCFE002819DBEC
:10B1200000F002FE0E4B20F01F00C3E900010D4BA2
:10B130000022C3E900014FF0FF304FF0FF310A4B0E
:10B14000C3E90001207A094900F000FE67220020CF
:10B15000074B1A6010BD00BF00200E50D80500201C
:10B16000180C0020100C0020080C002099B00000E2
:10B170000819002008B500F0D7FD064AD2E90032D0
:10B18000C31A61EB0201044AC2E900315B0943EAD8
:10B19000C16008BD180C0020200C002010B500F084
:10B1A000CBFE0120FFF786F903F0D4FDBDE8104087
:10B1B000054B06481A68064BB2FBF0F24FF47A7062
:10B1C00043F0010350431847E405002040420F00BC
:10B1D000005801002DE9FF47DFF8ACC0274B0146BE
:10B1E000187ADCE90034CDE90234DDE90245244B6C
:10B1F000E646D3E900239D4208BF944210D1B1F145
:10B20000806F0DD2490108BF01210122641845F168
:10B210000005CCE9004504B0BDE8F04700F01ABFD6
:10B22000184ADFF868C0D2E9003ADCE9002C9E1821
:10B230004AEB0C07202334463D46C3FB01452B4611
:10B240002246DDE902459D4208BF9442CEE9002333
:10B2500012D20299B1EB0608039961EB0709B8F124
:10B26000C80F79F10001B4BF01210021009100F065
:10B27000B9FE04B0BDE8F0870021F7E7D80500204B
:10B28000080C0020180C0020000C0020200C0020CE
:10B2900003689A070CD50368DB070DD50922074B15
:10B2A000C3F80C250F22C3F8042501221A60FEE71B
:10B2B000034B0360EF3B0360704700BF00801050FA
:10B2C000F000FA5003689A070CD50368DB070DD528
:10B2D0000922074BC3F80C250F22C3F804250122CD
:10B2E0001A60FEE7034B0360EF3B0360704700BF4B
:10B2F00000801050F000FA5008B501232F4AC2F820
:10B300000038A2F55722D2F800242D4A1268292AC3
:10B3100001D0332A01D12B4A13602B48FFF7B8FF25
:10B320002A48FFF7B5FF2A48FFF7CCFF2948FFF767
:10B33000C9FF2948FFF7ACFF284AD2F88C3043F404
:10B340004063C2F88C300022D30003F57F0303F57D
:10B350004043D3F8001401310AD0D3F8001439B1B6
:10B36000D3F800140132D3F80434402A0B60EBD137
:10B370001B4BD3F80026D2071AD41A4B1749D3F81F
:10B38000182522F00302C3F81825D3F81825C3F8AE
:10B390001825D1F88C2042F44062C1F88C2000229C
:10B3A000C3F8A025104AD2F80034012BFBD008BD09
:10B3B0006FF00102C3F80026DFE700BF0000125063
:10B3C00040C3FF000C34055000F50E5008F50E5038
:10B3D00010F50E5018F50E5000F70E5000ED00E07D
:10B3E00000E0105000E0045000900450014B1B6836
:10B3F000184700BF0C190020014B1B68184700BFFD
:10B400000C190020014B07201B6818470C1900205D
:10B4100010B5104C2379D3B90123002820600E48C1
:10B4200008BF0020237100F00DF990B923680B4884
:10B43000002B08BF002000F043F850B923680848EB
:10B44000002B08BF0020BDE8104000F097B96FF056
:10B45000770010BD0C190020EDB30000F9B3000017
:10B4600005B4000008B5074B1B6853B14FF4877053
:10B47000FCF7F8F828B9BDE808404FF48770FCF7EE
:10B48000CDB808BD0C1900200422012138B50A4CA2
:10B4900042F21075C4F80823084A11600021F43202
:10B4A00011601268D4F84C34DB0304D5012008F095
:10B4B00091F9013DF6D138BD00E0105014E0105074
:10B4C000064A13793BB9012110601171044A1846EC
:10B4D000C2F8403470476FF07700704714190020AD
:10B4E00000E0105010B51C4A1C4CD2F84C14D2F895
:10B4F0004C3411F4803F17D003F00303012B03D029
:10B5000013B1FFF7C1FF002300210120124AC2F846
:10B510004034134B19601968124908602168B9B1A9
:10B520000423C2F8043310BDD2F8483413F00103E9
:10B53000EAD0D2F850349B07E3D42368002BEFD134
:10B54000074B1A68002AFCD000221A601B68EAE741
:10B550001A68002AFCD0F7E700E010501419002008
:10B5600008E1105010E01050F8B51B4C1B4DD4F8FA
:10B570000C331B4E03F00C0303B9F8BDB3FA83F38D
:10B5800001214FF0000CC3F11F039A0002F58072F5
:10B5900092B202F1A04202F58712C2F800C001FA8D
:10B5A00003F7022B1268D8B2C4F8087310D1D4F88C
:10B5B0004C34D4F84C349B070AD10423C4F840140B
:10B5C000C4F804333160D4F80C3303F00C03D3E730
:10B5D0002B689847F7E700BF00E0105014190020CF
:10B5E00010E01050712238B5114B0021C3F8082328
:10B5F0000123104A1360C2F8FC10FC3212680E4A94
:10B600001268292A01D0332A01D10C4A136042F270
:10B610001074074DD5F80C3413F4803305D0012095
:10B6200008F0D8F8013CF5D138BD054A5371FBE765
:10B6300000E0105004E0105040C3FF000CE0105038
:10B640001C190020054A137923B9012110601171DA
:10B65000184670476FF07700704700BF1C19002034
:10B660000023134A13601268124A13601268124AC8
:10B6700013601368114B1B68292B01D0332B02D1A7
:10B6800001220F4B1A60002201210E4B1A601A682A
:10B690000D4A11600D49096819B17123C2F80433CC
:10B6A00070471A68002AFCD000221A601B68704795
:10B6B00010E1105018E1105014E1105040C3FF0089
:10B6C00008E0105000E1105000E010501C1900205C
:10B6D00070B5194C194DD4F80C33194E03F07103A1
:10B6E00003B970BDB3FA83F301220021C3F11F0334
:10B6F0009A40D8B29B0003F580739BB203F1A0433C
:10B7000003F587131960102A1B68C4F8082308D0B2
:10B71000402A0ED02B689847D4F80C3303F07103FD
:10B72000DEE702236B71316033682023C4F80433F1
:10B73000F0E76971EEE700BF00E010501C1900202F
:10B7400014E110508022012138B50A4C42F21075E4
:10B75000C4F80823084A11600021F432116012680D
:10B76000D4F86C34DB0304D5012008F033F8013D34
:10B77000F6D138BD00E0105028E01050054A13798A
:10B7800023B9012110601171184670476FF07700DE
:10B79000704700BF2419002000220121094B1A60C4
:10B7A0001A68094A1160094A12681AB18022C3F85E
:10B7B000E82170471A68002AFCD000221A601B6832
:10B7C000704700BF1CE1105024E0105024190020E5
:10B7D000084AD2F804331B060BD5074B196841B150
:10B7E000002119601B688023C2F80833034B1B68D3
:10B7F0001847704700E010501CE110502419002039
:10B80000036803F01F025B09032B02609ABF024A20
:10B8100052F8230000207047845B0100034A43096B
:10B82000D35C00F01F001844C0B270470B620100E7
:10B83000F0B58446002487B0124F134E019102AD3B
:10B8400017F8013B06AA02EBD30212F8142C03F0FE
:10B85000070322FA03F3DB0705D40134042CEFD1EC
:10B86000002007B0F0BD96E80F0085E80F0055F8FE
:10B870002420136A4CF824301362002BEDD00120F1
:10B88000EFE700BF1B620100D057010073B505460A
:10B8900008460C46FFF7C2FF00B205EB4006B38A2C
:10B8A000DB072BD5284608F0DBF82146284608F0B0
:10B8B00045F858B1284608F04CF82B6800B203EB65
:10B8C00080000023C0F81035C0F810352146284606
:10B8D00008F068F8002101A8B1820194FFF790FFF9
:10B8E000019B00EB8300D0F88020064B134043F00F
:10B8F0000203C0F88030084602B070BD6FF015003A
:10B90000FAE700BFF0F0FCFF2DE9F043044685B0F4
:10B9100008460D4690461F46FFF780FF8146B8F166
:10B92000000F27D0204608F08EF820B1204608F0FE
:10B9300005F8002860D10FFA89F604EB4606B38AB1
:10B9400013F01C0F03D098F80130012B54D00123C1
:10B950008DF80F30002308F10102CDE900830DF1CD
:10B960000F0108F10203284607F091FFB38A43F064
:10B970000303B3821FB9002005B0BDE8F083294658
:10B98000204608F060F8002836D13E782368B100E0
:10B990000B440FFA89F2C3F8100504EB4202C3F816
:10B9A0001005938A23F4604323F0200393827B786D
:10B9B000002BE0D02468BF782144D1F810C5104C8A
:10B9C0001B040CEA0404C1F81045D1F8104503F437
:10B9D0004033234341F6F07404EA05153C052B433C
:10B9E00004F480142343C1F81035938A43EA4633A4
:10B9F00043F020039382BFE76FF01500BCE700BF60
:10BA00000FE0ECFFF8B590F8B040054690F8B16053
:10BA10007CBB21468422143008F0D5FE2146012447
:10BA20000F46154B2A6853F836608E4214D1002415
:10BA3000C2F84441D2F8443140F20D130F4882421B
:10BA400014BF1846DB20FBF7E9FD0123204685F8EB
:10BA5000B030C5F89C30F8BDCBB29B0003F58070C8
:10BA60009B0804FA03F39B0344BF875083580131BA
:10BA7000DBE76FF07700EEE7945B010000A00D506C
:10BA800090F8B100024B03EB800007F0C0BE00BF8E
:10BA9000E805002010B5064B90F8B1000C4603EB0A
:10BAA000800007F099FE0028A4BF2070002010BD80
:10BAB000E80500202DE9F04F074657F8049B90F861
:10BAC000B150D9F814136A4CC9B254F835208DB06E
:10BAD000824641F40031484607F08EFF8203064655
:10BAE00038D51022002108A808F06DFE04EBC5032C
:10BAF0005B6808A8194604EBC5040193FFF798FE9C
:10BB0000231D03934FF0000B5A4B0DF120080293B5
:10BB1000029A039912F8013B0292DA088A5C03F058
:10BB2000070322FA03F3DB076DD40BF1010BBBF122
:10BB3000040F08F10408EBD14FF40031002248460D
:10BB400007F05AFF019908A8FFF772FE0028D9D123
:10BB500026F400360124002E74D10DB0BDE8F08F1C
:10BB600093FAA3F3B3FA83F3434A05931BF8024015
:10BB700043EA44142046FFF751FE0AEB4000818A55
:10BB8000059B890801F00705EAB204920122D80852
:10BB900018F800C003F0070302FA03F32CEA0303CA
:10BBA00008F8003007A80794FFF72AFE079B11F05A
:10BBB000040F03F1200350F82330049AC3F3014328
:10BBC00026D021463846DDB207F0CDFE07A80794FF
:10BBD000FFF716FE079B203350F82330C3F30143D1
:10BBE0009D4207D10021204607F099FE29462046B4
:10BBF00007F095FE07A80794FFF702FE0122079BB6
:10BC000002FA03F30362D8F80030002BA8D18CE7C6
:10BC1000022B0CBF0321022120460592049307F05A
:10BC20007EFE032D059A04D0049B022B06D1012A27
:10BC3000E0D12146384607F096FEDBE7032BD9D149
:10BC4000022AF5E796FAA6F3B3FA83F304FA03F2AD
:10BC500026EA020603F5A27259F822200AEB4303F2
:10BC6000C2F30142B3F8A010384607F07CFE72E739
:10BC7000945B01001B6201001B6201000123034A67
:10BC800003FA00F09368034393607047D0000020EC
:10BC90000123044A03FA00F0936823EA0003936047
:10BCA000704700BFD000002073B506460191EFF346
:10BCB0001185202383F31288BFF36F8F0C4C019BF7
:10BCC000626801A81340019307F086FD002808DB95
:10BCD000012303FA00F2636823EA02036360307011
:10BCE000002085F31188BFF36F8F02B070BD00BFD5
:10BCF000D00000200022024B80001A50704700BF85
:10BD000000210E50074B027AD3F8101521F00101E3
:10BD10000A43C3F810250268C3F8A4264268C3F892
:10BD2000AC26704700200E5030B50024064D20464A
:10BD3000D5E9002303F0404150EA010CF7D1104649
:10BD4000C3F3130130BD00BF40270E5030B50C25A2
:10BD5000074C231893F8543005FB0343C3E903123F
:10BD600018750123034A8340C2F8243330BD00BF55
:10BD7000D000002000200E50F0B53E4D85B02C784C
:10BD8000002C70D13C4A01AB07CA83E807003B494D
:10BD90001846D1F8102522F00202C1F81025FFF74D
:10BDA000B1FF07232246672101F001000244013B55
:10BDB000D2B24FEA5101F7D1052A57D119464FF0B7
:10BDC000010C2C4ECFB20024672004E00CFA02F2E2
:10BDD00020EA0200013490FAA0F25FFA84FE77456F
:10BDE000B2FA82F2F2D80131327505292A4482F87A
:10BDF000547006F10C06E5D10121002420489A0870
:10BE000001FA02F212F0670F18BF1C500433302BF6
:10BE1000F5D1E420FBF702FC184B1A49D3F81025A2
:10BE200003F5C07322F00202C3F8902340F6FF72BC
:10BE3000C3F8A82100221A60A3F5807004338B4256
:10BE40000260F8D101240D4B0F481C660F4B1A6895
:10BE50000F4BB2FBF0F25D20234350439847002084
:10BE60002C7005B0F0BD6FF07700FAE76FF08B0033
:10BE7000F7E700BFD0000020E057010000200E507F
:10BE800000210E50B0210E5040420F00E40500206A
:10BE90001058010038B5254B0D46D3F810259407EE
:10BEA0003DD4D3F8102542F00202C3F81025C0B1EA
:10BEB000D3F8482712F0010202BFD3F8481741F027
:10BEC0000101C3F84817194BD3F84017D3F84417AA
:10BED0004900F9D42AB9D3F8482722F00102C3F85F
:10BEE0004827134B134A1B681049B3FBF2F303EBCB
:10BEF0004313BBB1D1F84027D1F8444714F0804434
:10BF00000BD14FF0FF312846FFF7CEFE002803DBB0
:10BF10002878FFF7B3FE204638BD013BE9E76FF014
:10BF20007700F9E76FF07300F6E700BF00200E50CE
:10BF3000E405002040420F002DE9F047264D67231D
:10BF40006C684FF0000AE4434FF00108234E04F000
:10BF50006704C6F8283305F104095FFA8AF1E4B9E9
:10BF6000E420FBF76BFB1D4BD3F8482722F00102BE
:10BF7000C3F84827D3F8102522F00102C3F8102592
:10BF8000D3F8102522F00202C3F810250123144A29
:10BF9000136053602C70BDE8F087AB6808FA01F7B6
:10BFA0003B4013F0670F02D00846FFF771FE6B6845
:10BFB00027EA030717F0670F09D0002206EB0113E9
:10BFC000C3F82C25E30702D5484607F020FC640897
:10BFD0000AF1010AC1E700BFD000002000200E5086
:10BFE00064200E5070B51D461446184B9DF8101075
:10BFF0001A1892F85420064603EBC203C3E9184509
:10C00000C5F3130203B2B9B1190101F1A04101F561
:10C010006221C1F82045C1F824250D4A9B00D35860
:10C020009BB1FFF781FEA94208BFA0420DD2304666
:10C03000BDE87040FFF75EBE1B0103F1A04303F5AE
:10C040006223C3F82045C3F8242570BDD00000202A
:10C0500000210E502DE930480D4B1C1894F8544027
:10C0600000010C3403EBC403D3E9004514EB010BCE
:10C0700045F1000CC3E900BC21F0004100F1A040F3
:10C0800041EAC27100F56220C0F82815BDE8308889
:10C09000D0000020F7B5284B284CD3F82C6304F1CE
:10C0A00088070EB903B0F0BD96FAA6F0B0FA80F09A
:10C0B00001232218224992F85450820011440C2284
:10C0C0008340DB4302FB0542D2681E407AB3D7E8C7
:10C0D000EF2F02EA030CC7E8EECFBEF1000FF6D156
:10C0E00022FA00F3DB0719D5020102F1A04202F5A2
:10C0F0006222D2F82435D2F82025D1F800C0BCF154
:10C10000000FCED04FF0000CC1F800C00C2101FB95
:10C11000054529690091E9688847C2E705F10C03E4
:10C1200004EBC30C54F83320DCF80430E5E70B686B
:10C13000002BB6D00A60B4E700200E50D0000020DB
:10C1400000210E50036870B503F01F025B09032B3A
:10C150001ED840F60C04134E134D56F8231001EB75
:10C160008201D1F880202A402243C1F88020426811
:10C1700002F01F015209032A0FD856F8222002EBC1
:10C180008101D1F880302B402343C1F8803070BD4D
:10C190000023203253F82230FFDE0023203153F8F1
:10C1A0002130F9E7A45B0100F0F0FCFF00210268F8
:10C1B000094BC160C2F80833D2F8003223F0FF53B4
:10C1C00023F4BC53C2F800320123C2F8001580F8F2
:10C1D000263080F8281070472264F81F00232DE9CC
:10C1E000F04780F827304B6805460F4690460468B4
:10C1F00033B1CB6803F06043B3F1005F40F0498195
:10C200003B78023B012B06D83B6903F06043B3F156
:10C21000005F40F03E81A04BC4F8083395F8282019
:10C2200002F0FF033AB16FF00F06EB68C4F8043375
:10C230003046BDE8F08718F0140F0CBF0122002231
:10C2400085F828203A7885F824207A7885F8252002
:10C25000FA682A617A686A613A69AA61BA68C5F8B7
:10C260002080EA61C8F3001285F829207A78C4F8A2
:10C270008825C4F83831D4F83821C4F82831D4F8E6
:10C280002821C4F81431D4F81421C4F80431D4F8A6
:10C29000043118F0010318BF0123C4F84C3718F01B
:10C2A000020318BF0123C4F814373B78032B7FD84F
:10C2B000DFE803F033751F024FF48073C4F80032D7
:10C2C000D5E90423C4F83C27C4F84037012323658B
:10C2D0004FF00061204607F04CFD0028F8D1D5E969
:10C2E0000623C4F83C27C4F840374FF48063EB6062
:10C2F0002BE0D5E90423C4F83C27C4F84037D5E93E
:10C300000623C4F80427C4F808374FF48453C4F84C
:10C310000032012323610223E9E718F0200FD5E959
:10C320000423C4F83C27C4F8403715BF4FF480738A
:10C330004FF40073C4F80032C4F8003214BF4FF455
:10C3400080630223EB6001232361002618F0080FAD
:10C350000ED13B78032B0BD0012B6A683FD1A3622F
:10C360004AB37B6823B96B68002B6BD001236360F1
:10C370006B68002B66D018F0040F1CBF0023EB6025
:10C3800018F0400F02BFEB6843F00203EB60EB686C
:10C3900043F02003EB60EB68C4F8043348E7D5E9C9
:10C3A0000423C4F80427C4F808374FF48053AEE7D9
:10C3B0006FF01506CAE76A6902B963604FF0010AB7
:10C3C00040F2024940F22241204607F0D2FC8106A9
:10C3D00048BFC4F804A010EA090FF3D0C1E7012355
:10C3E0002365002ABDD16A6902B963604FF0000974
:10C3F00040F2024A19EA0A0FB3D140F22241204624
:10C4000007F0B7FC10F0200F8146F3D04FF48041C5
:10C41000204607F0AEFCD4F8003208B19A0505D4E6
:10C4200001222261626058B14FF00009DB05E1D5BD
:10C430004FF48061204607F09CFC4FF00009D9E7DB
:10C440008146D7E70022D4F8C434C4F8C43485F850
:10C4500028208BB113F0010F14BF6FF08A066FF024
:10C460008B0613F0020F18BF6FF00D0613F0040FC8
:10C4700018BF6FF00A06DBE618F0400F7FF4D8AE65
:10C48000291D204607F044FC002808BF6FF08B06EA
:10C49000CEE66FF00C06CBE62264F81F70B5056897
:10C4A00086B002210446284607F063FC2021064698
:10C4B000284607F05EFCD0B1D6B9E3684FF480415E
:10C4C000C5F808330223E360E3682846C5F804335F
:10C4D00007F04FFC18B1D5F800329B0502D40123B8
:10C4E0002B616B60012384F8273006B070BDA6B3C2
:10C4F000236A5E060AD494F827303BB9211D2846EA
:10C5000007F006FC80F0010084F82700236A13F08E
:10C51000040339D1C5F83831D5F83821C5F834319C
:10C52000D5F8343194F8293013B194F8273003B397
:10C5300000230121C5F80032E3602F4BC5F8083312
:10C54000C5F30F33C3F3431203F01F0301FA03F3E0
:10C550002A49603241F822300BE04FF480612846CE
:10C5600007F007FC94F8243043BB94F82930002BE3
:10C57000DFD0A38CADF80430236904936369029380
:10C58000A3690593E3690393D5F8C4349807C5F804
:10C59000C43423D501238DF8003094F829300BB929
:10C5A00084F82830236A5B0703D594F82730002BE2
:10C5B0009BD0D4E901316846984796E74FF4007361
:10C5C000C5F800322223E3600B4BC5F80833E3685B
:10C5D000C5F8043301232B652B6186E7590701D584
:10C5E0000223D8E7DA0701D50323D4E794F82730EC
:10C5F000002BD0D00423CEE72264F81F00E100E036
:10C60000036803F01F025B09032B02609ABF024A12
:10C6100052F8230000207047B45B0100F7B50C46C8
:10C62000064607F020FC084607F01DFC01A801960D
:10C63000FFF7E6FF40F60D01019B2C4D00EB830058
:10C64000D0F8802001272A400A43C0F8802001A8A2
:10C650000194FFF7D5FF019A00EB8200D0F88030FB
:10C660002B400B43C0F88030042007F0B3F80925B5
:10C6700001A80194FFF7C4FF019AC368D340DB0708
:10C6800014D401A80196FFF7BBFF019B013D07FAF7
:10C6900003F38360042007F09DF8304607F0E3FBC6
:10C6A000042007F097F815F0FF05E1D101A80194E7
:10C6B000FFF7A6FF0123019A93408360042007F04F
:10C6C00089F8204607F0CFFB042007F083F801A883
:10C6D0000194FFF795FF019AC368D34013F0010F4F
:10C6E0000CBF6FF08B00002003B0F0BDF0F0FCFF3A
:10C6F000F8B50E490E4807F0D1FD0E490E4807F077
:10C70000CDFD00250D4C0E4E0E4FB44206D30E4B00
:10C7100007481D6000F05CFD0020F8BD394620464A
:10C7200003F0CDFC00B901357C34EEE769C70000A9
:10C73000401900204DC70000301900205C07002080
:10C74000D80700207DC700002C190020034B0448A7
:10C750001968044B1A6802F022BA00BF541900206D
:10C760001F62010050190020024B0348196802F0B3
:10C7700016BA00BF2C1900203F620100002313B538
:10C7800001930B780C46082B06D1486883689B6C94
:10C7900013B101AA0121984722780B4B0B481A606C
:10C7A0000B4B019A1A6000F013FD2378082B09D176
:10C7B000019BB3F5966F05D10120FCF7CDFA01205E
:10C7C000FAF704FB02B010BD541900203019002004
:10C7D00050190020014B98686830704758190020A4
:10C7E00038B5EFF31185202383F31288BFF36F8FE1
:10C7F000064B9C6807F073FB85F31188BFF36F8FBE
:10C800002046BDE83840FAF7C3BF00BF58190020E2
:10C8100038B50A4B53F82040013053F82050A54258
:10C8200000D838BD606830B1037EDB0701D407F063
:10C830002BFB0834F3E723689847FAE7C45B010051
:10C840000122F0B5294B87B00320294E1A70FFF75B
:10C85000DFFF01F0F7FA0420FFF7DAFF3746254D36
:10C86000B54205F1300410D300F04CFF214C224DAD
:10C87000BC4227D300F05AFFFAF74AFA1F4A9389BD
:10C8800023F00103938107B0F0BD54F80C3C0593ED
:10C8900054F8103C049354F8143C039354F8183C97
:10C8A000029354F81C3C019354F8203C009354E943
:10C8B0000A2354E90C0100F035FD54F8303C5D6565
:10C8C0002546CDE7D4E90A23591C08BFB2F1FF3F42
:10C8D00005D052EA0301206803D107F0D9FD3034B6
:10C8E000C6E72946183001F03DF9F8E7F3190020B2
:10C8F000E4550100E4550100D9430100B00C0020CB
:10C9000070B58826134B012206FB0036002386B043
:10C91000CDE904230F221425CDE902324FF4A07291
:10C9200001930D4B0D4905FB0035044602FB001138
:10C9300000950B4B304600F0F5FC337C2C7423F053
:10C9400004033374074B013403EBC424EE606C60C2
:10C9500006B070BD280C002058190020F8230020D4
:10C960006740010038250020BFB50020FFF750FFC9
:10C97000284B03F5006282F3088883F30A880024B9
:10C98000E023254D254E85F82230EC772C766C7609
:10C99000AC7685F820406B6A43F4E0236B6285F83F
:10C9A0002340FAF7A9FDFAF7DDFE4FF0FF33AB6243
:10C9B000EB62FBF7A1F8FAF74DFF194800F00CFD08
:10C9C0000120FFF725FF0220164DFFF721FF00F0A1
:10C9D000D9FE154B4FF480625D61144B14490593E9
:10C9E0000123CDE90144CDE90343009433462846B1
:10C9F00000F098FC07462B7C284623F004032B7498
:10CA000007F0C7FC2046FFF77BFF32463946284631
:10CA1000FAF78CFE3825002000ED00E041C8000048
:10CA2000380D0020B00C002058190020626201006F
:10CA3000F81F002038B5064C064DAC4201D300204B
:10CA400038BDD4E90112204607F08DFA1434F4E71A
:10CA5000CC060020E006002030B5054B85B0DDE9AE
:10CA600008450293CDE9004507F03CFA05B030BD1A
:10CA7000FFE90000002038B5054C064DAC4200D35C
:10CA800038BD204607F093FA0028F9DB1C34F5E79F
:10CA9000B0060020CC060020D3B50C4616461F4633
:10CAA000EFF31181202383F31288BFF36F8FC368E4
:10CAB0005BB123601B68C36083690133836100201D
:10CAC00081F31188BFF36F8F11E056EA070203D19B
:10CAD00023606FF00B00F3E70246CDE900670830F2
:10CAE00000F066FD18B9034B9B685B69236002B0D8
:10CAF000D0BD00BF581900202DE9F34104460E4671
:10CB00009DF8200004F10808EFF31187202181F33C
:10CB10001288BFF36F8F256AE1688D4243D2256882
:10CB2000AC421AD0CDB1284607F0A8FA05F118009A
:10CB300007F03CFDA26800243146686907F035FE25
:10CB40002846C5F8804007F024FC4046394607F0E7
:10CB500053FC204602B0BDE8F081A268A8B131467E
:10CB6000E06907F022FEE369A26813446269E361A9
:10CB7000934201D12369E3610020236A01332362D8
:10CB800087F31188BFF36F8FE4E7A16923699942A6
:10CB900008BF6369314608BFA361A069801AA0611C
:10CBA00007F003FEE8E752EA03010AD006494046CF
:10CBB00089684E61CDE900233946224600F0F8FC31
:10CBC000C8E76FF02200DBE758190020F7B50446EC
:10CBD000084604F10807EFF31186202181F312883B
:10CBE000BFF36F8F216A00293AD0A268A16907F0CC
:10CBF000DCFDA369A268256813446269A3619342BE
:10CC000004BF2369A361236AAC4203F1FF332362AB
:10CC100034D02846002D32D007F030FA05F1180044
:10CC200007F0C4FCA2686969E06907F0BEFDE3692A
:10CC3000A268284613446269E361934204BF2369F2
:10CC4000E361236A013323620024C5F8804007F0C2
:10CC5000A0FB3846314607F0CFFB204603B0F0BDBD
:10CC600052EA030110D00A4989684861CDE90023DE
:10CC700031462246384600F09BFCEFE7002086F361
:10CC80001188BFF36F8FE9E76FF02200F7E700BF6D
:10CC9000581900202DE9F341044616461F46EFF3CC
:10CCA0001188202383F31288BFF36F8FC368334A40
:10CCB0007BB9916891F90E100133E36093682161AB
:10CCC000A36088F31188BFF36F8F002002B0BDE826
:10CCD000F08180689168884201D12169ECE756EAC9
:10CCE000070306D188F31188BFF36F8F6FF00F0031
:10CCF000ECE791F90E1090F90E30994239DB0025DE
:10CD0000CDE90067224641461D4800F051FC00284D
:10CD1000DCD0EFF31186202383F31288BFF36F8FEB
:10CD2000A068B8B1236821699C4209D043B193F946
:10CD30000E30994216DC6FF07F039942B8BF194656
:10CD400090F90E30994203D000F054FC00B1012557
:10CD500005F0010545B13146094807F04DFB6FF07C
:10CD60000A00B3E71946EBE786F31188BFF36F8F2C
:10CD7000F5E700F03FFC0546C2E700BF5819002068
:10CD8000F4190020F8B583680646002B44D0254AE4
:10CD90009268934243D1C368012B03D9013BC3601E
:10CDA0000020F8BDEFF31187202383F31288BFF32F
:10CDB0006F8F0169806890F90E30994201D000F0C0
:10CDC00019FC3568AE4207D10020C6E9020087F39E
:10CDD0001188BFF36F8FE4E7002DF5D0D5E900325D
:10CDE000002413605A602B7CC5E9004423F0020341
:10CDF0002B74AC6005F1180007F0D8FBB56095F90D
:10CE00000E3028463361C5F8804007F0C2FA394633
:10CE1000054807F0F1FAC3E76FF01500C1E74FF0DE
:10CE2000FF30BEE758190020F419002037B5EFF3A2
:10CE30001185202181F31288BFF36F8F04688CB1B4
:10CE40002368426823F003039442036008BF4360F1
:10CE50000121204607F0A1F985F31188BFF36F8FF8
:10CE600003B030BD52EA030105D185F31188BFF349
:10CE70006F8F2046F4E70830CDE9002329460246AB
:10CE800000F096FB0028F4D1014B9B685869E7E756
:10CE90005819002070B5EFF31186202383F3128810
:10CEA000BFF36F8F0468A0421BD0D4B1D4E9003225
:10CEB000002513605A60237CC4E9005523F0020367
:10CEC0002374A56004F1180007F070FB2046C4F835
:10CED000805007F05EFA3146BDE87040064807F022
:10CEE0008BBAD0E902329A4218BF0133836086F3CD
:10CEF0001188BFF36F8F70BDF419002037B5144649
:10CF00001D46EFF31181202383F31288BFF36F8F47
:10CF1000836843B1013B836081F31188BFF36F8F56
:10CF2000002003B030BD54EA050306D181F3118817
:10CF3000BFF36F8F6FF00F00F3E70246CDE90045B6
:10CF4000014800F035FBECE7F41900202DE9F04131
:10CF50000546EFF31187202383F31288BFF36F8F09
:10CF600000236FF00A081E462C68A54216D0ACB10B
:10CF7000D4E9003213605A60237CC4E9006623F0D0
:10CF800002032374A66004F1180007F00FFBC4F835
:10CF90008080204607F0FDF90123E5E70022AA6022
:10CFA0002BB13946BDE8F041044807F025BA87F3B4
:10CFB0001188BFF36F8FBDE8F08100BFF419002026
:10CFC0002DE9F04305464FF0FF364FF0FF37DFF80D
:10CFD000588185B0EFF31189202383F31288BFF3C2
:10CFE0006F8FD5F88C40D4B9022105F1A40007F069
:10CFF0000DF900283DD005F19C04002201212046B6
:10D0000007F066FA0028F8D10023CDE90067029303
:10D0100005F194024946434800F0E2FCDAE7D5F80E
:10D02000902023689442C5F88C3001D1C5F8903027
:10D03000D5F8A43043F00203C5F8A430E36823F028
:10D04000040343F00103E360636889F31188BFF3CD
:10D050006F8F20469847EFF31189202383F31288BE
:10D06000BFF36F8FE368D90623F001020ED4E260AC
:10D0700013E0D5F8A430D906C6D5C5F8A40089F3C5
:10D080001188BFF36F8F05B0BDE8F08323F0110363
:10D09000E36004F11000FFF7FDFEE3689A0719D57D
:10D0A000D8F8000023F00203E36098B10021026881
:10D0B00043689C422DD1036819BBD8F80420C8F8F6
:10D0C0000030904201D1C8F80430002340F8083BFA
:10D0D000FFF7E0FED5F8A43023F00202D805C5F82A
:10D0E000A4201CD4D5F88C30003318BF012389F359
:10D0F0001188BFF36F8F002B3FF46CAF00F04AFB39
:10D1000068E70B60D8F80430984208BFC8F80410EC
:10D11000DBE7002ADED0014610461268C8E700238C
:10D12000E5E700BFF419002078190020F8B5C368BE
:10D130000446C3F340050F4615BB5E0722D40B68B7
:10D140000BB983680B60E368D80742BFA368022568
:10D150003B603E6858BF01258EB31C4B9A68D6F8D9
:10D1600088309A4211D107F0CFF880F00100C0B2A8
:10D17000D6F8A430D907C3F3800223D53AB140B919
:10D180006FF00F0500233B6013E00020F0E71B0762
:10D19000F6D400232360D6F8903063B9C6E923445F
:10D1A000304607F03EF8E36843F00403E3603B6871
:10D1B000A3602846F8BD1C60C6F89040F0E76FF009
:10D1C0001505DFE76FF01205DCE700BF58190020F6
:10D1D0000146014807F07DB8E00D0020F0B5044697
:10D1E000002089B0C4E923000E9D04F19400C4E935
:10D1F000250004F19C00C4E9270055B328790028D4
:10D2000040F2011008BF0120C4F8A40000204FF034
:10D21000FF364FF0FF37CDE90330CDE90100CDE90E
:10D22000066700940C4B204600F0AAF855B1296817
:10D2300011B1204607F06EF86B791BB1A38943F05A
:10D240000103A381204607F023F9C4F8884009B000
:10D25000F0BD0120D8E700BFC1CF0000D3B516460E
:10D2600001901F460846EFF31184202181F31288B4
:10D27000BFF36F8FC16811F01E0F15D13E4308D167
:10D2800001A9FFF753FF84F31188BFF36F8F02B03A
:10D29000D0BD41F00801C16001991030816103499E
:10D2A00000F060FC0120EEE70020ECE74F420100B7
:10D2B00001460148FFF7D2BFE00D0020F7B50C464C
:10D2C000019016461F46EFF31185202383F3128841
:10D2D000BFF36F8F084606F0ABFF56EA070309D18C
:10D2E00001A92046FFF722FF85F31188BFF36F8F56
:10D2F00003B0F0BDE368324643F00803E360019BEE
:10D300000449A36204F110003B4600F02BFC01200D
:10D31000EAE700BF4F42010001460148FFF7CEBFD8
:10D32000E00D0020F0B585B00E9E00F15805868115
:10D330000426C0E9165500250446067407320D9EE2
:10D3400022F007028673C0E91B128E180C9A8560C2
:10D35000C573C0E90655456702920B9A01920A9A75
:10D3600000923246FAF7C6F9044B65659B6803B133
:10D370009B6F3046A36705B0F0BD00BF5819002071
:10D38000F0B5002587B00595109DDDE9126704957D
:10D390000F9D044603950E9D02950D9D01950C9DD4
:10D3A0000095FFF7BFFF7B1C08BFB6F1FF3F05D01C
:10D3B00056EA070305D1204607F06AF8204607B071
:10D3C000F0BD32463B4604F11800024900F0CAFBAA
:10D3D000F4E700BFD94301000123037483810023D4
:10D3E000C0E91B338367014B9860704758190020D0
:10D3F0006FF00A01094A9368C3F880100849D8679A
:10D400004B6843F080534B60002383F31188BFF3D4
:10D410006F8F9368D3F88000704700BF58190020C1
:10D4200000ED00E038B5037C01461C0604D503F08E
:10D430007F03037406F071FF0D4C224652F8185F0B
:10D44000A368954200D005B9E5688B4209D01A7CE3
:10D45000D20606D1DA897F2A03D9AA690AB963619B
:10D4600038BDAB4202D0284600F0FCFA6561F7E710
:10D4700058190020591C08BFB2F1FF3F03D00249E0
:10D48000183000F06FBB7047D9430100024648B91D
:10D49000EFF3058333B9064B59699B68994201D074
:10D4A000FFF7A6BF82F31188BFF36F8F704700BFED
:10D4B0005819002070B5037C1C0629D4D90627D141
:10D4C0001D4C63F07F032246037452F8183F9342C9
:10D4D00024D01BB3E66990F90E5093F90E108D42DB
:10D4E00017D0491B002914DD5968C0E900310860D4
:10D4F0005860A569954200D005B9E568A3681A7C13
:10D50000D20611D1DA897F2A0ED9AA6962B963617C
:10D5100070BDB34202D01B68002BDED1E369C0E9C5
:10D5200000231860E061E4E7AB4202D0284600F037
:10D5300099FA6561ECE700BF5819002038B51A4C1C
:10D54000A168E3690A68994214BF13460023496839
:10D550000A605160A268E0692BB9144BC2E900303F
:10D560000260E2610DE092F90E5093F90E108D42C7
:10D5700015D0491B002912DD5968C2E900310A6043
:10D580005A60A569094B9D4200D005B9E568A368BA
:10D590009D4202D0284600F065FA656138BD83429D
:10D5A000DBD01B68D8E700BF581900207019002095
:10D5B000F8B5DDE906670D4B0D4698680C49086023
:10D5C000EFF31181202181F31288BFF36F8F9C68E4
:10D5D0001146204606F0B3FE204632463B46FFF792
:10D5E00049FF2846BDE8F840FFF702BF5819002060
:10D5F00080190020F8B50446EFF31187202383F348
:10D600001288BFF36F8F037C49B203F01F02002A18
:10D610000CBF012600263BD103F07F03037406F004
:10D620007CFE2D4D037C2A4663F07F0381730374D7
:10D6300052F8183F934225D023B3D5F81CC093F974
:10D640000E00814219D0401A002816DD5968C4E93D
:10D6500000310C605C60AC69944200D004B9EC68A5
:10D66000AB689C4202D0204600F0FCF96C6187F365
:10D670001188BFF36F8F3046F8BD634502D01B6839
:10D68000002BDCD1EB69C4E900231C60EC61E2E70C
:10D690009B071FD5856806F040FE81732B689D426D
:10D6A00012D08BB193F90E20914208D0521A002A61
:10D6B00005DD5A68C4E9003214605C60D7E76A6827
:10D6C000934201D01B68ECE76B68C4E900531C600F
:10D6D0006C60CCE78173CAE758190020024648B94C
:10D6E000EFF3058333B9064B59699B68994201D022
:10D6F000FFF77EBE82F31188BFF36F8F704700BFC4
:10D7000058190020EFF31181202383F31288BFF30F
:10D710006F8F054B9A68D37B013BD37381F31188DC
:10D72000BFF36F8F704700BF5819002070B5EFF33B
:10D730001186202383F31288BFF36F8F104CA368E8
:10D74000DA7B0132DA73224652F8185F954200D034
:10D7500005B9E5681A7CD2060AD1DA897F2A07D989
:10D76000AA692AB963613046BDE87040FFF78EBEF2
:10D770009D4202D0284600F075F96561F3E700BFCD
:10D7800058190020024B03F11802C3E90622704722
:10D790005819002070B5EFF31186202383F3128807
:10D7A000BFF36F8F1B4CA168E3690A68994214BFED
:10D7B0001346002349680A605160A268E0692BB9EA
:10D7C000154BC2E900300260E2610DE092F90E50A3
:10D7D00093F90E108D4219D0491B002916DD5968A6
:10D7E000C2E900310A605A60A5690B4B9D4200D026
:10D7F00005B9E568A3689D4202D0284600F032F9D9
:10D8000065613046BDE87040FFF7F2BD8342D7D076
:10D810001B68D4E758190020701900202DE9F04149
:10D8200006460F4656EA070303D1FFF7B3FF002071
:10D8300029E0EFF31188202383F31288BFF36F8F61
:10D84000124D134BA8681860FFF7ECFDA86832462C
:10D850003B461049183000F085F9AA680446137C4D
:10D86000404643F004031374FFF7C2FDAB68D3E9ED
:10D870000A23B3F1004F08BF002AD8D106F0CAFE30
:10D88000201A20EAE070BDE8F08100BF581900209E
:10D8900080190020D9430100014B9868704700BFF0
:10D8A000581900202DE9F84304468789EFF31185C4
:10D8B000202383F31288BFF36F8F037C1E0705D5E7
:10D8C00085F31188BFF36F8FBDE8F88343F008023A
:10D8D000110657D40274A36813B1204606F025FD43
:10D8E00004F1180006F062FEA66D04F15808B04578
:10D8F00011D04FF0000976B1304606F016FD06F162
:10D90000180006F053FEC6F880903046FFF7D2FDAF
:10D91000A66DB045EFD12F4EB3689C423AD04FF080
:10D920000009D6F818802C4A904502D0B8F1000FB3
:10D9300001D1D6F80C80434502D0404600F092F861
:10D940002046C6F8148001F008FBB9F1000F02D0A0
:10D950002248FFF741FDB3689C4236D1EFF30583BF
:10D960009BBBA289D2071DD42846FFF741FDFB07C8
:10D97000AAD5002383F31188BFF36F8F04231846C1
:10D9800002DFA1E703F07F0343F00803037406F00E
:10D99000C4FCA0E7EFF3058919F1000918BF4FF0A7
:10D9A0000109BEE785F31188BFF36F8F83F31188F8
:10D9B000BFF36F8F0423184602DFEFF3118020239B
:10D9C00083F31288BFF36F8FCFE785F31188BFF31E
:10D9D0006F8FCCE75819002070190020380D0020F7
:10D9E000D3B5DDE90667089CCDE90067FFF7E0FDE8
:10D9F0001CB1034B9B685B69236002B0D0BD00BFC4
:10DA000058190020027C12F01F0211D10A4B9842D3
:10DA10000ED00A4B1B684BB1C1897F290AD8084A2E
:10DA200090F90E1012689142B8BF00231846704753
:10DA30000023FBE71346F9E7280C0020F00500203F
:10DA4000841900200122044BC01A044BC010584313
:10DA5000034B1A54704700BFC00D0020ABAAAAAAFE
:10DA6000F419002070B50D4B0D4C1E7CFFF7CAFF5A
:10DA700006EB460304EBC3040546204606F096FD7C
:10DA80000022084B9A553DB16A1E2046BDE8704001
:10DA9000D317054900F066B870BD00BF58190020C3
:10DAA000C00D0020F419002045DA000038B5EFF36E
:10DAB0001185202383F31288BFF36F8F0F4B104A19
:10DAC0009C681068A04206D1FFF7CCFF85F311884F
:10DAD000BFF36F8F38BD00211B7C1160094AD35CF6
:10DAE000002BF3D02046FFF78DFF0028EED0237CDB
:10DAF000DB0601D1FFF722FD2046E5E7581900209B
:10DB000080190020F4190020024B1868984208BFC1
:10DB100000207047F4050020034B1B680BB9FDF78C
:10DB200029BB0020704700BF8819002030B570B1B4
:10DB30000B4B5B6898420AD0036843B1D3E90421D8
:10DB4000D0E90445121945EB0101C3E90421D0E9EC
:10DB5000003213605A600023C0E9003330BD00BFBB
:10DB6000F40500202DE9F74F1D46013308BFB2F13F
:10DB7000FF3F8246144600F082808160EFF31183FC
:10DB80000193202383F31288BFF36F8F002A75F16E
:10DB900000033C4A1FDBFFF7BFFF8346661C394A80
:10DBA00045F10007301847EBEB71D2E90032C41899
:10DBB000CAE9040141EB02050121FFF7A5FF324B41
:10DBC0009C46D3F804E000BBCAE900CECEF800A022
:10DBD000CCF804A02EE06FF00103D2E900125B1A2A
:10DBE0004FF0FF3161EB0202B3EB040862EB050971
:10DBF000B8F1010F79F10003BCBF4FF001084FF0FD
:10DC000000090021C0E90489D7E7D0E90489DAE9ED
:10DC10000467464577EB090327DAB8EB060269EBA0
:10DC20000703C0E904234368CAE90003C3F800A05E
:10DC3000C0F804A0FFF768FF82450CD1134B1B68A6
:10DC40004BB911B9FFF768FF8346584606F092FCBE
:10DC50000021FDF7BFFA019B83F31188BFF36F8F9B
:10DC60002046294603B0BDE8F08FB6EB080267EB0B
:10DC700009037045CAE90423A6D00068A3E700247D
:10DC80000025EDE7D80D0020F405002088190020BC
:10DC9000314A2DE9F3470D461060FFF735FFDFF8F5
:10DCA000BC9004469046CA46D9E90001D8F8002045
:10DCB000CDE900011046D1175CB1D4E90467B24246
:10DCC00071EB07031EDAB6EB020C67EB0106C4E941
:10DCD00004C60024009BC8F80040C218019B2046DF
:10DCE00041EB0303CAE9002306F044FC2146FDF79B
:10DCF00071FA85F31188BFF36F8F02B0BDE8F0476A
:10DD0000FFF7D4BE0022DDE900010023801941EBBA
:10DD1000E671C4E90423C9E900012046FFF706FFC4
:10DD200001224FF00043C4E9042385F31188BFF3B7
:10DD30006F8FA3689847EFF31185202383F3128830
:10DD4000BFF36F8FD8F800309E1BC8F80060FFF754
:10DD5000DBFE0446A8E700BF88190020D80D00208C
:10DD60002DE91848EFF31184202383F31288BFF3C1
:10DD70006F8FFFF7D1FE074BD3E9002312EB000BA7
:10DD800043EBE07C6146584684F31188BFF36F8F04
:10DD9000BDE81888D80D002073B50446EFF311864E
:10DDA000202383F31288BFF36F8F8368594003EAFF
:10DDB0000205114000224B40009309496B46019235
:10DDC00006F0A9FBDDE9003223EA020304F10C00AE
:10DDD000A360314606F010FB284602B070BD00BFBC
:10DDE0002D470100F8B507460C46164606F08CFA9A
:10DDF00008B10020F8BD0E4B9B689D6F002DF8D038
:10DE00000422A218F5D2EFF31184202383F31288A1
:10DE1000BFF36F8F47F004012846B04784F31188A1
:10DE2000BFF36F8F0028E4D040F8045BE2E700BF47
:10DE3000581900200146024A0020FFF7D3BF00BF57
:10DE4000F9E90000014800F0AABE00BF67620100C6
:10DE500007B5074B4FF48062009306494FF0FF333C
:10DE60000548FFF7BBF9002003B05DF804FB00BFD5
:10DE7000DC5B0100382D0020E00D00202DE9F04F83
:10DE8000837899B09C078146CDE90212D0F804A0AE
:10DE900016D50B46002607921D789DB1252D15D06D
:10DEA0000133019349462846D047002806F1010670
:10DEB00080F28E8199F8023043F0040389F8023031
:10DEC0004FF0FF36304619B0BDE8F08F5D789A1CF0
:10DED000252D0192E6D04FF0000B0A23D8465F466D
:10DEE0005C461F2C22D8A5F12002102A20D8DFE89A
:10DEF00002F0141F1F1A1F1F1F0B1F1F1F121F17B7
:10DF00001F1F090044F00104019A12F8015B0192FD
:10DF1000002DE6D16BE044F0020444F00404F3E782
:10DF200044F00804F0E744F01004EDE77F2C41D8FA
:10DF3000A5F13002092A09D8600602D503FB08289A
:10DF4000E2E703FB072744F02004DDE72A2D12D186
:10DF5000BBF1000FD8D1079A650602F104010791C1
:10DF600002D5D2F80080CFE71768002FEBDA7F42A6
:10DF700044F02804C8E72E2D04D16006A2D444F052
:10DF80004004C1E7242D15D1BBF1000F60D0039BE5
:10DF900014F0400514BF42463A4607A90298079379
:10DFA00006F095FC079A0A23111D0791002DD8D180
:10DFB0001768A9E76C2D06D1220648BF44F4007407
:10DFC00044F08004A0E7682D06D1E50548BF44F47D
:10DFD000007444F4807497E74C2D02D144F420740B
:10DFE00092E76A2DFAD07A2D8ED0742D8CD0BBF1A9
:10DFF000000F06D0039B5A4607A90298079306F024
:10E0000066FCB8F1000F45F02003B8BF24F04004CF
:10E01000A3F16502BCBFA4B24FF00008022A01D9E7
:10E02000612B1AD14FF00708079BAE4D073323F041
:10E0300007030833079324073CD505EB0804A6EB38
:10E04000050BA54205EB0B0636D1A7EB080711E13E
:10E05000D846BB464446474656E7632D09D1079B41
:10E060004FF001081A1D07921B6808AD8DF820308B
:10E07000E1E7732D27D1079B1A1D07921D689A4B64
:10E08000002D08BF1D4614F0400F14BF41464FF04D
:10E09000FF31284606F09FFB8046CCE7494620200A
:10E0A000D0470028FFF606AF013FB845A4EB0706AE
:10E0B000F4D3C2E7F419F8E7494615F8010BD04745
:10E0C0000028BEDAF6E6642D01D0692D45D1200680
:10E0D000079B38D5A10531D5073323F0070303F19A
:10E0E00008020792D3E90001002871F1000304DA65
:10E0F000404261EB410144F4806424F0100B50EA8B
:10E1000001031FFA8BFB04D1640602D5B8F1000F9E
:10E110007DD00A2308AC224606F069FB021B1BF0E7
:10E12000400F76D02BF0010390459BB279DD1DB9ED
:10E130002BF0110B1FFA8BF344466CE01A1D07926B
:10E140001868C117D0E71A1D0792E2051868F8D5BC
:10E15000A3054CBF40B200B2F3E7752D19D10A23D5
:10E1600024F01004A4B22106079A3DD5A00536D5A7
:10E17000073222F0070202F108010791D2E90001FB
:10E1800050EA01023AD024F006041FFA84FB08ACDE
:10E19000C1E76F2D1ED0702D04D144F01004102360
:10E1A0007825E0E7782B04D1C5F1780343F010031C
:10E1B000D9E7622B11D049462520D0470028FFF629
:10E1C00079AE49462846D0470028FFF673AE02369E
:10E1D000019B61E608230025C5E70223C3E7111D63
:10E1E000079110680021CBE7111D0791E105106828
:10E1F000F8D5A2054CBFC0B280B2F3E724F0160BED
:10E2000064061FFA8BFBC2D5B8F1000FBFD142469E
:10E2100085E714465B4613F0100B2DD01DB9013471
:10E2200002E01446F7E70234190707D4D90739D5B5
:10E23000A74239DDA7EB04083C469044BBF1000F30
:10E240003DD0494630200492D0470028FFF632AE38
:10E25000049A5DBB0136B044A8EB06039A4245DB45
:10E26000904695190DF1200BA5EB0806B8F1000FAB
:10E2700046D13F1B374454E040F206410B42D3D015
:10E28000CDE749462020CDE90432D0470028FFF6EB
:10E2900011AEDDE904320134A74206EB0401F0DCE3
:10E2A0000E46CBE7361BF7E79046C7E749462846B8
:10E2B00004920236D0470028049ACCDAFAE540F2FC
:10E2C00006410B42C7D013F0020F14BF2B202020B1
:10E2D00013F4806F049206F10106494618BF2D2001
:10E2E000E8E700BFA66201009F62010049463020B6
:10E2F0000492D047002806F10106049AACDAD9E569
:10E3000008F1FF3849461BF80800D0470028ABDA6F
:10E31000D0E549462020D047002806F10106FFF647
:10E32000C9ADBB1B002BF4DC52E700BF2DE9F04F59
:10E33000099E04468946002B40F083808A42154698
:10E3400045D9B2FA82F24AB1C2F1200701FA02F3CA
:10E350009540944020FA07F747EA03094FEA154E23
:10E36000230C1FFA85F8B9FBFEFC0EFB1C990CFB75
:10E3700008F143EA094399420AD9EB182CBF01205E
:10E380000020994202D9002800F01D810CF1FF3CC9
:10E39000591AA3B2B1FBFEF00EFB101100FB08F8F6
:10E3A00043EA0144A04505D92C1902D2A04500F248
:10E3B0000E810138A4EB080440EA0C4000271EB18E
:10E3C000D4400023C6E900433946BDE8F08F002A57
:10E3D00051D0B2FA82F2002A40F0AF80491B4FEAD6
:10E3E000154E1FFA85F80127230CB1FBFEFC0EFB2E
:10E3F0001C1108FB0CF043EA014398420AD9EB18C0
:10E400002CBF01210021984202D9002900F0D780B9
:10E410000CF1FF3C191AA3B2B1FBFEF00EFB101178
:10E4200008FB00F843EA0144A04505D92C1902D2A3
:10E43000A04500F2C1800138A4EB080440EA0C407A
:10E44000BDE78B4208D9002E74D00027C6E9000131
:10E4500038463946BDE8F08FB3FA83F767B98B4287
:10E46000C0F0A480824240F2A1803846002EABD09A
:10E47000C6E90049A8E7FFDEC7F12005BB4002FA64
:10E4800007FC01FA07F4EA4020FA05F8E94000FA2F
:10E4900007FE1A4348EA04044FEA1248200C1FFA08
:10E4A00082F9B1FBF8FA08FB1A110AFB09FB40EAF2
:10E4B00001418B450AD951182CBF012300238B45FC
:10E4C00002D9002B00F088800AF1FF3AA1EB0B0182
:10E4D000A4B2B1FBF8F008FB101100FB09F944EA03
:10E4E0000141894504D9511801D289457BD80138A9
:10E4F00040EA0A40A1EB0901A0FB0C8949454446CA
:10E500004B4602D306D1C64504D20138B8EB0C0401
:10E5100069EB0203002E5DD0BEEB040261EB030148
:10E5200001FA05F522FA07F3F94000271D43C6E971
:10E53000005149E73746304646E7C2F12000954092
:10E5400001FA02F721FA00F34FEA154E24FA00F11E
:10E550001FFA85F894403943B3FBFEF00F0C0EFB15
:10E56000103300FB08FC47EA03439C4507D9EB182E
:10E570002CBF012700279C4500D98FB30138A3EB9E
:10E580000C0389B2B3FBFEF70EFB173307FB08FC45
:10E5900041EA03418C4504D9691801D28C4525D83C
:10E5A000013FA1EB0C0147EA00471DE7841A61EB2C
:10E5B00003030120994659E702382C443CE7ACF1AB
:10E5C000020C2B4426E7ACF1020C2B44E0E60238A7
:10E5D0002C44EFE63746F7E6AAF1020A114475E744
:10E5E00002382B44CBE70238114481E7023F29442B
:10E5F000D7E700BF836800EBC101B3F5004F2CBF24
:10E6000051F8220031F81200704700EBC101806818
:10E61000B0F5004F2CBF41F8223021F8123070477E
:10E6200008B50122FFF7E6FF00F0010008BD08B5BC
:10E630000122FFF7DFFF400808BD836800EBC1013E
:10E64000B3F5004F08D34B681AB143F001034B6098
:10E65000704723F00103FAE74B881AB143F0010336
:10E660004B80704723F00103FAE753000122FFF7C4
:10E67000CCBF08B58368B3F5004F06D3FFF7D7FFCB
:10E6800001288CBF0020012008BD0020FCE7836822
:10E69000B3F5004F2CBF08230423C91A081AC00879
:10E6A00070478368481CB3F5004F2CBF0223012339
:10E6B000C01AB0FA80F0C0F11F0070472DE9F04198
:10E6C000164604460F46FFF7B2FF31460546204680
:10E6D000FFF7ADFF05442A4639462046FFF7C5FF40
:10E6E00031462046FFF7A3FF2B4631180022204673
:10E6F000BDE8F041FFF789BF2DE9F04114460F4610
:10E700000546FFF794FFA4EB07083E1B064442466C
:10E7100039462846FFF7A9FF324621462846FFF72B
:10E72000A4FF4346002221462846FFF76EFF2146FC
:10E730002846FFF77CFF3346211800222846BDE813
:10E74000F041FFF762BF2DE9F041904603220E46EB
:10E750000446FFF74FFF8642054608F104070BD138
:10E76000012303FA08F2E36823EA0203E3600023CB
:10E7700044F82730BDE8F081314602222046FFF7F9
:10E7800039FF06462B46014644F82750204603220F
:10E79000FFF73BFF334629462046BDE8F041022201
:10E7A000FFF733BF38B504460D46FFF762FF70B977
:10E7B00029462046FFF73BFF01462046FFF771FF41
:10E7C000294602462046BDE83840FFF7BCBF38BDA9
:10E7D0002DE9F04705468A46FFF763FF05EB800702
:10E7E000D7F810900646B9F1000F1BD04FF0030880
:10E7F0003C6928462146FFF71AFF504507D33246A9
:10E8000021462846FFF79FFF2046BDE8F0870322F8
:10E8100021462846FFF7EEFEB8F10108386101D025
:10E820008145E5D14FF0FF340136EA68B440144029
:10E83000EAD094FAA4F2B2FA82F2131D55F82340FA
:10E84000DEE72DE9F04104460D46FFF712FFD0BB8D
:10E8500029462046FFF7EBFE01462046FFF721FF41
:10E8600004EB800216699EB9012303FA00F0E36805
:10E8700029460343E360204615612B460222FFF739
:10E88000C4FE032229462046BDE8F041FFF7BDBE85
:10E89000022231462046FFF7ADFE0746034602221C
:10E8A00029462046FFF7B1FE33460322294620467B
:10E8B000FFF7ABFE032239462B462046FFF7A5FEA5
:10E8C00002223146DFE7BDE8F08170B5002957D05C
:10E8D00004682046FFF7DBFE054601462046FFF7A9
:10E8E0009FFE30B980F31188BFF36F8F0423184661
:10E8F00002DF29462046FFF79AFE2E1800223146F5
:10E900002046FFF777FE301A854207D0002383F3B5
:10E910001188BFF36F8F0423184602DF00222946B7
:10E920002046FFF78AFE2946FFF781FE2E18314662
:10E930002046FFF775FE40B931462046FFF732FF0B
:10E94000324629462046FFF7B9FE294600222046D6
:10E95000FFF750FE2E1A31462046FFF761FE48B9F8
:10E9600031462046FFF71EFF2A4631462046FFF774
:10E97000A5FE354629462046BDE87040FFF761BF39
:10E9800070BD70B5056809B9002070BDAA6801F0B6
:10E990000703B2F5004F2CBF082404240733234497
:10E9A000DB0803EBD104944228BF144628462146D5
:10E9B000FFF70EFF06460028E6D001462846FFF77F
:10E9C00036FEA04209D93444314628462246FFF794
:10E9D00093FE21462846FFF734FF284601223146A0
:10E9E000FFF72BFEAB68B3F5004F2CBF08200420C7
:10E9F00000EBC6002844C8E71146FFF7C2BF2DE967
:10EA0000F84306684F42B4680F40B4F5004F34BF76
:10EA100004230823B942154609D0BB4228BF3B4610
:10EA2000B946CF1B6DB900242046BDE8F883994252
:10EA300004D8BDE8F8431146FFF7A3BF4FF0000923
:10EA4000F0E7B4F5004F2CBF08200420FB1AEA08B9
:10EA500005F0070102EBD302073103F007030B4473
:10EA6000034402EBD301A14228BF21463046FFF701
:10EA7000AFFE80460028D6D0B36809EBC004B3F5DA
:10EA8000004F2CBF082304231C4434447B1E1C4429
:10EA9000B4FBF7F47C43A4EB090421463046FFF7AE
:10EAA000F6FD2544073525F00705AD1B80450746D3
:10EAB0004FEAE50508D2024641463046FFF71CFE04
:10EAC00041463046FFF7BDFE39463046FFF7AFFD01
:10EAD0003844854208D2394630462A46FFF70CFEB4
:10EAE00029463046FFF7ADFE012239463046FFF792
:10EAF000A4FD99E7B2F5802FF8B52CBF08250425B1
:10EB0000551B0022CC1D0D4424F0070425F00705F9
:10EB10002D1BED0804602946A560E2602046FFF742
:10EB2000C0FD134686001B36F60804F1100198421A
:10EB30002FDA324620460021FFF797FD00232046BA
:10EB40001A461946FFF761FDAF1B2046012200213E
:10EB5000FFF773FD3A463146FFF787FD33463146EE
:10EB600020460022FFF751FD294620460022FFF7EC
:10EB70007CFD3B46294620460022FFF746FD2946FC
:10EB800020460122FFF759FD3146BDE8F840FFF766
:10EB900058BE41F8042B0133C9E7002070470FB479
:10EBA00007B504A951F8040B0191F8F7F7F803B081
:10EBB0005DF804EB04B07047044608B508461146FA
:10EBC0001A46A047FEF768FEF8F7E2FD0022036848
:10EBD0000BB9184670478B4210D10B6842B9426896
:10EBE0000360914200D14360002301200B60704715
:10EBF00013604368994208BF4260F5E71A461B68F4
:10EC0000E6E7038B13F0070305D10368002B0CBF65
:10EC1000002003207047022B05D1438B002B14BF2B
:10EC2000002004207047012B05D10368002B0CBF86
:10EC3000002005207047002070472DE9F0410D4667
:10EC400007461946281D90461E4600F0D3F8044694
:10EC500038B13346424629463846A446BDE8F0411D
:10EC60006047BDE8F08110B4EFF31182202484F3F3
:10EC70001288BFF36F8F416110BC0121F8F7BCB857
:10EC800010B50C4640B139B1081D00F0A2F828B902
:10EC9000A36833F0030301D06FF0150010BD38B541
:10ECA0000C46054658B151B10B6843B14B6833B1BE
:10ECB0001C22002105F087FD00202C6138BD6FF07B
:10ECC0001500FBE770B504460D46FFF7D9FF061E99
:10ECD00030DBEFF31181202383F31288BFF36F8FB2
:10ECE0004FF6FF76638B208BB34200F007022ED0E5
:10ECF000022A0ED1013363831646012381F3118862
:10ED0000BFF36F8FB3B1002329462046FFF795FF6D
:10ED100010E0830701D0062A0ED100232B60636820
:10ED200093B9C4E90055164662B90A462046022145
:10ED3000F8F762F8304670BD052A0CBF6FF0850603
:10ED40006FF004060023D9E71D606560EBE76FF004
:10ED50000A06F7E710B5EFF31182202383F3128838
:10ED6000BFF36F8F048B04F00704022C0AD0012C30
:10ED70000CBF6FF004006FF0850082F31188BFF3C1
:10ED80006F8F08E0438B013B9BB2438323B921463D
:10ED9000F8F732F8204610BD2046EEE738B5A8B1A6
:10EDA000A1B1EFF31185202282F31288BFF36F8F98
:10EDB000048BFFF70BFF30B104F0070085F31188D7
:10EDC000BFF36F8F38BD6FF07700F7E76FF0150076
:10EDD000F8E760B1436803F00303012B03D0032B72
:10EDE00005D103681BB100238360184670476FF09C
:10EDF000150070474268034602F00302032A4FF0F1
:10EE0000000281600CBF006810465A60704770B500
:10EE10000C888D880669641BA4B2B442B5B224BFC5
:10EE2000641BA4B22D1BADB2AB4228BF2B460068B9
:10EE3000044414600A8818461A440A8070BD30B42D
:10EE4000858983885B1B05699BB2EB1A934228BFB7
:10EE5000134630BC0A46011DFFF7D9BF30B4044643
:10EE6000C38834F80A5F5B1B9BB2934228BF1346EA
:10EE70000A46214630BCFFF7CABF10B54B880C8844
:10EE8000E41AA4B294420DD31A4492B28B884A80F9
:10EE90000A800069D21A92B2824201D303448B8065
:10EEA000002001E06FF0150010BD2DE9F341074689
:10EEB000884616460025324601A93846FFF7BFFFAF
:10EEC000044640B102464146019805F06EFC361BEF
:10EED0002544A044EFD12A46391D3846FFF7CDFF1F
:10EEE000284602B0BDE8F0812DE9F34180460F4687
:10EEF00016460025324601A94046FFF7AFFF0446FB
:10EF000048B12FB102460199384605F04EFC27441E
:10EF1000361B2544EED12A4608F10A014046FFF788
:10EF2000ACFF284602B0BDE8F081704705F04BBC4D
:10EF300005F03BBC01460068F8F7C4B808B5F8F71F
:10EF4000F1F8BDE80840F8F713BC00210120F8F7FC
:10EF5000B9B8C36E83F30B8870476FF085007047B4
:10EF600061B662B680F31188BFF36F8F704772B6D7
:10EF7000002383F31188BFF36F8FBFF34F8F30BF30
:10EF800062B6BFF36F8F704772B6002383F31188A8
:10EF9000BFF36F8FBFF34F8F20BF80F31188BFF394
:10EFA0006F8F62B6704740E800F313F4803FD8B229
:10EFB00008BF6FF01500704730B585B00C684B681E
:10EFC0009DF808200D890094498924F01F04013B15
:10EFD00065F30402234461F3471223F01F036946DB
:10EFE0008DF808200393F8F769FC05B030BDFDF7F4
:10EFF000F1BB08B5F8F73AFE002008BD70470023C2
:10F0000003824369C3607047C1698968F8F79CBE91
:10F01000037A01330372704710B508B14B6843603F
:10F0200000234C6808464B60F8F70CFF204610BDE3
:10F03000C0F307230870000C8870000A4B70C8707A
:10F0400070478388026819448180D018704710B5D2
:10F0500084880368234414448480184605F0A5FB83
:10F0600010BD10B5838802685C1C8480D154D01810
:10F0700010BD838830B502689D1C8580D418D1549A
:10F08000090A617030BD03469A880846196810B4B1
:10F09000141D9C80114410BCFFF7CABF8388591A05
:10F0A00089B2818000680844704783885B1A838036
:10F0B00003681944016008467047FDF763BE4FF0CE
:10F0C000FF324FF0FF330430FDF7E4BD90F86C00E1
:10F0D000C0F34110704783691B69D3F8800000F0CA
:10F0E00001007047F8B505461E460C461746FFF767
:10F0F000E6FF95F86C309B0715D424B1012C10D095
:10F100006FF0150408E0296F0029F9D000249DF85C
:10F1100018300F714E718B71281DFFF7CEFF2046FE
:10F12000F8BD696FF0E76FF07704F5E790F86C00D1
:10F13000C0F38000704738B50446FEF7E3FA204676
:10F14000FFF7BDFFA06940B96FF01205201DFFF762
:10F15000B4FFFEF7EBFA284638BD94F86C30DB07B5
:10F1600016D404F0A9FE0028EED02046F9F7CEFC14
:10F1700005460028EAD10146242204F1280005F0C2
:10F1800022FB94F86C3043F0010384F86C30DDE727
:10F190006FF07705DAE770B50446FEF7B3FA20465C
:10F1A000FFF78DFF94F86C10CB0730D5C1F3400109
:10F1B00081BBA06901F0ABFE0646A06901F036FFF5
:10F1C0000546B0B9A36F4BB13146204600F057FA5F
:10F1D0000546A8B1A06901F051FF0AE0A06901F05D
:10F1E000CEFEA0670028EFD1A06901F047FF6FF0C5
:10F1F0000B05201DFFF761FFFEF798FA284670BD4A
:10F2000094F86C3043F0020384F86C30F1E74FF06F
:10F21000FF35EEE76FF07705EBE7024652F8643F03
:10F22000934208D043B11A7A8A4205D0826E934243
:10F2300001D01B68F6E700231846704770B50446F6
:10F240000E46FFF73CFF94F86C30DB0717D43369A8
:10F250000BB9F368B3B1636E1BB904F16403C4E97D
:10F26000193335688DB9A36E04F16402C6E9002331
:10F270001E60A666201DFFF720FF284670BD4FF0D8
:10F28000FF35F7E76FF01505F4E76FF07705F1E765
:10F2900010B5044654F84C3FA3420FD07BB15C7DBF
:10F2A0008C4204D1032907D11C7A944207D0046D03
:10F2B000A34203D01B68F1E70F29F7E700231846A4
:10F2C00010BD2DE9F84305460C46071D4FF0FF32EF
:10F2D0004FF0FF333846FDF7DDFCD5F87490B9F1F7
:10F2E000000F7AD0D5F87080B8F1000F75D095F87E
:10F2F0006C30DB0771D4EB6C1BB905F14C03C5E92D
:10F3000013332368002B6BD1637D0F2B09D1237A34
:10F31000012B22D02B6D05F14C02C4E900231C60A7
:10F320002C65637D032B3CD1EB6C05F14C009842BE
:10F3300043D0002B41D0D5F850C05A7D032A3AD192
:10F340009C451A7A01D01968A1B9013222722B6D3D
:10F35000C4E900031C602C6516E0E1682846FFF74D
:10F360006DFF06460028D5D03846FDF70BFD304628
:10F37000BDE8F8834E7D032E15D0013222724B6812
:10F38000C4E900131C604C60637A022B18D0032B75
:10F390001CD0012B05D1237A89F80E30237A88F806
:10F3A0000E300026E0E70E7A013EB242E5D11B683E
:10F3B000002BC2D101E09C45F9D100232372C6E79E
:10F3C000237A89F80F3088F80F30EAE7237A89F832
:10F3D0001030237A88F81030E3E74FF0FF36C3E7A8
:10F3E0006FF07706C0E703680BB1007A70471846E4
:10F3F00070478388C288D21A03688068181A101A66
:10F40000704770B50C46154600F028FC40B14068C6
:10F4100083681B6823B12A462146BDE8704018471F
:10F4200070BD38B580210446806901F0CBFD0546EA
:10F4300050B10146204600F0B7FD044610B1284601
:10F44000F8F700FD204638BD6FF00B04FAE738B539
:10F450000446806FFFF7DCFD0546FFF7D0FD204630
:10F46000294600F0A1FD044610B12846F8F7EAFC51
:10F47000204638BD2DE9FF478046894615461E4681
:10F48000FFF724FE044676B34046FFF724FE01282A
:10F4900026D0FFF7ACFD6FF085030360002004B0B9
:10F4A000BDE8F087786883681B6B0BB93F683DE067
:10F4B000214698470028F9D0A0F1040A5AF8041F01
:10F4C0000029F3D00D78002DF0D03046FFF791FFE2
:10F4D00085428CBF82B2AAB23046FFF7B8FDEDE795
:10F4E000B4FA84F464096A1CD2B22146404600F0A2
:10F4F0006CFA07460028CCD045684EB12868696888
:10F5000001AB03C32A7A01AD1A7007238DF80530C9
:10F5100009F10C063046FFF76CFF2A782946824233
:10F5200028BF02463046FFF792FDFF68002FB9D191
:10F53000B9F81010B8F82E309942AFD9C91A304630
:10F54000FFF7ACFDAAE770B504460E46856803696F
:10F55000A033D3E8AF3F9B070BD5EB6B98476B6AA3
:10F560003146204698472B6C064620469847304641
:10F5700070BD4FF0FF36FAE7F8B504460E46174661
:10F5800085680369A033D3E8AF3F9B070ED5AB6A0C
:10F590007BB1EB6B9847AB6A31463A4620469847B9
:10F5A0002B6C0646204698473046F8BD4FF0FF3694
:10F5B000FAE76FF08506F7E7C3880BB10378DB093C
:10F5C00083F0010070472DE9F04190F8283004469F
:10F5D000C3F30403DAB2012A0E4600F1280518D05D
:10F5E0005BB2DBB1022A20D1818DC9B200F036FBBB
:10F5F0000246D0B12846FFF7DFFF53689A6890B102
:10F600009468CCB13246294618462346BDE8F041FD
:10F610001847818DC9B200F008FBE9E790F829107E
:10F6200000F03FFBE4E7D468EBE794F829102046AC
:10F63000FFF7F3FD024628B9FFF7D9FC6FF0850309
:10F6400003600EE02846FFF7B7FF68B117695FB1A6
:10F65000FFF7CDFC3246804629462046B847C8F819
:10F6600000000020BDE8F081E38D002BE4D094F889
:10F670002830DB09E0D0D768002FDDD0E8E710B5EF
:10F68000044619B9002084F8300010BDFFF7DFFEF2
:10F690000028F7D0F9E738B50D4600F0AAF9B8B15F
:10F6A000C468ACB12B78032B07D0052B0CD0022BF0
:10F6B00008D1606883689B6902E0606883685B6961
:10F6C00003B198472468ECE760688368DB69F7E773
:10F6D00038BD012211F0800F10B518BF21F0800154
:10F6E00004681BBF01F1100302FA03F302FA01F1EF
:10F6F0009C4308BF8C43046010BD0B0644BF21F03F
:10F7000080011031C84000F0010070472DE9F04140
:10F7100007460D460126286868B3F4B244F0800815
:10F720004146FFF7EAFF80B141463868FFF7E5FF41
:10F7300018B96FF01500BDE8F08141463846FFF773
:10F74000C8FF41462846FFF7C4FF21462868FFF757
:10F75000D4FF68B121463868FFF7CFFF0028E8D012
:10F7600021463846FFF7B5FF21462846FFF7B1FF8F
:10F770000136102ECFD10020DDE72DE9F04F002714
:10F780005368D4688DB00690CDE9032102930A979F
:10F79000002C00F0D2803E46002560680B958368FF
:10F7A0001B6BABB10499984790B1B846C4E90355B7
:10F7B000A0F1040A0795DAF804300BB11A7842BBBD
:10F7C000B84540F2B7804746E3680B9A1343E360BD
:10F7D000606883689B6A002B00F0BE8098470246F1
:10F7E000002840F0A3806068049900F0FCF92468C8
:10F7F0000644002CD0D1029B0936B6B29E70360A60
:10F80000DE701F71039BDC68002C40F099800022A1
:10F810008CE05A780B2A08BF83F80280DAF80430AB
:10F820005A78042A14D1E2680B990A43E260DA7824
:10F83000002A6ED183F80280012303FA08F22369BB
:10F8400008F10108134323615FFA88F8079B0B93C3
:10F850005AF8049F99F80130052BACD16FF01202D1
:10F860004FF0010B069B9B69059399F8051099F8D9
:10F8700004305FFA8BF543EA0123ADF8263099F99D
:10F8800002300A98002BB8BF45F080052946FFF7E3
:10F8900034FF002845D129460B98FFF72EFF00289A
:10F8A0003FD199F8063099F803202946009305982E
:10F8B0000DF1260301F0ADF90246002831D1BDF863
:10F8C00026300121A9F80430012315F0800F89F8B2
:10F8D000025018BF25F080050B9A1BBF1035AB40B6
:10F8E00003FA05F51A4308BF2A430B9299F8023030
:10F8F0000A9813F0800F1DBF23F0800303F110025C
:10F9000001FA02F201FA03F314BF104318430A90FC
:10F9100051E708F1FF329A700BA90AA8FFF7F6FE2B
:10F9200094E70BF1010BBBF1100F9ED110460DB007
:10F93000BDE8F08F6FF01502F8E7274626465AE734
:10F94000E36804F10C01A3600AA8FFF7DFFE02469A
:10F950000028EBD1246857E76FF08502E6E738B559
:10F96000836904461B6993F88020036FC2F3411238
:10F97000022A0BD00CD8012A14BF08221022DA71F7
:10F98000E56D3DB9656D75B9002038BD2022F6E7FB
:10F990004022F4E72A4601212046FFF7EEFE002828
:10F9A000F3D12D68EDE72A4600212046FFF7E5FE5A
:10F9B0000028EAD12D68E6E7FDF7E4B94FF0FF3201
:10F9C0004FF0FF330430FDF765B921B101290DD0A7
:10F9D00000231B68FFDE5430006848B143685B7940
:10F9E000934205D000680028F8D170475C30F3E7F7
:10F9F000704710B590F830300446022B09D1FFF75C
:10FA000065FB94F8382001462046BDE81040FFF71A
:10FA1000DCBF002010BD08B5FFF7D7FF003018BFCE
:10FA2000012008BD2DE9F04104460E46FFF74EFBCC
:10FA300094F838308046CBB9002E3BD03246414650
:10FA40002046FFF7C2FF0746A8B10246204600F055
:10FA500000FA054688B984F83860FC686CB16068C3
:10FA600083681B6A03B198472468F7E72046FFF7CD
:10FA7000C0FF074620B96FF03C052846BDE8F0817D
:10FA80000146204600F0B6F910220546002104F197
:10FA90003A0004F098FE002384F83830FF6817B964
:10FAA000002DC9D0E9E7786883685B6A03B198479D
:10FAB0003F68F4E784F838603546DEE72DE9F04129
:10FAC00006460D4614465768FFF778FF96F86C30E7
:10FAD000D90776D4012D1AD0FB799A061FD42DB3FD
:10FAE000012D19D1736D33BB06F15C080022D8F8E3
:10FAF000003043BB002D58D1336F5B7C013362680B
:10FB0000DBB25371002D54D1326F537429E030466B
:10FB1000FFF7E1FA0028DFD16FF0850534E0B36923
:10FB20001B69D3F880309B07D9D4F5E7F36D33B95F
:10FB300006F15408DAE7A34246D01B68D3E7A34294
:10FB400042D01B68F3E79C422CD1236812BBD8F843
:10FB50000420C8F80030944201D1C8F804300023D2
:10FB60002360A16841B13046FFF7ABFB054658B9A9
:10FB7000A068FFF738FCB87100252560D8F804307C
:10FB8000DBB91D46C8E90044301DFFF715FF2846C4
:10FB9000BDE8F0811360D8F804309C4208BFC8F873
:10FBA0000420DCE71A461B68A3E7012DA6D1736F7A
:10FBB000A3E7012DD5D1726FA7E71C60C8F80440F8
:10FBC000E2E76FF00F05DFE76FF01505DCE74FF0B8
:10FBD000FF324FF0FF330430FDF75CB8D0E8AF0FD1
:10FBE00000F00100704708B583681B6B5BB1984754
:10FBF0000346002023B153F8042B0AB1127802B94E
:10FC000008BD1044F6E71846FAE710B51C46FFF7A2
:10FC1000DCFE48B1C06838B10122A24003691A4233
:10FC200002D100680028F9D110BD10B50C46FFF7CD
:10FC3000E0FE48B1C06838B10123A3400269134215
:10FC400002D100680028F9D110BDD1F81A008368EC
:10FC50001B6903B118476FF08500704770B5012428
:10FC600001F07F0311F0800F18BF10339C4090F813
:10FC700030300546022B01D0002070BD90F838606E
:10FC8000FFF724FA324601462846FFF79EFE002879
:10FC9000F2D0C0680028EFD083681C42EDD1006824
:10FCA000F8E738B50C46FFF7A4FE80B1C06870B124
:10FCB0004368DA681AB100231179994201DC0068BF
:10FCC000F5E71568ED5CA54201D00133F5E738BDD5
:10FCD0002DE9F84305460846114690469946F8F73F
:10FCE0002DFF0446002837D02846FFF770FF95F80F
:10FCF0006C30DB0707D56FF00F04281DFDF742F8C5
:10FD00002046BDE8F88304F1140630466768FFF723
:10FD100065FF0028EFD17B680BB19D42EBD14A46CD
:10FD200041462846FFF751FE98B10023236003693E
:10FD300063B9C0E90344D6E8EF3F43F00103C6E8E6
:10FD4000E23F002AF7D17D600024D6E71C60046101
:10FD5000F1E76FF03C04D0E76FF01204D0E72DE933
:10FD6000F8430D464C689846064617469DF8209085
:10FD7000FFF7ACF9A36801461B6B1BB96FF01500C8
:10FD8000BDE8F883204698470028F7D0041F0020DC
:10FD90000C3554F8041FC9B9002814BF00206FF0B7
:10FDA0003C00EDE7052BF4D10028F2D0012F07D05D
:10FDB000022FEED12A468978B06900F0DAF803E024
:10FDC0002A46B06900F0BCF880B1D9E70B78002B67
:10FDD000E2D04B78042BE5D150B98B784345D8D18C
:10FDE000CB784B45D5D10B79002BC9D00120D0E77A
:10FDF0000020C5E72DE9F0410646CC6814B9002083
:10FE0000BDE8F081012504F10C07E368C3B165F09A
:10FE10007F01C9B221F080021032D340DA075FFAC5
:10FE200085F80FD4E368EB40DB0706D53A46414638
:10FE3000B06900F09EF80028E2D10135102DE4D120
:10FE40002468DBE73A46B06900F093F80028E9D06F
:10FE5000D6E72DE9F347002406468846A1465568B3
:10FE60006F792B79A34203DC002002B0BDE8F08754
:10FE70005FFA84FA414653463A463046FFF7C5FEDC
:10FE8000014650B1CDF80090534601223046FFF7AD
:10FE900066FF0028E9D10134E3E76FF03C00E4E7B6
:10FEA0002DE9F74380460C461746FFF7BEFE06468F
:10FEB00028B96FF00105284603B0BDE8F0830F2C88
:10FEC000F7D808EB040999F83A5001460097234601
:10FED00000224046FFF743FF0028EAD10095234661
:10FEE000022231464046FFF73AFF05460028E2D19C
:10FEF00000972346012231464046FFF730FF054672
:10FF00000028D8D1706883685B6813B13A462146EF
:10FF1000984789F83A70CEE7012211F0800F10B5AA
:10FF200018BF21F0800104681BBF01F1100302FA21
:10FF300003F302FA01F19C4308BF8C43046010BD37
:10FF400037B58B790D46009314468B88CA7889782B
:10FF500000F0DCFE58B90123AA78216812F0800F66
:10FF60001CBF22F08002103293400B43236003B089
:10FF700030BDF8B506460D46174600F00CFF0446A6
:10FF800058B929463846FFF7C7FF2946304600F0E2
:10FF9000D5FF044608B9FDF7FDFB2046F8BD0A462B
:10FFA0008069802100F0FABF2DE9F0410B7E054603
:10FFB0005A060C462FD11B0624D5FFF7B7F870BBA5
:10FFC0002846D5F87080268AEF8DFFF77FF8F8B1C4
:10FFD00001280CBF40210021238A9BB1BE42334639
:10FFE00028BF3B46EA8D9A420CD9B3FBF1F201FBE4
:10FFF00012333BB994F91830002BBEBF637E43F037
:020000021000EC
:10000000080363762146A869BDE8F04100F039BFD6
:1000100098F80710E0E76FF01500BDE8F0814FF0A9
:10002000FF30FAE743689869F8F7A6BE70B591F912
:1000300018300646002B0C46456807DBC4F81A60EA
:100040002146A869BDE8704000F01BBF2846FFF7B5
:100050006DF80028F2D04FF0FF3070BD806900F0DD
:10006000C2BF38B5054680690C4600F0B0FE58B9ED
:10007000012314F0800F18BF24F080046A6B18BFAE
:100080001034A34013436B6338BD70B505468069D7
:100090000E4600F0C6FE044620B9314605F1340094
:1000A000FFF73AFF204670BD0B0648BF21F08001E4
:1000B000406B48BF1031C84000F001007047F8B5F0
:1000C00005460F46061D4FF0FF324FF0FF33304616
:1000D000FCF7E0FDEC692CB9EF613046FCF752FE0D
:1000E0002046F8BD6FF07704F7E7C36982B08DF85A
:1000F000001001922BB102AB13E9060002B0F8F731
:1001000047BD02B07047C36982B08DF800100192FC
:100110002BB102AB13E9060002B0F8F739BD02B00B
:100120007047704703695B68D3E90320012918BF52
:100130001046704743680361037A1BB1012B0BD053
:10014000032300E001234375437A013B032B05D8C9
:10015000DFE803F0121416180223F4E700230375F6
:10016000837A062B10D0072B10D0052B10D100233B
:100170008375837EC37570470123F0E70223EEE7A2
:100180000323ECE70423EAE70123F1E70223EFE787
:100190000323EDE7036993F838007047036993F888
:1001A000402012B993F83800704701207047036966
:1001B000C3E9071270470229036907D0042907D051
:1001C000012907D11B691360002070471B7EFAE7E5
:1001D0005B7EF8E76FF085007047D0E8AF0F08410D
:1001E00000F00100704710B5036940685B689C68C7
:1001F000FEF76CFF01280CBF94F8440094F8260029
:1002000010BD10B5036940685B689C68FEF75EFF2F
:1002100001280CBF94F8520094F83D0010BD10B5B1
:10022000036940685B689C68FEF750FF01280CBFBB
:1002300094F84B0094F8360010BD08B54068FEF7FE
:1002400045FF012814BF40204FF4007008BDD0E8DE
:10025000EF3F03EA0102C0E8EC2FBCF1000FF6D13A
:100260001846704710B50469606BFEF73DFE10B18B
:10027000012384F8393010BD10B50469606B4289E0
:10028000C3889A4202D14FF0FF3010BD0122FEF721
:100290002BFE0028F7D004F17800FCF799FF00202E
:1002A000F3E738B50469EFF31185202383F312884F
:1002B000BFF36F8FE06BFEF7F8FD85F31188BFF396
:1002C0006F8F10B1012384F8413038BD38B550F834
:1002D000083C0446002B4FD050F8243C00F1640544
:1002E0005B6802211A680023838283832846FFF714
:1002F00074FFB8B154E9023110699847637D1BB1AE
:1003000004F15400FCF764FF05212846FFF765FF60
:1003100098B9637F6BB10022002304F12400FCF73D
:10032000C7FF0AE003212846FFF757FF0028E1D165
:10033000E4E714F8093C002BEDD102212846FFF731
:100340004CFF38B123695A89DB889A4202D0204693
:10035000FCF73EFF03212846FFF73FFF60B1A2698B
:100360009388918912695B1A9BB29A4204D0204605
:10037000BDE83840FCF72CBF38BD38B503461B69D3
:1003800040685D68AC68A37A84F8223094F82D3018
:1003900084F82330696841B1237C33B9FEF791FFBB
:1003A00018B96868FFF71FF82074002038BD38B509
:1003B0004B780469202B4568206907D0222B18D080
:1003C000FEF715FE6FF08503036010E0CB88072B66
:1003D000F6D1D3681A6842609A8802819B79837249
:1003E000FFF7A8FE224608212846FFF78CFE0020D2
:1003F00038BD4A88092193B28281C3F3400203F0D9
:100400000103027643762246EEE720297FB536D0F7
:100410000BD8082935D0102935D001290CBF00246C
:100420006FF01504204604B070BD80292DD004D88B
:1004300040292CD06FF01504F4E7B1F5807F28D067
:10044000B1F5007FF6D1402304699BB2E18912B374
:100450000B4342F2A1014FF40032E381CDE90112D6
:10046000ADF80C300669436800211C6806F188036A
:100470001846FFF7B2FE88B96FF00C04D2E70423E8
:10048000E2E70123E0E70223DEE71023DCE70823AD
:10049000DAE72023D8E721EA0303DAE70121184647
:1004A000FFF79BFE0028E7D12046FFF79CFE0A22BB
:1004B00001462046FFF7B6FD0546D8B10A2201A93C
:1004C0000C30FEF7C4FD20462946FFF7AFFD044679
:1004D00018B12846F7F7B6FCA4E74FF0FF324FF00B
:1004E000FF3306F18C00FCF709FD0B3008BF6FF0FD
:1004F0008B0497E76FF00B0494E700696FF0040139
:100500008830FFF7A4BE00696FF008018830FFF75C
:100510009EBE03696FF0020118698830FFF797BE2D
:10052000036993F8400030B1DA6B93899088C01A60
:1005300083B21069C01A704710B503696FF00101EA
:100540001C6988342046FFF782FE2046BDE8104033
:100550006FF00201FFF77BBE38B5046904F188052E
:10056000D5E8EF3F43F00403C5E8E23F002AF7D1A6
:10057000636B5A89DB889A4203D004F12400FCF7AC
:1005800027FE04212846FFF728FE28B904F1780049
:10059000BDE83840FCF71CBE38BD03691B698833D1
:1005A000D3E8EF2F42F00202C3E8E12F0029F7D190
:1005B000704770B503691C6904F18805D5E8EF2F11
:1005C00042F00102C5E8E12F0029F7D102212846B7
:1005D000FFF703FE10B11846FFF7BEFFE36B5A8921
:1005E000DB889A420AD103212846FFF7F6FD68B15D
:1005F00004F12400BDE87040FCF7EABD04F14800B6
:100600000022BDE870400023FCF752BE70BD0069B7
:1006100000F18803D3E8EF2F42F00802C3E8E12F8E
:100620000029F7D1C26B9388918912695B1A9BB23A
:100630009A4202D02430FCF7CBBD704708B5134670
:100640004A78212A13D12BB9FEF7D1FC6FF00B03A6
:1006500003600AE0CA880169072A096928BF0722DE
:10066000043103F10C00FEF7F2FC002008BDFEF798
:10067000BEFC6FF08503EBE708B50369022103F1C7
:1006800088021046FFF7A9FD28B1596BC88849892F
:10069000401A18BF012083F8380003211046FFF7E5
:1006A0009CFD40B1DA6B908891891269401A80B242
:1006B000801A18BF012083F84000012008BD70B5E2
:1006C00050F8782C00F110045268034600212046AF
:1006D0001568FFF782FDB8B301212046FFF77DFDC5
:1006E00090BB53F8442C28469388918916695B1A6D
:1006F0009BB2F61AFFF7A1FDB04225D8D4E8EF3F30
:1007000043F01002C4E8E12F0029F7D1DB061BD427
:100710002846FFF776FDF8F7B7FA0446A0B1284659
:10072000FFF78BFD638A984203D22846FFF785FDC9
:1007300083B2638221462846FFF778FC20B1204629
:10074000BDE87040F7F77EBB70BD2DE9F04103694D
:1007500006460D46D0F804801C690F7E2AB3FFF7C9
:1007600050FDB84205D16FF0100104F18800FFF789
:100770006EFD30462F7EFFF752FD874205D16FF0A8
:10078000200104F18800FFF762FD30462F7EFFF75D
:100790002AFD874203D104F18C00FCF7D7FB2946E0
:1007A0004046BDE8F041FFF759BCFFF72AFDB842CB
:1007B00015D12A8AE968606BFEF777FB28B1E369F7
:1007C0001BB104F12400FCF703FD6FF0100104F1EC
:1007D0008800FFF73CFD04F17800FCF7F9FC304697
:1007E0002F7EFFF71CFD874216D1E3691BB104F190
:1007F0002400FCF7EDFC6FF0200104F18800FFF706
:1008000026FDE36B5A89DB889A4205D0002200233B
:1008100004F14800FCF74CFD30462F7EFFF7E3FC67
:100820008742BCD104F18C00FCF734FBB7E72DE91B
:10083000F04750F8483C00F140055B68074600214E
:100840002846D3F80080FFF7C8FC00284BD00121D0
:100850002846FFF7C2FC002845D1D5E8EF3F43F01A
:100860002002C5E8E12F0029F7D19B063BD4404682
:10087000FFF7D5FCF8F708FA064658B928466FF096
:100880002001FFF7E4FC3846BDE8F04720220023B2
:10089000FCF70EBD8146428A59F80C1F57F80C0C24
:1008A000FEF722FB044601464846FEF7CAFB4CB160
:1008B0004046FFF7C2FCB4FBF0F303FB1044B4FA6C
:1008C00084F4640907F82D4C31464046FFF7AEFB2F
:1008D00048B13046F7F7B6FA2846BDE8F0476FF062
:1008E0002001FFF7B4BCBDE8F0872DE9F0410646D2
:1008F0000D4690461C4693B187683B689847002D8B
:1009000010DB84420ED8001BA8420BD3BF682346DD
:10091000424629463046BC46BDE8F041604718468D
:10092000BDE8F0816FF01500FAE7FCF72BBA38B597
:1009300044680569206803F0BFFA78B120688368CD
:100940001B689847002808DBD4E90132134483422E
:1009500007D8281D03F0A6FB002038BD6FF0120059
:10096000FBE76FF01500F8E74FF0FF324FF0FF3371
:100970000430FCF78FB92DE9F0410C464568064676
:10098000006917469846FFF7EFFF002C17DBD5E903
:10099000021304EB0800C91A884210D8D5E90001F7
:1009A00021446C7C214443463A46FFF79EFF0446AF
:1009B00030690430FFF7B9FF2046BDE8F0816FF0E1
:1009C0001504F5E738B50446807AF7F793F96169BD
:1009D000054649B1637ADB0704D4C36920461B6826
:1009E0009B6898470023636121462846BDE838404C
:1009F00003F0F2BB30B50906847C18D414F0400132
:100A000027D0018AC3F30A05C1F30A018D4220D819
:100A100002F0030002280DD003280ED0012815D1C2
:100A200014F0080219D013F4C05F05D00BE014F0E5
:100A30002001E5E7C4F3800030BD14F00200FBD0D4
:100A400013F4C05F07D0C4F30010F5E704F0010011
:100A5000F2E70020F0E70120EEE71046ECE7A030D7
:100A6000D0E8AF0FC0F340007047A030D0E8AF0F20
:100A700000F0010070470369A033D3E8AF2F41B104
:100A8000D3E8EF2F42F00402C3E8E12F0029F7D1A9
:100A90007047D3E8EF2F22F00402C3E8E12F0029CA
:100AA000F7D1704701F00F030269090648BF103300
:100AB00052F823007047007DC0F300107047037D9B
:100AC00061F304130375704708B502691046FFF718
:100AD000CCFF60B9087E00F00F03000648BF10335A
:100AE00042F82310084603F064FB002008BD6FF0B5
:100AF0000C00FBE700220023FCF798B903F076BB5B
:100B000003F05FBB407EC0F3C0007047437E6FF3CD
:100B1000C303437670471FB504698DF80410CDE90F
:100B20000220D4F8983001A9984704B010BD1FB531
:100B30000346046906208DF804002046CDE902131F
:100B4000FFF793FF40B1C1F81E20D4F8982001A907
:100B50001846904704B010BD4FF0FF30FAE72DE97A
:100B6000F843046907460E46D4F80090D4F8408054
:100B70004FF0FF324FF0FF3304F18400FCF78AF8A6
:100B80004046FFF7B7FF18BB4846FFF7B3FF0546DF
:100B900028BB99F814306FF3041389F8143098F8CF
:100BA00014306FF3041388F814302DBB012284F83D
:100BB000B020F6B13368C4F8A830736884F8B12067
:100BC000C4F8AC3038698430BDE8F843FCF7DAB8D3
:100BD00001466FF067023846FFF7A9FFD0E76B7E4A
:100BE000DB07D6D46FF0670229463846FFF79FFF30
:100BF000CAE784F8B160E5E72EB10822314605F175
:100C00000C00FEF724FA002229463846FFF78FFF32
:100C1000D8E72DE9F0470546894614461F46D0F827
:100C20000880FFF73FFF0646002838D0D8F83C3050
:100C300028469847B7F800A0494653462246304612
:100C4000FFF7D8FE814698B1BAF1000F10D12B6999
:100C500004F00304D3F88030DB0755BF40224FF483
:100C6000806211464FF40071022C0DD0032C11D07C
:100C70002846D8F840309847B9F1000F0CBF6FF004
:100C800085000020BDE8F087338A8B4228BF0B46E1
:100C90003B80EDE7338A934228BF1346F8E76FF0B5
:100CA0001200EFE72DE9F04706468A4690461F46B8
:100CB000D0F80890FFF7F6FE044620B3057DEB0759
:100CC0001ED43B4642465146FFF794FED8B19DF8EC
:100CD000203025F0060584F8198067832377257571
:100CE000D9F818302146304698470346B0FA80F0CC
:100CF000227D400960F3000222751846BDE8F087A6
:100D00006FF07703F9E76FF01203F6E72DE9F3418F
:100D100098464B0604460D461746866819D0F36B75
:100D200098472069FFF79BFE80B19DF82030294647
:100D300000933A4643462046FFF7B4FF0546336C1E
:100D400020469847284602B0BDE8F0814FF0FF35B5
:100D5000F5E76FF01505F5E770B505468668FFF70E
:100D6000A1FE044688B1037DDB0711D50146F36976
:100D70002846984738B1237D03F00103227D63F3B1
:100D80000002227570BD0346F8E76FF01200F9E724
:100D90006FF07700F6E770B54B0604460D4686689F
:100DA00012D0F36B98472069FFF75FFE48B12946E0
:100DB0002046FFF7D1FF0546336C2046984728466A
:100DC00070BD4FF0FF35F7E76FF01505F7E770B529
:100DD000054686680C46F36B98472869FFF73FFE87
:100DE000B0B121462846FFF75DFE014698B1037D6C
:100DF000DB0710D5437E03F00303012B0ED0F3680D
:100E00002846984704462846336C9847204670BDCC
:100E10004FF0FF34F7E76FF01204F4E76FF085044A
:100E2000F1E7F8B5064687680C46FB6B98473069D2
:100E3000FFF715FEE0B121463046FFF733FE0546C9
:100E4000C8B1037DDB0716D5437E03F00303012BF6
:100E500014D001463B6930469847044618B92B7DAB
:100E600060F341032B7530463B6C98472046F8BD34
:100E70004FF0FF34F7E76FF01204F4E76FF08504EA
:100E8000F1E72DE9F041044687680669FB6B0D46E2
:100E900098472069FFF7E3FD98B395F8188020463E
:100EA0004146FFF7FFFD014670B3037DDA072BD5FE
:100EB00018F07F0F20D196F8B030EBB16B7EDB07D6
:100EC00017D596F8B13033B1082206F1A80105F123
:100ED0000C00FEF7BCF8002286F8B0202946204618
:100EE000FFF725FE054620463B6C98472846BDE89F
:100EF000F0816FF06702F1E77B682A462046984749
:100F0000F0E74FF0FF35EEE76FF01205EBE770B555
:100F100005460C468668F36B984721462846FFF73E
:100F2000C1FD48B103F062F9B0FA80F464092846C3
:100F3000336C9847204670BD0124F8E770B505462C
:100F400086680C46F36B98472869FFF78EFD80B1E1
:100F500021462846FFF7A6FD014668B104681CB18A
:100F6000B3682846984704462846336C984720467D
:100F700070BD4FF0FF34F7E76FF01204F4E708B5E7
:100F8000036900211B685A8BF7F7F6FE28B1437EF0
:100F900023F0070343F00103437608BD08B539B9D0
:100FA0000369013A1B685B8B1A44B2FBF3F25A43A4
:100FB000F7F7E2FE28B1437E23F0070343F0020374
:100FC000437608BD08B561B903691B685A8BF7F70A
:100FD000D3FE28B1437E23F0070343F00403437696
:100FE00008BD0022F3E770B50E4604468568EB6B3A
:100FF00098473046F6F726FF20462B6C984700208E
:1010000070BD70B505468668F36B98472869FFF791
:1010100026FD18B133683BB1284698470446284658
:10102000336C9847204670BD0124F8E7F8B50446B4
:1010300087680669FB6B98472069FFF716FDB8B112
:101040002069FFF70CFDB0B9FB6A204698470546BA
:1010500048B906F1A003D3E8EF2F42F00202C3E83B
:10106000E12F0029F7D120463B6C98472846F8BD70
:101070004FF0FF35F7E76FF07705F4E7F8B5044672
:1010800086680569F36B98472069FFF7E8FC90B123
:10109000336B20469847074605F1A003D3E8EF2FAE
:1010A00022F00202C3E8E12F0029F7D12046336C79
:1010B00098473846F8BD6FF07707F7E72DE9F0411C
:1010C00006461546876804698846F9B1F2B1FB6B9C
:1010D00098473069FFF7C9FCA8B9C4E926853046AE
:1010E0007B6B9847054640B9A034D4E8EF3F43F006
:1010F0000103C4E8E23F002AF7D13B6C3046984731
:101100002846BDE8F0816FF07705F6E76FF015052A
:10111000F6E7F8B5044687680569FB6B98472069D0
:10112000FFF79DFCB0B92069FFF79FFCA8B1BB6B2E
:1011300020469847064605F1A003D3E8EF2F22F09A
:101140000102C3E8E12F0029F7D120463B6C984704
:101150003046F8BD6FF00F06F7E76FF07706F4E75B
:101160000269002092F8803023F0110343F011034C
:1011700082F8803070470369D3F8A43093F8620393
:1011800080F00200C0F3400070470369D3F8A43038
:1011900093F86203C0F340007047436889011B69FC
:1011A00001F4F86141F0200119611A699206FCD43A
:1011B000704743681A69D2F80039990342BF23F097
:1011C000004343F08063C2F80039704743681A69EE
:1011D0000B065FBFD2F80038002023F4FE6343EA19
:1011E000011354BFC2F800386FF01500704710B5F6
:1011F00043681C694B1E042B0BD8D4F80438C3F386
:10120000021048B922B9104643EA0113C4F8043861
:1012100010BD6FF01500FBE76FF07700F8E703698A
:10122000D3F8A43093F862339B090CBF022001204D
:10123000704702F025BE03F09EBA08B5036910217D
:10124000D3F8A4008830FFF7F6FF002008BD03F0B4
:101250009BBA38B547F6122140F2E7340025C1FBAE
:1012600000454FF47A72002320462946F5F72CFDFD
:10127000BDE8384003F0E9B801224B0901F01F0135
:1012800002FA01F100EB8300D0E8EF3F0B43C0E826
:10129000E23F002AF8D1704738B503690C46D3F80D
:1012A000A450FFF772FF0028FFD011462046FFF739
:1012B00027FC237D9A070ED4217E05F1A0000B06A2
:1012C0004CBF21F080011031FFF7D6FF022105F15C
:1012D0008800FFF7B0FF002038BD5A20F6F7AEB9FE
:1012E00008B55A2000220121F6F7CAF9BDE80840E6
:1012F0005A20F6F793B910B5436801F07F041869D6
:10130000012311F0800F08BF1034A3402AB1D0F898
:101310001C281343C0F81C3810BDD0F81C2822EA42
:101320000303F7E70022D0E8EF3FC0E8E12F0029F0
:10133000F9D11846704708B500698430FBF722FDE3
:10134000BDE80840FCF7F2B910B50446FCF7DAF93D
:10135000206984304FF0FF32BDE810404FF0FF337A
:10136000FBF798BCF8B5014600254FF0030E4FF08F
:10137000006743681A690369D3F8A44094F86503C9
:10138000EBB2984220D80846FFF7FFFE00280CBFBA
:101390000B232B23C2F8143843230846C2F8103815
:1013A000FFF7E9FE18B1936943F010039361D2F897
:1013B000003823F4FE63C2F8003894F862336FF308
:1013C000451384F86233F8BD4FEA430CD4F8A062A9
:1013D0000EFA0CF0304020FA0CF030F002000AD186
:1013E000486803F07F0300692E0654BF5833483322
:1013F00000EB43131F600135C0E738B50D460369A4
:10140000097ED3F8A440436801F07F021B690906F6
:1014100054BF5832483203EB42131A68284622F46C
:10142000001242F080521A602B7D6FF341032B753E
:10143000FFF764FB70B1297E04F1A0000B064CBFDE
:1014400021F080011031FFF717FF022104F188001D
:10145000FFF7F1FE002038BD2DE9F84F054643683F
:101460000F46D3F810B003699046D3F8A440F7F7BD
:1014700029FF2A696B68D2F8A4201B69D2F8A8104A
:101480001960D2F8AC109960D2F8B010D960D2F8D7
:10149000B4109961D2F8B8105962D2F8BC109962B0
:1014A000D2F8C810D965012192F86603884279D82C
:1014B0001FB9D2F80C11C3F80418D2F810114FF06C
:1014C000030EC3F81018D2F8141102F58E7CC3F87D
:1014D0001418D2F81811C3F81C1800214FEA410A59
:1014E000D2F8A0020EFA0AF909EA000020FA0AF07E
:1014F000012864D8DCF8406003EB411ACAF810698F
:10150000DCF88060CAF81469DCF8006001F1480A70
:101510004FEA4A1A43F80A6088B9DCF8000103EB85
:101520004119C9F8100BDCF84001C9F8140BDCF8BC
:10153000C00001F158094FEA491943F80900013187
:1015400010290CF1040CC9D194F8623300216FF317
:101550000413284684F86233FFF78DFA0022022133
:101560002846FFF7D8FA47B10120FFF772FEDBF8F3
:10157000043823F00103CBF8043804F1A00004F18F
:10158000A406B8F1000F1DD0FFF7CCFE3046FFF7E0
:10159000C9FE2846FFF7E6FE0126B4F83A331BBB26
:1015A000BDE8F88F02EB8100D0F8C8C001F13F0020
:1015B00003EB80000131C0F804C0C9B274E702280F
:1015C000ABD0BCE7D0E8AF3F23B1022104F18800E3
:1015D000FFF731FED6E8AF3F002BDDD0082104F144
:1015E0008800FFF728FED7E793FAA3F1B1FA81F15B
:1015F00006FA01F223EA0203A4F83A332846FFF779
:10160000CCFDCAE72DE9F04F8946097E904601F0EE
:101610007F0449B20029ACBF102700274FF0010218
:1016200003692744D3F8A450436802FA07F285B04F
:10163000D3F810A0029295F86223ACBF04F15806CB
:1016400004F148060AEB461612F01002336805F161
:10165000940B36D024B2002905EB840418DBD4F8AF
:10166000DC2122F00042B8F1000F0ED042F400124B
:10167000C4F8DC2102995846FFF7DDFD00214846F9
:1016800005B0BDE8F04FFFF71ABA42F00062EFE78D
:10169000D4F81C2122F00042B8F1000F0ED142F024
:1016A00000620121C4F81C21C2F3835201FA02F244
:1016B000B5F83A130A43A5F83A23DBE742F0026291
:1016C000EFE7039300200021CDE90001029958467D
:1016D00003F05EF8039BC0B1B8F1000F02D043F4F1
:1016E000001333607C0907F01F0301279F40FF436D
:1016F00005EB8405A035D5E8EF3F3B40C5E8E23F68
:10170000002AF8D105B0BDE8F08F99F91820002A19
:101710002CDBEFF31181202282F31288BFF36F8F4D
:101720000123B5F8342303FA04F4A4B22243A5F844
:101730003423B8F1000F04D0B5F836231443A5F8CC
:101740003643DAF8042842F40072CAF8042881F318
:101750001188BFF36F8F40F6354000210022CDE99C
:1017600000010299584603F013F887E7B8F1000F1B
:1017700009D143F00062930303D5002AB8BF42F0B9
:1017800080423260E7E743F00262F4E7F8B50746CB
:1017900000220E46FFF736FF3846FFF7F6FC70B121
:1017A00096F91840E443E40F3046FFF7A3F90546E5
:1017B00038B901463046FFF782F92846F8BD04469D
:1017C000F2E7002CFFD06FF0700229463846FFF791
:1017D000AEF9E9E738B50D7E012205F07F050C462C
:1017E000FFF710FF1DB1237D43F002032375002096
:1017F00038BD2DE9F04103690D46D3F8A4800B7E76
:1018000098F8622303F07F06D10607465BB258D5ED
:10181000002BACBF06F1770406F1470408EB840403
:10182000002229463846FFF7EDFE2B7E21681A0676
:1018300021F4004029D56A8BC2F30A022AB326B3E9
:101840003A6921F07070D2F8A4C020F400409CF8EE
:10185000622303F07F03D2070FD54FF0FF315A1CEC
:1018600001FA02F2BCF838130A400ED1796803F18C
:101870003F0E096901EB8E014A6001229A40BCF8D3
:10188000383323EA0203ACF8383320600022297E83
:101890003846FFF730FD6B7E03F00303012B0DD1BB
:1018A00095F91820002AACBF102200221644D8F85F
:1018B0002C23B34022EA0303C8F82C330020BDE8F0
:1018C000F0814268002B1469ACBF06F1580306F1A1
:1018D000480304EB4314A3E7F8B50369054608463B
:1018E0000C46D3F8A470FFF709F90646A8B3237E87
:1018F0008BB9437ED90703D52846FFF73CFC60BB74
:10190000224631462846F8F7D5F92046BDE8F8408A
:101910000121FFF7D4B81A06F2D5802B0BD1437EF4
:1019200028465B0742BF97F8633343F0010387F80B
:101930006333FFF73EFC324621462846F7F79CFA10
:101940000028E2D02046FFF7D5F86FF06E0201467E
:101950002846BDE8F840FFF7EAB8F8BD2DE9F04F9A
:1019600043688DB01B69044600930369D3F8A43023
:10197000029393F8623313F0100F009B1DD09B6D00
:10198000009A13F0800F936503F4007509D0C3F338
:10199000C143022B05D1029B802103F18800FFF790
:1019A0004AFC25B1029840218830FFF744FC2046CC
:1019B0000DB0BDE8F04FF7F717BA9B690693009B8F
:1019C000069A5B6913400193F1D0019BD8040DD5B1
:1019D000009B20461A464FF480535361FFF7C2FC28
:1019E000029B202103F18800FFF731FC019B990441
:1019F0001CD54FF40053009A01215361636822699A
:101A00001B69D2F8A400D3F8082890F86233520872
:101A100062F3871343F0200380F862338830FFF7C6
:101A20000AFC002204212046FFF775F8019B002BD9
:101A300012DA4FF00043009A002153612046FFF76D
:101A40001AF8022100222046FFF765F8029B2021A8
:101A500003F18800FFF7FBFB019B5A0310D52369B4
:101A6000D3F8A45063681E69D6F81038D6F81878F1
:101A70000393BFB2002F40F087804FF4802373613F
:101A8000019BDE0624D563681A69136A03F00F0808
:101A9000C3F30A16C3F34343022B00F03081062B35
:101AA00016D1082E30464FF0000128BF08202369C8
:101AB00008F10108D3F8A43002EB083803F55A7393
:101AC000814203F10403C0F006818E4200F21381CB
:101AD000019B1D0317D56368D3F810802369D3F8E1
:101AE000A470D8F814380793D8F818384FEA134B75
:101AF00007F188030893BBF1000F40F05A814FF4BF
:101B00000023C8F81430019B1D061FD58023009ABE
:101B1000536163681E692369D3F8A450EFF31187FA
:101B2000202383F31288BFF36F8F05F19408B5F873
:101B30003423002A40F04282D6F8043843F480630C
:101B4000C6F8043887F31188BFF36F8F019B1B051C
:101B50007FF535AF4FF40063009A012153612046B1
:101B6000FEF789FF002203212046FEF7D4FF029BE7
:101B700093F86433012B7FF422AF029B202103F101
:101B80008800FFF758FB1AE797FAA7FBBBFA8BFB15
:101B900006EB4B12D2F80819039B03EA010818F070
:101BA000010FC2F8088913D022694BF0800120464A
:101BB000D2F8A490FEF776FF8246FEF79FFF02461A
:101BC000002857D16FF0680207212046FEF7A3FFD7
:101BD00018F0400F14D006EB4B11D1F800299303F5
:101BE0000ED5BBF1000F03D195F86303C00707D4EE
:101BF000002A63DA22F0004242F08042C1F8002954
:101C0000012318F0020F03FA0BF930D00BF1480250
:101C1000520156F80280494605F19400FFF70BFB8C
:101C2000C8F383512046C8F38148FFF7B6FAB8F1EC
:101C3000010F1CD1B5F8302322FA0BF2D30716D5C9
:101C40004BF08001FEF72EFF8046FEF753FF014662
:101C500018B100222046FEF76AFF41462046FFF7F2
:101C60003BFEB5F8303323EA0903A5F8303327EA01
:101C70000907FFE609EB8B01D1F8AC120C30049296
:101C8000FDF713FA049A118A89B9594609F1A4009B
:101C9000FFF7F2FA012309F1940003FA0BF1FFF7C1
:101CA000CAFA082109F18800FFF7C5FA90E7514602
:101CB0002046F7F7E1F80028E7D189E7B5F83023A7
:101CC00022FA0BF1C90741BF012303FA0BF18A4342
:101CD000A5F8302394E7D8F800200431C2F3072593
:101CE00003F8042C120C03F8022C120A03F8035C0C
:101CF00003F8012CE4E6D8F800300431E5E641466B
:101D00002046FEF7CFFEFEF7F9FE63680746D3F8DC
:101D1000109000284BD0038A458A4269ED1AC368A7
:101D20004FF0000A9B1AED1AB54228BF354608F15C
:101D3000010BAB0809EB0B3B00F10C029A452AD1D1
:101D400015F0030315D04FF0000A08F10102120349
:101D500059F802200DF12C0B0B920C371BF8011BCC
:101D600038460393FDF77DF9039B0AF1010A5345B9
:101D7000F4D1AE427FF6ACAE00230336751B08F1FA
:101D80000108AD0809EB0838AB423FF4A1AED8F822
:101D900000200133F8E71046DBF8001004930392AB
:101DA0000AF1010AFDF76FF9DDE90323C6E70546ED
:101DB000C6E79BFAABF5B5FA85F508EB4512D2F804
:101DC000081B079B204603EA0106C2F8086BFFF7D1
:101DD000DCF990B1F00710D50B040ED54FF4004399
:101DE000C2F8083B26F00106D8F8143B53F8082D3A
:101DF000C7F868235A68C7F86C23300703D5042155
:101E00000898FFF718FAB10602D52046FFF7D1F976
:101E1000F2071FD529462046FEF744FE236990F8B5
:101E20001990D3F8A43009F0030203936368049077
:101E30001B69059203EB4513D3F8101B0991FEF7BC
:101E40005DFE09998146E8BB6FF0680207212046D4
:101E5000FEF761FEB3072FD505F158035B0158F873
:101E60000360012305F1100103FA01F107F1940069
:101E7000C6F38146FFF7DFF9012E1DD1B7F83233E3
:101E8000EB40DE0718D529462046FEF70BFE064636
:101E9000FEF730FE014618B100222046FEF747FE4D
:101EA00031462046FFF718FD0123B7F83223AB4037
:101EB00022EA0303A7F83233012303FA05F52BEADC
:101EC000050B18E6039B03EB8502D2F8EC02059B99
:101ED000C0F3120CC1F31202012BACEB020A1FD1AA
:101EE000C1F3C94CC1F34171C0F3C9400129A0EB52
:101EF0000C0046D071B1022941D02046FFF73BF9D2
:101F0000002840D0514609F10C00FDF7C7F84FF00A
:101F1000000A05E0012814BF002001200028ECD0B1
:101F20002046FFF732F980B3BAF1000F10D05146C6
:101F300009F10C00FDF785F8059B012B08D0049BE7
:101F4000598BC1F30A01BAFBF1F001FB10A119B3DF
:101F5000039B05F11009494603F1A400FFF78CF932
:101F6000012303FA09F1039B03F19400FFF763F9DE
:101F7000039B082103F18800FFF75DF96AE7022857
:101F8000C9E70328C7E78246CAE7059B012BDFD0D4
:101F9000BAF1000FD3D1DBE7D9F80C10D9F814004F
:101FA000B9F81220091A521AB9F810108A42CFD083
:101FB000049A49462046F7F77DFE4BE792FAA2F1D4
:101FC0000123B1FA81F18B40DB439BB21A40A5F8A3
:101FD000342306EB411CDCF8002B002A28DBB5F883
:101FE000320320FA01FE1EF0010F1CBF1840A5F8B5
:101FF0003203B5F83603C840C0077FF598ADB5F891
:10200000360320FA01FE1EF0010F1BBF42F400123E
:10201000034042F00062A5F83633CCF8002B0029CB
:102020007FF485AD4FF480314046FFF704F97EE53B
:102030000029E4D042F08042E1E710B5807A0C46F6
:10204000F5F758FEC3692146BDE81040586801F015
:1020500092BF73B5807A0E4614461D46F5F74AFEC8
:10206000C369042158683368CDE90045033323F080
:1020700003023260FAF7F0FC00B9306002B070BDC4
:102080000C230269C9B201FB0323D86D00F00700DD
:10209000704770B5C9B20569EFF31186202383F349
:1020A0001288BFF36F8F0C2303FB0154E46D14F00F
:1020B000C00401D0A24211D1012203FB0153DA6511
:1020C000002386F31188BFF36F8F2BB9436803EBAE
:1020D000C1035B6898470023184670BD4FF0FF337B
:1020E000EFE78022FFF7D5BF10B403691C20CCB204
:1020F00004FB0030002110BC1047022001F0A0BBFF
:10210000022001F0A9BB1046FAF7C4BE01F0B9BB2A
:10211000F9F7E8B9F8B5C9B20769EFF311842025DA
:1021200085F31288BFF36F8F0C2606FB0176F56DE1
:1021300005F0070CBCF1010F12D18025F5650025D3
:1021400084F31188BFF36F8F45B90C2404FB01742D
:10215000C4E91523436853F8313098472846F8BD41
:1021600005F0C005802D14BF4FF0FF356FF07705E7
:10217000E6E7436800205B68DB680B6070474368F4
:1021800002EA01005B6821EA020258609A600020BE
:102190007047436800205B685960704743680020BF
:1021A0005B689960704743685A68136821EA0300C6
:1021B0000B40506093600020704730B50369586849
:1021C00010B3002481421BD108685CB99C68586038
:1021D000A14200D19860002008604AB9002030BDBB
:1021E0002846EFE720609868814208BF9C60F2E7CC
:1021F0005A680A60986859600028EFD19960EEE744
:1022000005680446002DEBD1002AF1D16FF01500CE
:10221000E5E7F9F74FBC036840689B681847036817
:102220004068DB68184738B5044601F0CCFA05462B
:1022300001F0C9FA401BA042FAD338BD10B50446DC
:10224000FFF7EDFF014660B92046F8F78BFBA06869
:10225000FFF7E9FF20460121F8F784FBA068FFF7AC
:10226000E2FF00212046FFF7D6FFE068FFF7DBFF23
:1022700020460021F8F776FBA068BDE81040FFF784
:10228000D2BF10B504460121FFF7C5FF012120464A
:10229000F8F768FBE068FFF7C6FFA068FFF7C3FF29
:1022A0002046BDE81040FFF7C9BF38B504460121FC
:1022B000FFF7B1FF01212046F8F754FBE068FFF774
:1022C000B2FF2046FFF7ABFF054600212046F8F796
:1022D00049FBA068FFF7A7FF281C18BF012038BDE5
:1022E00010B50446FFF797FF01212046F8F73AFBA7
:1022F000E068FFF798FF20460021F8F733FBA0685D
:10230000BDE81040FFF78FBF10B504460021FFF76E
:1023100082FFA068FFF787FF01212046F8F722FB24
:10232000E068FFF780FFE068FFF77DFF20460121AE
:10233000FFF771FFA068BDE81040FFF774BFCB073F
:1023400005D4C1F34203012B04D0022B08D06FF057
:102350008500704705238360C0E903310020704782
:1023600083600123F8E7036913B10B600020704715
:102370006FF0040070472DE9F74F064688469A46ED
:1023800014469AB30121F8F7EDFA06274FEA4A0AF4
:1023900008F10C08BD0702D53046FFF7B5FF17F06E
:1023A000040727D03046FFF749FF18F8043C1F43C5
:1023B000790707F0010B27D508254FF080094AEA75
:1023C0000B03DBB203EA090130460093FFF788FFF5
:1023D000013D4FEA5909009BF4D13046FFF765FFF4
:1023E00080B16FF004043046FFF78EFF204603B043
:1023F000BDE8F08F18F8043C5807D6D53046FFF7F3
:1024000040FFD2E727F0040758E9035305EB03091F
:10241000BBF1000F34D0A94506D8013C14F0FF04ED
:1024200008F10C08B6D1DEE7584643003046009369
:10243000FFF73BFF009B1843C205F6D505F8010BDB
:10244000A9EB0503594259413046FFF749FFE2E73E
:102450004FF0080B802315F8012B02EA03013046E8
:10246000CDE90023FFF73CFF019BBBF1010B4FEAD5
:102470005303009AF1D13046FFF717FF0028B0D17F
:102480004D45E5D3C9E738B504460925FFF7D6FE23
:1024900001212046FFF724FF013DF9D12046FFF737
:1024A000F0FE2046FFF730FF2046FFF7B8FE002879
:1024B0000CBF6FF00F00002038BD0523C0E90233C8
:1024C0000223C0E9001203617047034670B4DA8842
:1024D00000681C790A430123056903FA04F12B689B
:1024E00012F0010F866814BF0B438B432B603368D7
:1024F000214670BC184738B50C46056983685B688F
:10250000984718B923682A685340236038BD0123CF
:1025100010B403FA01F11AB18368DB6810BC1847E4
:1025200083681B69FAE7FAF72DBC2DE9F0410569CC
:102530000E461746984605F114044FF0FF324FF04F
:10254000FF332046FAF7A6FB43463A463146284673
:10255000FFF711FF05462046FFF7E5FF2846BDE8D7
:10256000F08113B5047901A90068FFF7C4FF30B901
:102570000123019AA340134214BF01200020003020
:1025800018BF012002B010BD034610B40A461979E5
:10259000012300688B4004692468234218BFB2FA03
:1025A00082F210BC18BF5209FFF7B1BF38B50569F8
:1025B00005F114044FF0FF324FF0FF332046FAF7D5
:1025C00069FB2846FFF75FFF05462046FFF7ABFF94
:1025D000284638BD70B505690E4605F114044FF064
:1025E000FF324FF0FF332046FAF754FB31462846BE
:1025F000FFF7A5FE05462046FFF795FF284670BD6C
:1026000070B505690E4605F114044FF0FF324FF026
:10261000FF332046FAF73EFB31462846FFF7A3FE7C
:1026200005462046FFF77FFF284670BD13B5047BA3
:1026300001A98068FFF75FFF30B90123019AA34029
:10264000134214BF01200020003018BF012002B047
:1026500010BD034610B40A46197B012380688B40E5
:1026600004692468234218BFB2FA82F210BC18BF72
:102670005209FFF74CBF02780B69012A0BD051B207
:1026800021B1022A0BD06FF0040206E0D96403F1F5
:102690003C00FAF7FFBB6FF00D02DA64F7E76FF06A
:1026A0000A02FAE738B504460569012205F12C0053
:1026B000114601F09FFD012205F13C00002101F0CF
:1026C00099FD2046BDE8384000F024B900692C305F
:1026D000FAF714BC00692C30FAF7DCBB2DE9F04F97
:1026E00087B004934368D0F810A0D3F820809B8A69
:1026F000934603934FF0FF324FF0FF3306460C46EC
:10270000FFF7E4FF0AF13C030293002700230022B5
:102710000298FAF7F3FB3B465F4501D3002333E011
:10272000207A020774D401375F4521680AD28507F1
:1027300008D4227D80EA020505F0010502F00402BA
:102740002A432AD0002B42D101F06042B2F1005F4F
:102750003FD10025D4F80090A388049ACAF850907D
:10276000217A304600924A4600F0A2F8031E0BDBA5
:1027700043F6095200230298FAF7C0FB58B33046DB
:1027800000F05EF86FF0730330460293FFF7A2FF8C
:10279000029B184607B0BDE8F08F0125D4F804E08D
:1027A000039A03EB0E0C944535D8C20706D408EB08
:1027B00003007246059301F0F8FF059B626813441D
:1027C0009BB285B9002BC4D01D46C146C5E7002584
:1027D000E4E71D46E2E7DAF84C30002B1EDB237AF3
:1027E000DB0702D400230C3496E7C145FAD1A14699
:1027F00007E0AD1AADB208EB0501D9F80C0001F005
:10280000D4FFA9F10C09D9F810209542F1D2E9E7DB
:102810006FF08503B8E76FF01B03B5E76FF00403B3
:10282000B2E713B501AA044600F009F9002805DB58
:10283000019B226819791868F8F734FA02B010BDC4
:1028400070B54468A06A0368D3F80056D3F80466EC
:10285000F9F7ACFC31462846F9F7E0FE05460021C1
:10286000E069FFF7DEFFA06A01F0F5FA284670BDC7
:10287000436811F0010018D1C1F3420102290AD0C6
:1028800003290DD0012910D14FF0CC729B6A1B682F
:10289000C3F8242570479B6A4FF0C8621B68F7E7AE
:1028A0009B6A4FF07F621B68F2E76FF0150070477C
:1028B000F0B50D461E46174687B044681222002127
:1028C0000DF1060001F07FFF05F001038DF80430E3
:1028D000BDF8303002968DF80530A38C0497B342D2
:1028E0000AD315F0020F0CBF2022002201A9A06A12
:1028F000F9F774FC07B0F0BD6FF01B00FAE710B5F4
:1029000044680021E069FFF78CFFA06ABDE8104031
:1029100001F0A1BA38B505464468A369984701217A
:10292000E069FFF77EFF2B4622692146A06A01F08D
:102930006EFA002804DB2846FFF7E1FF002038BDCF
:102940006FF00400FBE770B40C2404FB021414F8CD
:10295000045C866845F0020504F8045CB468A4468B
:1029600070BC604701F10C00FAF732BC10B588B0BA
:1029700044688DF804108DF805202068A18805931F
:102980000A9B01AA029200240222069307230392C3
:102990008DF810408DF81C300B4602A9FFF7D3FFCD
:1029A00008B010BD13B501240094FFF7DFFF02B09B
:1029B00010BD1FB58DF80120032244688DF8023048
:1029C0008DF800102068A38802920222CDF804D06E
:1029D0008DF80C20012201A9FFF7B5FF04B010BD4E
:1029E0002DE9F34705460F46904699469DF8284045
:1029F00006694FF0FF324FF0FF333046FAF74AF9DD
:102A00000DF10703424639462846FFF7CBFF8246C1
:102A100070B99DF80730424623EA040304EA09042A
:102A20002343394628468DF80730FFF7C2FF824618
:102A30003046FAF7A7F9504602B0BDE8F08730B546
:102A400043681360057A4468136804EBC504A34225
:102A500002D36FF0010030BD5C798C4201D00833A5
:102A6000EFE70020F7E748B11F302CBF012100211C
:102A7000400940EAC160490901F0E7BC704710B560
:102A80000469204601F00EFB0023636110BD2DE9AF
:102A9000F041D0F808800646D8F80040F4B1476805
:102AA00097F8264014F001041FD105694FF0FF3359
:102AB0004FF0FF322846FAF7EDF86B690133012B2E
:102AC0006B6108D1D8F8003030469847041E08DA08
:102AD0006B69013B6B612846FAF754F92046BDE863
:102AE000F081F869FFF7BFFFF5E70024F6E7F8B5D6
:102AF000876806467C689CB1436893F82630DB07FC
:102B00001DD405694FF0FF334FF0FF322846FAF726
:102B1000C1F86B69002B05DC00242846FAF732F96E
:102B20002046F8BD013B6B61002BF5D17B68304638
:102B30009847041EBEBF6B6901336B61EDE700244B
:102B4000EEE7F0B4D0E901431B693BB167688F42FF
:102B500008DB2468944205DCF0BC18476FF057008E
:102B6000F0BC70476FF01500FAE7F0B4D0E901430C
:102B70001B6A3BB127698F4208DBE468944205DC9D
:102B8000F0BC18476FF05700F0BC70476FF01500AD
:102B9000FAE7F0B4D0E901639A6A04460F46A2B19D
:102BA00096F824504DB9F0BC1047316AC95C013326
:102BB000B94203D139462046F5E70023D9B28D4208
:102BC000F3D86FF08500F0BC70476FF05700FAE75C
:102BD0002DE9F3410F46D0E9015895F82510044638
:102BE000FF2906690ED195F82610C1F3810102294B
:102BF00013D0A36800311B6B18BF01214BB96FF0D4
:102C0000570003E0FFF7C5FF0028ECDA02B0BDE88B
:102C1000F081204698470028F8DBAA68B2F1004FFF
:102C200005D011462046FFF78CFF0028EEDB6A69CD
:102C3000B2F1004F05D011462046FFF796FF00285D
:102C4000E4DB2B68B3F1004F13D0A3685B69002B62
:102C5000D5D001A9204698470028D7DB2A68019BD8
:102C60009A421EDD11462046FFF76BFF002805DA69
:102C7000CCE76FF000436A689A42E6D1AFB995F8A5
:102C800026309B0718D0D8F80030204698470028F7
:102C9000BCDBA869FFF7E7FE73693846013373614F
:102CA000B4E76A689342E9DDDCE773690133736175
:102CB00095F82630DA0601D40020A7E72046FFF772
:102CC00016FFA3E7012310B403FA01F11AB18368D8
:102CD000DB6810BC184783681B69FAE708B54368CE
:102CE000986A70B193F82C10012302698B40126826
:102CF00013420CBF01220022FFF7E4FF00EAE0705C
:102D000008BD6FF08500FBE74368186810F10040CC
:102D100018BF0120704739B943681B68B3F1004FF1
:102D200002D01360084670476FF015007047436883
:102D30001B68B3F1004F1ABF00200B606FF0010059
:102D40007047F8B54568074695F8264004F0030635
:102D500014F0030418BF0124FFF791FEA86A28B9F4
:102D600021463846BDE8F840FFF732BF01F0A4F82D
:102D700020B3002E0CBF4FF4B0124FF4D012EB8DE5
:102D8000A86A95F82C1013430126D0F810C0DA0772
:102D9000DCF8005048BF83F4402323F480128E40B7
:102DA000DB07D0F808E04CBF3543B543CCF8005002
:102DB000DEF8003098470028D2DAF8BD6FF0120034
:102DC000FBE74368986A58B193F82C100123026915
:102DD0008B401268134214BF01220022FFF772BF1A
:102DE0006FF085007047436893F82D30042B34BF93
:102DF000182000207047F8B50C46002601254768CA
:102E0000786830B90136052E07F10807F8D100209F
:102E1000F8BD0269397A126805FA01F144FA06F33D
:102E2000114218BFDB4303F001032BB18368DB6859
:102E300098470028E6D0EBE783681B69F8E740680D
:102E400090F82D30032B13D8DFE803F002080B0FA6
:102E500001231A460421806AFFF7ABBD0123032238
:102E6000F8E701231A460821F5E701230322FAE7D0
:102E7000002070474068012302220B210068FFF701
:102E800098BD73B505460120012A00FA01F00E46EF
:102E9000C0B206D053B213B1042A17D10346052499
:102EA00001E004240023009015220421A86AFFF702
:102EB00097FD00280CDB0123042104EB4602A86ADD
:102EC000D2B202B0BDE87040FFF773BD6FF085006D
:102ED00002B070BD13B51C4653781278012902F177
:102EE0000102D2B20BBFD20042EA831242EAC312FD
:102EF000D3B20ABFD3B24722B822012C10D02CB1D2
:102F0000022C0AD06FF0850002B010BD00920C2296
:102F10000421806AFFF764FDF6E700920E22F7E7CE
:102F200000920D22F4E773B506460C4615460DF1E6
:102F300007030F220421806AFFF734FD002812DB0B
:102F40009DF80730B06A2341DB0745BF221D5200C0
:102F500004F110022B464EBF02F0FE022B46D2B205
:102F60000421FFF71FFD02B070BD13B51C46806A37
:102F70000DF10703FFF716FD002808DB9DF8073069
:102F800000201C4214BF01220022049B1A7002B0D0
:102F900010BD40680A4690F82D30032B0DD8DFE8AD
:102FA00003F00205070A0021FFF76BBF0121FBE7D1
:102FB0000021F7F743BF0121FBE76FF08500704761
:102FC00013B5446894F82D30032B29D8DFE803F0BB
:102FD000020A0D25012300220421A06AFFF7E9FC63
:102FE00002B010BD01230222F6E7012300220821CE
:102FF000A06AFFF7DEFC0028F2DB94F83C30002BDF
:10300000EED100213F2001F020FA0DF10703042248
:103010000821A06AFFF7C6FCE2E701230222E6E7E7
:103020000020DDE77FB506460C46104619460DF137
:103030000E027568F7F776FF10F1160F21D00DF12B
:103040000D0221467068FFF76EFF002819DBBDF8FE
:103050000E309DF80D209A4213D0221D5200DBB293
:1030600002F0FE020421A86AFFF7A3FC002808DB97
:103070000123A340DBB200930F220421A86AFFF7CB
:10308000AFFC04B070BDF8B50126446804F1280512
:10309000606820B90834A542FAD10020F8BD00F0DC
:1030A0000BFFC0B163896068217A43F4003207697D
:1030B00013F0010F3B6806FA01FC14BF4CEA03034E
:1030C00023EA0C03D0F808E03B60DEF800309847B4
:1030D0000028DFD0E2E76FF01200DFE743680A461E
:1030E00093F82D1003290ED8DFE801F00205070B35
:1030F0000021F7F75BBF0121FBE700211846F7F736
:10310000F1BE0121FAE76FF01200704737B545684C
:10311000134695F82D200C46032A2AD8DFE802F042
:1031200002080B1C22460021FFF77CFF03B030BDD4
:1031300022460121F8E70DF1060219462046F7F76D
:10314000F1FE10F1160FF1D00C229DF80630082187
:10315000A86AFFF72EFCE9E70DF1060219462046A2
:10316000F7F7E0FE10F1160FE0D09DF806300D22C3
:10317000EDE76FF01200D9E710B40C781346FF2C7E
:1031800024D0406890F82D20032A22D8DFE802F0EE
:1031900002070A160A46002110BCFFF79BBE0A462A
:1031A0000121F9E74A78BBB9013444EAC203052298
:1031B000DBB20821806A10BCFFF7FBBB4A785BB921
:1031C000013444EAC203DBB20622F2E7002010BC5D
:1031D00070476FF01200FAE76FF08500F7E7F0B57F
:1031E000456885B00446A86A00F066FE002800F035
:1031F000B380606890F82D30032B00F2AD80DFE8DB
:1032000003F002252A310DF10D030093042334222B
:103210000421FFF7AAFE002845DB9DF80D1020468B
:10322000FFF7D6FC00283EDB296B01BB95F83A304E
:10323000FF2B3AD1636895F83B2093F82D100329B2
:1032400000F28A80DFE801F04B6F79830DF10D0306
:1032500000934023DBE70DF10D03009303230422C9
:103260000821D6E70DF10D0300930C23F7E76768FB
:1032700097F82D6026B1012E02D06FF0850012E084
:103280000DF10E020846F7F74DFE10F1160F0AD0A9
:10329000720009329DF80E30D2B20421B86AFFF7ED
:1032A00088FB0028C2D005B0F0BD606890F82D20E2
:1032B000022A07D0032AE0D130221B01009203F03A
:1032C000F00304E00C229B00009203F0FC030722B1
:1032D0000821806AFFF784FB0028ABD0E3E70421D4
:1032E000002A986A4FF0150214BF0B460023009184
:1032F000FFF776FB0028D6D1024605F134012046BF
:10330000FFF73AFF0028CED1012205F13601204611
:10331000FFF732FF0028C6D1022205F1380120460E
:10332000FFF72AFFBFE7986A0823002A00934FF0AF
:10333000150208BF00230421DAE7986A4023002A17
:1033400000934FF0070208BF00230821D0E7986AD6
:10335000002A4FF08003F3E76FF01200A3E713B5E4
:10336000436802699B6AD3F8041131B10021C3F8A4
:103370000411D3F804418DF80410D3F8101139B1B9
:103380000021C3F81011D3F8103101238DF8043057
:10339000936913B1D26901A9984702B010BD1222F6
:1033A00010B543689C6AC4F80423DB6A984701237C
:1033B0002360002010BD10B543689C6A1B6B9847C2
:1033C00001236360002010BD03690020C3E90612D9
:1033D000704708B5FFF753FB002008BD40F22110ED
:1033E000F4F72CB908B540F2211000220121F4F7BE
:1033F00047F9BDE8084040F22110F4F70FB94368DF
:103400005868704708B5006900F04CFE002008BD00
:103410004FF0FF324FF0FF33F9F73CBC2DE9F0419C
:103420000D4616461F460446D0F804800069FFF793
:10343000EFFFD8F800003A463146284401F0B5F9CC
:103440002069F9F79FFC0020BDE8F08138B50446FB
:1034500045680069FFF7DCFF6A680021286801F011
:10346000B2F92069F9F78EFC002038BD2DE9F04152
:103470000E4615461F460446D0F804800069FFF743
:10348000C7FFD8F800103A463144284601F08DF9BC
:103490002069F9F777FC0020BDE8F08110B40269DB
:1034A000436811681B68D3F8304171B17CB10024C6
:1034B0000C611168C97B19B94FF48051C3F8081326
:1034C00011688C7B1CB100238B7310BC7047D3F840
:1034D000141121B10021C3F81411D3F8143112686A
:1034E0001368002BF1D0516810BC184743681B6863
:1034F000D3F88004C3F88004704742681368D3F897
:103500004C0150B10020926A12780A70C3F84C0145
:10351000D3F84C2101229A6270474FF0FF30704778
:10352000002A0FDD42681368D3F84C0158B100201F
:10353000C3F84C01D3F84C010120926A12780A704A
:10354000986270470020704710B543681C68036993
:10355000EFF31180202282F31288BFF36F8F1A6875
:10356000D17B39B9917301221B68DA734FF4805310
:10357000C4F8043380F31188BFF36F8F10BD036963
:103580001A68D17B21B10121917300221B68DA7383
:10359000704702691168CB7B4BB143681B68D3F855
:1035A000300128B100230B611368988970471846D1
:1035B000704743681B68D3F84C01003018BF0120E6
:1035C000704743681B68D3F8042312035CBF4FF4B1
:1035D0000022C3F80423704743681B68D3F8042310
:1035E000120344BF4FF40022C3F80823704720227F
:1035F00043681B68C3F804237047202243681B6894
:10360000C3F80823704701207047036918680160F8
:103610001B685A60704738B5436804461D68D5F882
:103620000433DB0405D4D5F8040310F4002006D1DC
:1036300038BDFFF7AEFF0028F5D00120F8E720469F
:10364000FFF7B7FF003018BF0120F1E713B501AA5B
:103650000446FFF7F4F9002805DB019B226819797D
:103660001868F7F71FFB02B010BD38B5054644686F
:103670000121E068FFF7EAFF6B6819686369C1F828
:103680002435E28BA38BA07E1343228C1343628CE0
:103690001343627E0243207E02431343C1F86C351C
:1036A00069680B68D3F8002242F48022C3F8002234
:1036B0000822C3F800254A6A0121C3F83C270022EA
:1036C000C3F840271965D3F830110029FBD0C3F89F
:1036D00000256D680021E8682C68FFF7B7FF082314
:1036E000C4F800352A7A52B9AB6AC4F8043701230A
:1036F000C4F80837C4F84C21D4F84C21A362002048
:1037000038BD10B5044600220121C620F3F7B8FFEA
:10371000C620F3F783FF2046BDE81040FFF7A5BFA2
:1037200010B5044600220121C720F3F7A9FFC720E6
:10373000F3F774FF2046BDE81040FFF796BFF8B5D9
:10374000056907462B6801269C8910339442A8BF5F
:103750001446D3E8EF2F002A03D1C3E8E06F002816
:10376000F7D10CBF334600232BB32B682246986851
:1037700001F01BF8EFF31180202383F31288BFF3CD
:103780006F8F7B6829681B68D3F830213AB91446DB
:103790000A6180F31188BFF36F8F2046F8BD8A68F5
:1037A000C3F83C270022C3F84047C3F83021D3F8C0
:1037B00030211E65EDE71C46EFE708B50220F6F75D
:1037C00081FE002008BD08B5F8F7AEFA08BD034633
:1037D0000020184700F054BB30B5012402689AB1AC
:1037E000B2FA82F3C3F11F0304FA03F122EA0101E2
:1037F000D0E8EF5F954204D1C0E8EC1FBCF1000FA8
:10380000F6D1EBD1184630BD6FF00B03FAE710B5D7
:103810000268CA40D30710D401238B40026843EAF0
:103820000201D0E8EF4F944204D1C0E8EC1FBCF194
:10383000000FF6D1F2D1002010BD6FF01500FBE7AC
:10384000012805D010B1022804D07047F7F74ABE0E
:10385000F7F706BFF7F7A0BF012803D020B1022871
:1038600004D0704700F00FB800F00BB800F00DB8AE
:1038700008B5F7F72DFFF7F777FEBDE80840F7F733
:10388000A7BFF7F701BEF7F7ADBEF7F75BBFF7B518
:103890001746DDE90846019001A81D46F7F7B0FF7D
:1038A000019B002F00EB830014BF0223002300299B
:1038B00018BF43F00103002D14BF4FF00C0C4FF064
:1038C000000C002C43EA0C0314BF4FF4706C4FF053
:1038D000000C002E43EA0C0314BF4FF4403C4FF0A1
:1038E000000CD0F8802043EA0C0322EA030301B164
:1038F00009780FB13F787F0019430DB12D78AD00E5
:1039000041EA07020CB121780C0215430EB136785A
:1039100036042C433443C0F8804003B0F0BD1FB5DB
:103920000DF10F03019300238DF80F1000931A4639
:103930001946FFF7ACFF05B05DF804FB10B504466F
:103940000846F7F76BFF04EB4000808AC0F3401095
:1039500010BD10B504460846F7F760FF04EB4000C1
:10396000808A400B10BD70B50446084616460D46C9
:10397000F7F754FF083034F81030DA0509D5C3F3EF
:10398000432304EBC302526854F8333031462846CF
:103990009847A3682BB1E26831462846BDE87040DD
:1039A000184770BD10B504460846F7F737FF00B258
:1039B00004EB4000838ADA051DD5C3F3432123F4C9
:1039C000F853838204F1140204F1980032F8023BA8
:1039D00013F4807F03D0C3F3432399420BD090426A
:1039E000F4D1002204EBC1035A6004F19C00BDE84D
:1039F0001040FFF70CBF10BDF0B5044600200127B2
:103A00000546844695420AD1D4F8443133B10023A7
:103A1000C4F84431D4F8443140F40030F0BDEBB286
:103A20009B0003F580769B0807FA03F3194208D040
:103A300054F806E0BEF1000F03D044F806C0A659C2
:103A400018430135DEE710B504460846F7F7E6FEF1
:103A500004EB4000808A80F00200C0F3400010BDFB
:103A600038B504460D46FFF769FFB0B12046FFF7B1
:103A7000EAFF90B12046FFF76CFF012322688340E4
:103A8000C2F8183303B2206800EB8300D0F8103579
:103A900023F00303C0F8103538BD2846BDE8384090
:103AA0000021FFF73CBF2DE9F043174685B00446DF
:103AB00008460E46F7F7B2FED7F800900546B9F172
:103AC000000F27D00FFA80F804EB4808B8F814303C
:103AD0009B0708D52046FFF731FF20B16FF0150096
:103AE00005B0BDE8F08300224B468DF80E208DF81E
:103AF0000F20CDE900220DF10E010DF10F0230462D
:103B0000FFF7C5FEB8F8143023F0020343F00103B9
:103B1000A8F814307B6883B12AB204EB420218780B
:103B20005968938A13F0020F0CD00029D6D1938ADA
:103B300023F01C0343EA80009082BB68002B43D132
:103B40000020CDE723F4604323F020039382002973
:103B5000EDD00328C2D87B6821685B6893F800C069
:103B60000FFA8CF330B901EB8301C1F81005C1F8ED
:103B70001005DCE74FEA830E7144D1F8103523F0CD
:103B80000303C1F8103523687344D3F8101521F4EA
:103B9000473121F47C71C3F8101541F6F071D3F868
:103BA00010E501EA06114EEA004E41EA0E01C3F8A3
:103BB000101504EB4C03A3F8A060938A43EA4C333E
:103BC00043F020039382B2E73146D3E900782046E0
:103BD000FFF7E8FE002FB3D063689F4212D1A368BD
:103BE00098450FD1002004EBC003C3E901782DB242
:103BF00004EB4504A38AC0B243EA402040F480703D
:103C0000A0829DE704F19C00FFF7E6FD0028EADAB8
:103C100066E7C0E90312704770B504461546FFF722
:103C20008DFE48B10846F7F7F9FD04EB4000838AA2
:103C300000205B0B2B7070BD6FF01500FBE790F858
:103C4000B000003018BF01207047F7F71FBEF7B56E
:103C500004460D461746FFF771FE2668E8B1204678
:103C6000FFF7F1FEC8B12046FFF773FE002103B253
:103C70009A0002F58073F150F35823681344D3F887
:103C8000102542F00102C3F8102527B10123226854
:103C90008340C2F8143303B0F0BDD6F8143328467D
:103CA0009A035CBF4FF40033C6F81433F7F7B6FD40
:103CB00004EB4000838AC3F38203042B0FD0052B4F
:103CC00004D102212846FFF72AFEE4E701A8019566
:103CD000F7F796FD019AC368D340DB07F1D50321BE
:103CE000F0E7FFF7BDBE30B50125A2F58074A4084A
:103CF00005FA04F4214009D0815839B100218150DE
:103D0000825828461A6814431C6030BD0846FCE7F8
:103D100091F82030032B2AD8DFE803F022261A027C
:103D20008B685A0504D5D0F844370A699A4207D1FE
:103D30008B685B051BD4D0F844378A699A4216D049
:103D400000230622C0F80035C0F800251846704749
:103D5000D0F844370A699A42F2D1D0F80C37ECE730
:103D6000D0F844370A69E9E7D0F80C37FAE70120C0
:103D70007047002337B504460D4601934FF4947203
:103D800001ABFFF7B0FF01AB29464FF4827220462A
:103D9000FFF7A9FF01AB29464FF48A722046FFF7CF
:103DA000A2FF01AB29464FF4B6722046FFF79BFFF6
:103DB00001AB29464FF4A8722046FFF794FF01ABF0
:103DC00029464FF49C722046FFF78DFF01AB4FF45C
:103DD0009A7229462046FFF786FF019803B030BD4E
:103DE00010B4CC7B8A6803682CB9D1E90041C3F8D0
:103DF0000046C3F80416C3F8242543682BB10068B5
:103E000010BCC0F30830F3F709BC10BC704738B5DC
:103E10000D4690F826100446D1B9C160C0E90123CF
:103E200080F8291080F828106DB1AB7B80F82B301A
:103E300013B92846F8F786F96B7B294684F82A30AF
:103E40002046FFF7CDFF0123002084F8263038BD3F
:103E50006FF07700FBE706220368C3F80025022312
:103E600080F82630704707B5019001A8F8F7C8FB25
:103E70000123019A9340436003B05DF804FB70474F
:103E800008B1F4F753B8704710B5436904463BB91D
:103E90000020E2684042537843F00103537010BDA4
:103EA00098470028F4D00028B8BF4042FF28A8BF98
:103EB000FF20E3681870ECE740B1C368587810F051
:103EC00001001EBF1878B0FA80F040097047EFF388
:103ED0001183202383F31288BFF36F8FFEE708B5A9
:103EE000FFF7F5FF2DE9F04F064689B0DDE91278BE
:103EF000914643463A4606A8059106F1140A00F099
:103F00008DFBDDE90634CDE90234EFF31184202581
:103F100085F31288BFF36F8F06F10C0B4A460599A3
:103F20003046149B984730B184F31188BFF36F8FEC
:103F300009B0BDE8F08F57EA0803F5D0DDE90223A8
:103F400006A800F08FFBDDE906785A46CDE9007837
:103F500021465046F9F72CFBEFF3118485F31288C4
:103F6000BFF36F8FDAE710B400F10C04C0E903442B
:103F700010BCFAF7BFBD38B50546EFF31184202316
:103F800083F31288BFF36F8FFAF79FFC05F10C00E3
:103F900000F04CFA30B1214605F11400BDE838407C
:103FA00000F02ABA84F31188BFF36F8F38BD70B563
:103FB0004469ECB1826844EA020111F0030117D1AF
:103FC000056905FB04F3B3FBF4F6B54210D1D31831
:103FD0000ED20A46C1601B1B0169914201D8002024
:103FE00070BDC168013219604169C3605B1AF3E7B3
:103FF0006FF01500F4E72DE9F04105460F46EFF3A9
:104000001188202383F31288BFF36F8FC668FEB92F
:104010000468A0421CD0DCB1D4E9003213605A60BD
:10402000237CC4E9006623F002032374A66004F134
:10403000180000F0BBFA2046C4F88060676100F009
:10404000A8F9414605F10800BDE8F04100F0D4B9F7
:104050003E60AB69EF60013BAB6188F31188BFF351
:104060006F8FBDE8F081202408B5EFF3118384F34E
:104070001288BFF36F8FFAF77AFFF6E7D0E90032C4
:1040800013605A600023027CC0E9003322F0020270
:1040900002748360704713B501240094F8F72CFD77
:1040A00002B010BD03460020C3E90033C3E902009B
:1040B0007047D0E9003213605A600023027CC0E9E7
:1040C000003322F002020274836070472DE9F84346
:1040D000904605460C469DF8202000F10809EFF3B4
:1040E0001186202181F31288BFF36F8F02B14468DB
:1040F000AF68B94516D0AFB100243846FFF7D9FFF5
:1041000007F1180000F052FA3846C7F88040C7F8A7
:10411000148000F03EF93146484600F06DF9204623
:10412000BDE8F883C3B10820F9F784FE002831D038
:104130000123C0F804800360036803F003037CB923
:104140002A68134303606B68286003B9686086F3CC
:104150001188BFF36F8FE2E7C8F800304046EBE705
:10416000216831F003010DD103606C6814B9C5E911
:104170000000ECE7236803F0030303432360686057
:104180000024E4E70B430360236803F003031843B0
:104190002060F5E76FF00B04D9E710B5044630B1A5
:1041A0000268930703D0446809B100F0F7FA20468B
:1041B00010BD0023C0E9003300F10803C0E9023359
:1041C0007047012307B5009300230A461946FFF7FD
:1041D0007DFF03B05DF804FB002307B50A4600939A
:1041E0001946FFF773FF03B05DF804FB0021006878
:1041F000FFF7D3BF3AB18A4205D3C0E90212C0E942
:104200000000002070476FF015007047012302681E
:104210008B4022EA0303036022FA01F000F0010060
:10422000704720B100229430114600F051B9704718
:1042300010B5032104460C30FFF7E8FF30B104F15C
:10424000100000F0B3F9B0FA80F0400910BD73B56A
:104250000446EFF31185202383F31288BFF36F8F99
:1042600000230193D0E90423B3F1004F08BF012AD2
:1042700005D085F31188BFF36F8F02B070BDA0F138
:10428000100603210438FFF7C1FF0028F1D0A3690D
:1042900001A930460193F8F749FFEAE710B510226B
:1042A0000C46002100F08FFA446010BD13B5019058
:1042B0000846EFF31184202383F31288BFF36F8F36
:1042C00001A9F8F733FF84F31188BFF36F8F02B0B1
:1042D00010BD10B5FFF7EAFF041E08DDEFF31180F3
:1042E000202383F31288BFF36F8FF9F7F7F9204685
:1042F00010BD10B530220C46002100F064FA4FF4D6
:1043000080724460C26010BDEFF30580003018BFBA
:10431000012070476FF057007047D0E900321360FA
:104320005A600023C0E90033704708B5FFF7F5FF76
:10433000037C23F0020303740023836008BD38B5B7
:1043400004460D46F9F76EF8237C43F0020323740C
:1043500095B1A5602B689D4215D0A3B194F90E10BC
:1043600093F90E20914208D0521A002A05DD5A68AE
:10437000C4E9003214605C6038BD6A68934202D0C0
:104380001B68002BECD16B68C4E900531C606C60A7
:10439000F2E710B5EFF31184202383F31288BFF303
:1043A0006F8FF9F787F884F31188BFF36F8F10BD13
:1043B00008B5037C014613F0280F0CD183680BB1BC
:1043C000FFF7B3FF0B7C084623F004030B74BDE832
:1043D0000840F9F76FB808BD10B5EFF3118420233A
:1043E00083F31288BFF36F8F1838FFF7E1FF84F370
:1043F0001188BFF36F8F10BD0846F9F747B838B57D
:10440000054604680020AC4200D138BD002CFCD029
:104410002046FFF78AFF04F1180000F0C7F8204695
:10442000F9F748F82C680120A542EDE710B5EFF345
:104430001184202383F31288BFF36F8FFFF7DFFF10
:1044400084F31188BFF36F8F10BD38B50D46044655
:10445000F9F7E4F96B1C08BFB4F1FF3F16D04FF435
:104460007A7147F611240025C1FB004547F6122258
:10447000002320462946F2F727FC00236FF0004274
:104480008B4208BF824200D2104638BD2046FCE76E
:1044900038B50446EFF31185202383F31288BFF368
:1044A0006F8F037C5B070ED5183000F07FF8237CFC
:1044B000204623F004032374F8F7FCFF2846BDE8E8
:1044C0003840F8F7E3BF85F31188BFF36F8F38BD2D
:1044D00038B5EFF31185202383F31288BFF36F8F74
:1044E0000468A04213D0A4B1C4F8801062612046D1
:1044F000FFF71BFF04F1180000F058F82046F8F70A
:10450000D9FF012085F31188BFF36F8F38BD0020DC
:10451000F8E72046F6E72DE9F047064689461746B4
:104520009A46EFF31188202383F31288BFF36F8F2D
:104530000068864212D088B1736898420CD0056832
:104540005146C847044650B945B173689D4200D0F2
:104550002C6828462546F3E70025F1E7002417B12B
:1045600051462046B84788F31188BFF36F8F204625
:10457000BDE8F0872DE900480246F9F7C5FA90B189
:10458000D0E90401B0EB020B61EBE27CBBF1004F20
:104590007CF1000307DA584600287CF1000300DABA
:1045A0000020BDE800886FF00040FAE770B50446CF
:1045B000EFF31185202383F31288BFF36F8F036815
:1045C000CBB1F9F7A1FA06462046F9F7AFFA002277
:1045D0004FF00043A642C4E9042306D1F9F79CFA40
:1045E000FFF7C8FF0021F6F7F5FD002085F31188DD
:1045F000BFF36F8F70BDD0E90423B3F1004F08BF44
:10460000012A04D100224FF00043C0E904236FF0D7
:104610001500EBE708B5F9F7A3FB08BD70B51D461B
:10462000013308BFB2F1FF3F0646144617D054EAE3
:10463000050314D0002A75F1000308DBF9F790FB9D
:10464000001945EB0101C6E90001304670BD6FF06D
:1046500001004FF0FF33801A63EB0501F3E72046BA
:104660002946F0E770B51D46013308BFB2F1FF3FA0
:104670000646144603D1C6E90045304670BD54EAEB
:104680000503F8D0F9F76CFBA94208BFA04205D298
:10469000221A65EB0103C6E90023EEE70022134668
:1046A000F9E72DE9F347DDE90A6704461546884630
:1046B00009B900201FE002F0010AF9F7EDF8814680
:1046C000EFF31181202383F31288BFF36F8FA807C4
:1046D00044BF0023A360A36803EA0800BAF1000FF7
:1046E0000CD080450CD16A0744BF8343A36081F39B
:1046F0001188BFF36F8F02B0BDE8F0870028F2D1B8
:1047000056EA070304D181F31188BFF36F8FD0E716
:10471000C9E918852246CDE9006704F10C00F8F7D5
:1047200047FF0028C5D1D9F86000E4E710B50B6851
:104730000446D0E9180212F0010F03EA000301D089
:10474000984211D183B12366520748BF4A6804F1E9
:10475000180044BF13434B60FFF728FF0023204697
:10476000C4F88030FFF724FE002010BD0023C0E90C
:104770000000836070470A46F9F70EBB4FF0FF3226
:10478000F9F70ABBF9F708BB0A460021F9F704BBA1
:10479000002A14BF02220022FFF783BF20B1011FAD
:1047A00050F8040CFFF7E7BB70470A44914200F150
:1047B000FF3300D1704710B511F8014B914203F857
:1047C000014FF9D110BD03460244934200D1704716
:1047D00003F8011BF9E7024610B501448A4213466B
:1047E00003D01C780132002CF8D1181A10BDF0B596
:1047F000C3F13706F6B203F01F03082BC5B213D07E
:10480000102B18D0022B23D105F00104450845EAEE
:10481000C1754F0828463946303402F8014B50EA3A
:104820000104EAD11046F0BD05F00704C50845EAC9
:104830004175CF08EEE705F00F04050945EA01755B
:104840000F0928463946092C84BFA419E4B2E3E7CE
:1048500044084FEA900C44EAC1744CEA817C14EBA2
:104860000C044FEA51074FEA910E47EB0E01200965
:1048700040EA017024184FEA111747EB0101200AA2
:1048800040EA016024184FEA112747EB0101200C90
:1048900040EA014024184FEA114747EB0101002785
:1048A000641841EB0707E00840EA4770C4B204EB24
:1048B0008404A5EB4404E4B2092C4FEAD701ABD938
:1048C0000130A4F10A0441F10001E4B2BBE72DE993
:1048D000F04301240A258446944202DBBDE8F083BC
:1048E0009C46634613F8016B002EF7D0252EF7D1B6
:1048F0001F780CF1020C252FF3D000239E461E4694
:104900001F2E0FD8A7F12008B8F1100F0CD8DFE840
:1049100008F0130B0B130B0B0B130B0B0B130B13DD
:104920000B0B13007F2E1AD8A7F13008B8F1090F2E
:1049300007D8202605FB03831CF8017B002FDFD15D
:104940002AE0242F06D1BEF1000F3CD09C423CD07F
:104950000023F1E727F00408B8F12A0FF8D06C2FF4
:1049600006D1370648BF46F4007646F08006E3E7F6
:10497000682F06D1F70548BF46F4007646F48076E6
:10498000DAE74C2F02D146F42076D5E76A2FFAD029
:104990007A2FD1D0742FCFD0BEF1000F9ED07445A6
:1049A0009AD147F0200CACF1650EBEF1020F0B68F6
:1049B00002D9BCF1610F0AD1073323F00703083392
:1049C0000B60013487E79E46C2E76327E9E7632F60
:1049D00001D10433F4E7732FFBD006F0800CBCF157
:1049E000000FF6D0B605F4D5E6E700004099FF7F4A
:1049F00001000000817E000000000000EDB000001A
:104A00000000000000000000DC4A010035CA000080
:104A10000000000075CA0000000000000000000057
:104A2000F84A010000000000304B010000000000C7
:104A3000144B010000000000844B01000000000046
:104A4000684B0100000000004C4B0100C1A50000B4
:104A500000000000BB37010000000000957C000052
:104A60000000000000000000A04B010051DE00002B
:104A70000000000000000000D84B01000000000012
:104A8000104C010000000000F44B01000000000089
:104A90002C4C010000000000BC4B01000000000095
:104AA000484C010000000000644C010000000000C0
:104AB000804C010000000000B84C01000000000024
:104AC0009C4C0100D9880000000000000970000023
:104AD00000000000F1C6000000000000426101007B
:104AE0002C5901004856010092060020F4160020BF
:104AF000BDA20000000000005B61010074590100CC
:104B0000E45501009606002080170020EDA7000064
:104B1000000000006661010060590100E4550100D9
:104B20009806002074170020EDA700000000000088
:104B30004F61010088590100E455010094060020EE
:104B40008C170020EDA70000000000001D6101008F
:104B50006C5801002C5701008C060020300000200A
:104B60000D8D000000000000F5610100585B0100A0
:104B700078570100AC060020CC0500202137010049
:104B800000000000006201002C5B0100785701006A
:104B9000AE060020C0050020033701000000000021
:104BA000E7610100EC5A010038560100AA06002016
:104BB000F4180020053401000000000036610100F7
:104BC000EC580100A8580100900600208404002041
:104BD000C997000000000000716101009C590100AC
:104BE000085601009A0600209817002099A9000095
:104BF000000000007A6101006805002020560100D5
:104C00009C06002014180020A526010000000000CA
:104C10008561010038050020205601009E06002015
:104C2000C0170020A526010000000000D861010087
:104C3000B85A0100AC560100A8060020D418002084
:104C4000D333010000000000BF6101001C5A0100C5
:104C5000EC560100A2060020A4180020432D0100FC
:104C600000000000AB610100F859010000000000E5
:104C7000A006002068180020B1AA00000000000073
:104C8000CD6101004C5A010064560100A6060020C7
:104C90000000000087300100000000002A610100D0
:104CA00080580100000000008E060020B81200208D
:104CB0002F09010000000000C8610100785A0100BE
:104CC0006C560100A4060020BC180020DF31010052
:104CD00000000000000000004BEF0000000000009A
:104CE0004BEF0000000000004BEF00000000000050
:104CF0004BEF0000000000004BEF00000000000040
:104D00004BEF0000000000004BEF0000000000002F
:104D10004BEF0000000000004BEF0000000000001F
:104D20004BEF0000000000004BEF0000000000000F
:104D30004BEF0000000000004BEF000000000000FF
:104D40004BEF0000000000004BEF000000000000EF
:104D50004BEF0000000000004BEF000000000000DF
:104D60004BEF0000000000004BEF000000000000CF
:104D70004BEF0000000000004BEF000000000000BF
:104D80004BEF0000000000004BEF000000000000AF
:104D90004BEF0000000000004BEF0000000000009F
:104DA0004BEF0000000000004BEF0000000000008F
:104DB0004BEF0000000000004BEF0000000000007F
:104DC0004BEF0000000000004BEF0000000000006F
:104DD0004BEF0000000000004BEF0000000000005F
:104DE0004BEF0000000000004BEF0000000000004F
:104DF0004BEF0000000000004BEF0000000000003F
:104E00004BEF0000000000004BEF0000000000002E
:104E10004BEF0000000000004BEF0000000000001E
:104E20004BEF0000000000004BEF0000000000000E
:104E30004BEF0000000000004BEF000000000000FE
:104E40004BEF0000000000004BEF000000000000EE
:104E50004BEF0000000000004BEF000000000000DE
:104E60004BEF0000000000004BEF000000000000CE
:104E70004BEF0000000000004BEF000000000000BE
:104E80004BEF0000000000004BEF000000000000AE
:104E90004BEF0000000000004BEF0000000000009E
:104EA0004BEF0000000000004BEF0000000000008E
:104EB0004BEF0000000000004BEF0000000000007E
:104EC0004BEF0000000000004BEF0000000000006E
:104ED0004BEF0000000000004BEF0000000000005E
:104EE0004BEF0000000000004BEF0000000000004E
:104EF0004BEF0000000000004BEF0000000000003E
:104F00004BEF0000000000004BEF0000000000002D
:104F10004BEF0000000000004BEF0000000000001D
:104F20004BEF0000000000004BEF0000000000000D
:104F30004BEF0000000000004BEF000000000000FD
:104F40004BEF0000000000004BEF000000000000ED
:104F50004BEF0000000000004BEF000000000000DD
:104F60004BEF0000000000004BEF000000000000CD
:104F70004BEF0000000000004BEF000000000000BD
:104F80004BEF0000000000004BEF000000000000AD
:104F90004BEF0000000000004BEF0000000000009D
:104FA0004BEF0000BC4B01005D1901000000000048
:104FB0004BEF0000000000004BEF0000000000007D
:104FC0004BEF0000000000004BEF0000000000006D
:104FD0004BEF0000000000004BEF0000000000005D
:104FE0004BEF0000000000004BEF0000000000004D
:104FF0004BEF0000000000004BEF0000000000003D
:105000004BEF0000000000004BEF0000000000002C
:105010004BEF0000000000004BEF0000000000001C
:105020004BEF0000000000004BEF0000000000000C
:105030004BEF0000000000004BEF000000000000FC
:105040004BEF0000000000004BEF000000000000EC
:105050004BEF0000000000004BEF000000000000DC
:105060004BEF0000000000004BEF000000000000CC
:105070004BEF0000000000004BEF000000000000BC
:105080004BEF0000000000004BEF000000000000AC
:105090004BEF0000000000004BEF0000000000009C
:1050A0004BEF0000000000004BEF0000000000008C
:1050B0004BEF0000000000004BEF0000000000007C
:1050C0004BEF0000000000004BEF0000000000006C
:1050D0004BEF0000000000004BEF0000000000005C
:1050E0004BEF0000000000004BEF0000000000004C
:1050F0004BEF0000000000004BEF0000000000003C
:105100004BEF0000000000004BEF0000000000002B
:105110004BEF0000000000004BEF0000000000001B
:105120004BEF0000000000004BEF0000000000000B
:105130004BEF0000000000004BEF000000000000FB
:105140004BEF0000000000004BEF000000000000EB
:105150004BEF0000000000004BEF000000000000DB
:105160004BEF0000000000004BEF000000000000CB
:105170004BEF0000000000004BEF000000000000BB
:105180004BEF0000000000004BEF000000000000AB
:105190004BEF0000000000004BEF0000000000009B
:1051A0004BEF0000000000004BEF0000000000008B
:1051B0004BEF0000000000004BEF0000000000007B
:1051C0004BEF0000000000004BEF0000000000006B
:1051D0004BEF0000000000004BEF0000000000005B
:1051E0004BEF0000000000004BEF0000000000004B
:1051F0004BEF0000000000004BEF0000000000003B
:105200004BEF0000000000004BEF0000000000002A
:105210004BEF0000000000004BEF0000000000001A
:105220004BEF0000000000004BEF0000000000000A
:105230004BEF0000000000004BEF000000000000FA
:105240004BEF0000000000004BEF000000000000EA
:105250004BEF0000000000004BEF000000000000DA
:105260004BEF0000000000004BEF000000000000CA
:105270004BEF0000000000004BEF000000000000BA
:105280004BEF0000000000004BEF000000000000AA
:105290004BEF0000000000004BEF0000000000009A
:1052A0004BEF0000000000004BEF0000000000008A
:1052B0004BEF0000000000004BEF0000000000007A
:1052C0004BEF0000000000004BEF0000000000006A
:1052D0004BEF0000000000004BEF0000000000005A
:1052E0004BEF0000000000004BEF0000000000004A
:1052F0004BEF0000000000004BEF0000000000003A
:105300004BEF0000844B01009D340100684B01000D
:105310009D340100C01700209DC400000000000063
:105320004BEF0000000000004BEF00000000000009
:105330004BEF0000000000004BEF000000000000F9
:105340004BEF0000000000004BEF000000000000E9
:105350004BEF0000000000004BEF000000000000D9
:105360004BEF0000000000004BEF000000000000C9
:105370004BEF0000000000004BEF000000000000B9
:105380004BEF0000000000004BEF000000000000A9
:105390004BEF0000000000004BEF00000000000099
:1053A0004BEF0000000000004BEF00002C0200203B
:1053B00013220100000000004BEF0000000000007D
:1053C0004BEF0000000000004BEF00000000000069
:1053D0004BEF0000000000004BEF00000000000059
:1053E0004BEF0000000000004BEF00000000000049
:1053F0004BEF000095C00000CF3701000000000017
:105400004BEF0000000000004BEF00000000000028
:105410004BEF0000000000004BEF00000000000018
:105420004BEF0000000000004BEF00000000000008
:105430004BEF0000000000004BEF000000000000F8
:105440004BEF0000000000004BEF000000000000E8
:105450004BEF0000000000004BEF000000000000D8
:105460004BEF0000000000004BEF000000000000C8
:105470004BEF0000000000004BEF000000000000B8
:105480004BEF0000000000004BEF000000000000A8
:105490004BEF0000000000004BEF00000000000098
:1054A0004BEF0000000000004BEF00000000000088
:1054B0004BEF0000000000004BEF00000000000078
:1054C0004BEF0000000000004BEF00000000000068
:1054D0004BEF0000000000004BEF00000000000058
:1054E0004BEF0000000000004BEF00000000000048
:1054F0004BEF0000141800209DC4000000000000C5
:105500004BEF0000000000004BEF00000000000027
:105510004BEF0000000000004BEF00000000000017
:105520004BEF0000000000004BEF00000000000007
:105530004BEF0000000000004BEF0000E0020020F5
:105540001322010071380100CF3701000000000074
:105550004BEF0000000000004BEF000000000000D7
:105560004BEF0000000000004BEF000000000000C7
:105570004BEF0000000000004BEF000000000000B7
:105580004BEF0000000000004BEF000000000000A7
:105590004BEF0000000000004BEF00000000000097
:1055A0004BEF0000000000004BEF00000000000087
:1055B0004BEF0000000000004BEF00000000000077
:1055C0004BEF0000000000004BEF00000000000067
:1055D0004BEF0000000000004BEF00002C4C0100DE
:1055E0005F33010061A60000732101007F210100EB
:1055F000932101009D210100A72101003DA8000089
:10560000BB21010000000000D5250100012601009A
:105610002B2501000000000000000000AD25010066
:105620007128010000000000DD26010000000000DC
:105630000000000041280100FF3301006D3401002B
:105640001D3401004D34010005A40000E3200100D9
:105650001521010000000000812001000000000071
:1056600000000000F72D0100752E0100C12F010080
:105670003F2E0100E72D010081AF00000D31010038
:10568000DD3001000000000000000000000000000C
:1056900000000000932F0100000000000000000047
:1056A0000000000000000000000000009F33010027
:1056B000B7330100000000000000000000000000FF
:1056C00000000000000000000000000000000000DA
:1056D00000000000000000000000000000000000CA
:1056E0000000000000000000C9330100DD2C0100B3
:1056F000C32D0100092D0100172D0100000000003D
:105700002F2D01000000000000000000000000003C
:105710000000000000000000000000000000000089
:1057200000000000000000000000000079020100FD
:10573000A18C000000000000A3020100650201002E
:105740000F060100070501002105010059050100B0
:10575000FB040100000000009501010000000000B2
:10576000000000009D01010079060100AF01010069
:105770000B040100B7010100FB340100E5AF00009C
:10578000ED3401003F3701002135010049350100AA
:105790007F35010093350100C3350100D935010083
:1057A00093350100B3350100EF350100FB350100F1
:1057B00017360100073601000B360100000000001B
:1057C00000000000FFFFFFFFFFFFFFFFFFFFFFFFE5
:1057D00000A0105000820D500004055000860D50AE
:1057E00005000000040000000100000000000000AF
:1057F0000338FDD8704700000000000000000000E2
:105800000338FDD8704700000000000000000000D1
:105810000338FDD8704700000000002000000000A1
:1058200006000100020000002C58010000000000EA
:10583000F860010006000000E04F1E00000000209C
:105840000061010021000000E0FB0720257D000031
:1058500000000000FDEF00004C58010068580100F6
:105860000002000000000000B80E00209403002099
:105870000000000032060020A8030020D40300200E
:10588000A04B01000000000001000000000000002B
:10589000000000000000000020590100CC0600209C
:1058A00000000000000000001F120100991201001A
:1058B0008D170100D5170100FB1301000000000047
:1058C00049950000F31701003B120100CD110100C2
:1058D000EF110100019A000099940000419100002D
:1058E000F98D00004913010037130100100000007A
:1058F00010000000D0120020D01400200000025040
:10590000000000005C040020C1910000E1120100D1
:10591000DB1201000000000052FCAF2260AA103E22
:1059200053200100000000003B20010065A300009F
:1059300089A20000112101000D210100FB200100BE
:105940000121010039A4000059A20000000000005C
:1059500000A0105000820D500004055000860D502C
:10596000FF070000000405500000000000000000D8
:1059700002000000FFFFFFFF00820D502C020020FC
:105980000000000001000000FF03000000A0105014
:10599000E00200200000000000000000F84A0100C2
:1059A00011000000F84A010012000000A08601006A
:1059B0008925010063250100532601002D260100E1
:1059C00000401050E85901000100000000800C5018
:1059D000F0590100010000000800000C0700000B56
:1059E0002300000C2700000BD85901000200000022
:1059F000E059010002000000D84B01006B000000DC
:105A000000000000000000000003000000A0105093
:105A100000820D500004055000860D5000000080EB
:105A2000FFFFFF7F0000008000000080FFFFFF7F7E
:105A3000000000800000000000000000BF610100C5
:105A400000FF0A00F84A01000C000000644C01004D
:105A50000000000000000000000000000000000046
:105A60000000000000000000000000000000000036
:105A70000000000000000000A05A3200A05A3200CE
:105A8000A05A320000000080FFFFFF7F000000806E
:105A90000000000000000000C861010000020800D2
:105AA000644C01000002000000000000FF00FF0045
:105AB000FF00FF000000000000000080FFFFFF7FEC
:105AC0000000008000000080FFFFFF7F00000080DA
:105AD0000000000000000000D861010000FF080085
:105AE00000101250E5330100DD33010000E51050D5
:105AF0000100000000600C501C5B01000100000070
:105B000000700C50245B0100010000002B0000001D
:105B10002A06000128000000290600010C5B010094
:105B200002000000145B01000200000000600C5045
:105B30000000000000000000F45A010000C2010053
:105B40000000D6010000000000000040000000003E
:105B5000B0190020AF19002000700C5000000000A8
:105B600000000000005B010000C201000000D6013F
:105B7000000000000000004000000000D2190020DA
:105B8000D119002000A0105000820D5000040550D3
:105B900000860D50080000000A000000040000000C
:105BA0000100000000A0105000820D5000040550BC
:105BB00000860D5000A0105000820D5000040550CA
:105BC00000860D50F4490100044A0100544A0100C6
:105BD0005C4A0100CC4A0100DC4A010096620100E7
:105BE00000010000000000000904677265656E2076
:105BF0004C4544206E6F742072656164790A0058C8
:105C000049414F206E524635344C4D32304220626D
:105C10006C696E6B202B2055534220434443204136
:105C2000434D20636F6E736F6C652072656164799C
:105C30000A00746F67676C652025750A0046616904
:105C40006C656420746F207265626F6F743A2073A4
:105C500070696E6E696E6720656E646C6573736CD7
:105C6000792E2E2E0A005A65706879722050726F54
:105C70006A656374005849414F5F4E524635344C53
:105C80004D32304200465320436F6E66696775722D
:105C90006174696F6E00485320436F6E6669677563
:105CA000726174696F6E006364635F61636D5F301E
:105CB000006364635F61636D5F73657269616C004B
:105CC00072302F61313A202030782530387820200A
:105CD00072312F61323A20203078253038782020F8
:105CE00072322F61333A20203078253038780A001C
:105CF00072332F61343A2020307825303878207282
:105D000031322F69703A202030782530387820726F
:105D100031342F6C723A20203078253038780A00E0
:105D200020787073723A20203078253038780A0055
:105D30004661756C74696E6720696E737472756301
:105D400074696F6E206164647265737320287231A8
:105D5000352F7063293A203078253038780A00557D
:105D60006E68616E646C6564204952516E3A2025FC
:105D7000640A002A2A2A2A2A2042555320464155DD
:105D80004C54202A2A2A2A2A0A00202053746163AC
:105D90006B696E67206572726F720A002020507204
:105DA0006563697365206461746120627573206541
:105DB00072726F720A002020424641522041646490
:105DC000726573733A20307825780A002020496D77
:105DD00070726563697365206461746120627573B4
:105DE000206572726F720A002020496E737472759A
:105DF0006374696F6E20627573206572726F720AC8
:105E0000002A2A2A2A2A204D5055204641554C5412
:105E1000202A2A2A2A2A0A002020537461636B69E7
:105E20006E67206572726F722028636F6E7465787A
:105E3000742061726561206D6967687420626520F5
:105E40006E6F742076616C6964290A002020556E9B
:105E5000737461636B696E67206572726F720A009A
:105E60002020446174612041636365737320566927
:105E70006F6C6174696F6E0A0020204D4D4641526F
:105E800020416464726573733A20307825780A0083
:105E90002020496E737472756374696F6E2041635C
:105EA000636573732056696F6C6174696F6E0A0065
:105EB0002020466C6F6174696E672D706F696E7417
:105EC000206C617A792073746174652070726573D7
:105ED0006572766174696F6E206572726F720A0006
:105EE0002A2A2A2A2A205553414745204641554C03
:105EF00054202A2A2A2A2A0A002020446976697313
:105F0000696F6E206279207A65726F0A00202055D1
:105F10006E616C69676E6564206D656D6F72792066
:105F20006163636573730A002020537461636B209F
:105F30006F766572666C6F772028636F6E74657814
:105F4000742061726561206E6F742076616C696483
:105F5000290A0020204E6F20636F70726F63657393
:105F6000736F7220696E737472756374696F6E7388
:105F70000A002020496C6C6567616C206C6F61645D
:105F8000206F66204558435F52455455524E206954
:105F90006E746F2050430A002020496C6C65676165
:105FA0006C20757365206F662074686520455053BA
:105FB000520A002020417474656D707420746F2043
:105FC0006578656375746520756E646566696E6570
:105FD0006420696E737472756374696F6E0A00521F
:105FE0006573657276656420457863657074696F62
:105FF0006E20280053707572696F757320696E7416
:1060000065727275707420284952512000535053A4
:10601000454C20696E20746872656164206D6F6400
:106020006520646F6573206E6F7420696E646963A8
:10603000617465205053500A002A2A2A2A2A2048CF
:10604000415244204641554C54202A2A2A2A2A0AE1
:10605000002020427573206661756C74206F6E207D
:10606000766563746F72207461626C65207265611D
:10607000640A0020204465627567206576656E7449
:106080000A0020204661756C7420657363616C6141
:1060900074696F6E20287365652062656C6F77295F
:1060A0000A00415243485F455843455054207769A0
:1060B000746820726561736F6E2025780A0A002A61
:1060C0002A2A2A2A204465627567206D6F6E6974DA
:1060D0006F7220657863657074696F6E202A2A2A52
:1060E0002A2A0A002A2A2A2A2A20257320256429F6
:1060F000202A2A2A2A2A0A00464C4153485F3000A7
:106100005352414D5F3000303132333435363738F9
:1061100039414243444546007573626400636463D9
:106120005F61636D5F7561727400626F6F745F6D44
:106130006F64654030007573626873403230303090
:106140003000636C6F636B40313065303030006716
:1061500070696F40313061303030006770696F4076
:106160006438323030006770696F40353034303019
:1061700000706D69632D69326300693263403130AC
:106180003430303000693263406338303030000AD8
:10619000100A200E010E0212011202120816011638
:1061A00002220122022204220822106E706D313375
:1061B00030304036620000010405020608090F7005
:1061C0006F7765725F656E004C444F310072656792
:1061D000756C61746F727300726567756C61746F52
:1061E00072403130303000677072656772657431AB
:1061F00040353030007561727440633730303000A4
:106200007561727440633630303000000A2A3542BE
:106210004242424242424242424242000102035B47
:106220007869616F5F6466755D206D73672074794E
:1062300070653D257520626175643D25750A005BBA
:106240007869616F5F6466755D2061726D65642059
:106250006F6E20257520636F6E74657874287329BE
:106260000A006D61696E002A2A2A20426F6F7469E4
:106270006E67205A6570687972204F532062756985
:106280006C64207A65706879722D763430343030E1
:10629000202A2A2A0A00737973776F726B7100289B
:1062A0006E756C6C29002A666C6F61742A000000A0
:1062B00000000000018C0000000000000001000050
:1062C00000000000000000000000000000000000CE
:1062D00000000000000000000000000000000000BE
:1062E0004C4B010000C2010000000800000000004B
:1062F000000000000000000000000000000000009E
:10630000000000000000000000000000000000008D
:106310000000000000040020000000001404002021
:10632000000000000000000000000000000000006D
:10633000000000000000000000000000000000005D
:10634000000000000000000000000000000000004D
:10635000000000000000000000000000000000003D
:10636000000000000000000000000000BC00002051
:10637000BC00002000000000010000000000000040
:1063800000000000670000000000000000000000A6
:1063900000000000000000000000000000000000FD
:1063A00000000000000000000000000000000000ED
:1063B00000000000000000000000000000000000DD
:1063C00000000000000000000000000000000000CD
:1063D00000000000000000000000000000000000BD
:1063E00000000000000000000000000000000000AD
:1063F000000000000000000000000000000000009D
:10640000000000000000000000000000000000008C
:106410009BEB000000000000FC050020EC010020C8
:106420000000000000000000000000000506002041
:106430000402002000000000000000000000000036
:10644000000000000000000000000000E85B010008
:106450000403000000000000000000000001010033
:1064600000000000665C01001E0300000000000048
:10647000000000000002010000000000755C010047
:1064800020030000000000000000000000030300E3
:1064900000000000000000000003000000000000F9
:1064A000000000000004010000000000855C010005
:1064B00022030000000000000000000000040100B2
:1064C00000000000965C01002203000000000000B4
:1064D000F3EF0000000000000000000000A00D50DD
:1064E00000000000000000000000000000000000AC
:1064F000000000000000000000000000000000009C
:10650000000000000000000000000000000000008B
:10651000000000000000000000000000000000007B
:10652000000000000000000000000000000000006B
:10653000000000000000000000000000000000005B
:10654000000000000000000000000000000000004B
:10655000000000000000000000000000000000003B
:10656000000000000000000000000000000000002B
:10657000000000000000000000000000000000001B
:10658000000000000000000000000000000000000B
:1065900000C01050000000000000000000000000DB
:1065A00000000000000000000000000000000000EB
:1065B00000000000000000000000000000000000DB
:1065C00000000000000000000000000000000000CB
:1065D00000000000000000000000000000000000BB
:1065E00000000000000000000000000000000000AB
:1065F000000000000000000000000000000000009B
:10660000000000000000000000000000000000008A
:10661000000000000000000000000000000000007A
:10662000000000000000000000000000000000006A
:10663000000000000000000000000000000000005A
:1066400000010000A75C01000000000028040020F9
:10665000000000004C4B0100320600203A060020EA
:1066600043060020480600204D0600205106002069
:10667000560600205D060020660600206D060020FC
:1066800089060020320600203A060020430600203A
:10669000480600204D060020510600207406002008
:1066A0005D0600207B06002082060020890600206F
:1066B000B8380020000000000000000000000000CA
:1066C00000040000B83C00200000000000000000B2
:1066D0000000000000040000000000002301010091
:1066E000AF0301003D0601004B0701009B050100BF
:1066F0001305010000000000B30501003905010089
:106700007B0301000000000025010100BD90000096
:106710000D92000000000000FD900000098E0000B6
:106720000000000061110100A1920000A98D00008D
:10673000C98D000000000000000000000000000003
:106740000000000000000000000000000000000049
:106750000000000000000000000000000000000039
:106760000000000000000000000000000000000029
:106770000000000000000000000000000000000019
:106780000000000000000000000000000000000009
:1067900000000000000000000000000000000000F9
:1067A00000000000000000000000000000000000E9
:1067B000000000000000000008050020080500207F
:1067C00000000000000000000E00000000000000BB
:1067D0000000000000000000900800200000000001
:1067E00000000000000000000000000000000000A9
:1067F000006018060000010177260100100000006B
:106800006DAA0000CC5901008D190020FFFF000087
:106810000000000000000000000000000000000078
:10682000006018060000010177260100100000003A
:106830008DAA0000C05901009D190020FFFF000033
:106840000000000000000000000000000000000048
:10685000B11900202000000000000000000000002E
:1068600000000000D31900202000000000000000FC
:10687000980500200000000000000000AC0500208A
:10688000000000000000000099B0000000000000BF
:10689000FF0000000090D003FF0000000F00000088
:1068A00071020000F4050020F40500200902000038
:1068B000000100807D09020000000100807D1201BE
:1068C0000002EF020140862813800404000000004B
:1068D00012010002EF020140862813800404000028
:1068E0000000080B0002020200000904000001027F
:1068F0000200000524001001052401000104240207
:106900000205240600010705810310000A0904019D
:1069100000020A000000070582024000000705018E
:1069200002400000070581031000070705820200EE
:106930000200070501020002000000000000000044
:106940000000000000000000000000000000000047
:106950000000000000000000000000000000000037
:10696000B0060020B0060020B0310020000000007A
:1069700008000000100000000000000000000000FF
:10698000B8340020000400000000000000000000F7
:10699000E0060020E00600200C0000000A000000D5
:1069A00038310020B031002038310020383100204B
:1069B0000000000000000000080700200807002079
:1069C0000000000000000000000000001C07002084
:1069D0001C070020020002000A0000000000000066
:1069E0005858010030320020000000000000000074
:1069F0004007002040070020100010000A0000009F
:106A0000C50901009858010078320020B15C0100EE
:106A10000000000000000000000000000000000076
:106A200000000000BC4B010000000000000000005E
:106A30000000000000000000000000000000000056
:106A40000000000000000000000000000000000046
:106A50000000000000000000000000000000000036
:106A60000000000000000000000000000000000026
:106A70000000000000000000000000000E060020E2
:106A80002006002000000000000000009403002009
:106A900000000000000000000000000000000000F6
:106AA000000000009403002000000000000000002F
:106AB000000000000000000015E015E00769D500A7
:106AC0001200400031D06D60FBC46DE15D092250C1
:106AD0005C866F8A5ABACEB52607C51DA99747D5D9
:106AE00088EBC15F52F42E33093C55F7D6D3DED282
:106AF0000F4ECB567228A4D92D80F0E7701082DC9F
:106B000031DD31E5250001000101004000E3E1290C
:106B1000B49F1218E18E4614ACB2523389C7585252
:106B2000EBB98B4D2C6171A2FC65706BA3D1DDF8C4
:106B30005F52E71450C3E572E624695FAFD41CE4EA
:106B4000D9354D6C2B19F7D6001A6AE8B0240040ED
:106B50000055B4AA6C2EAF349B3F1B8D51CF2F8DA7
:106B6000BCD810D03B0E383171C59E267F974CE5BE
:106B7000306315B74617FAC8CA89EBBB16C1434E36
:106B8000289E914C650324B24448D7D1CCE8932782
:016B900005FF
:040000030000600099
:00000001FF
