:020000040000FA
:10000000A8160020FD3D0000054A0000E93D000063
:10001000E93D0000E93D0000E93D0000E93D000048
:100020000000000000000000000000005D3E000035
:10003000E93D000000000000E93D0000E93D00004E
:1000400071080000710800007108000071080000CC
:1000500071080000710800007108000071080000BC
:1000600071080000710800007108000071080000AC
:10007000710800007108000071080000710800009C
:10008000710800007108000071080000710800008C
:10009000710800007108000071080000710800007C
:1000A000710800007108000071080000710800006C
:1000B000710800007108000071080000710800005C
:1000C000710800007108000071080000710800004C
:1000D000710800007108000071080000710800003C
:1000E000710800007108000071080000710800002C
:1000F000710800007108000071080000710800001C
:10010000710800007108000071080000710800000B
:1001100071080000710800007108000071080000FB
:1001200071080000710800007108000071080000EB
:1001300071080000710800007108000071080000DB
:1001400071080000710800007108000071080000CB
:1001500071080000710800007108000071080000BB
:1001600071080000710800007108000071080000AB
:10017000710800007108000071080000710800009B
:10018000710800007108000071080000710800008B
:10019000710800007108000071080000710800007B
:1001A00071080000B91C000071080000710800000F
:1001B000710800007108000071080000710800005B
:1001C000710800007108000071080000710800004B
:1001D000710800007108000071080000710800003B
:1001E000710800007108000071080000710800002B
:1001F000710800007108000071080000710800001B
:10020000710800007108000071080000710800000A
:1002100071080000710800007108000071080000FA
:1002200071080000710800007108000071080000EA
:1002300071080000710800007108000071080000DA
:1002400071080000710800007108000071080000CA
:1002500071080000710800007108000071080000BA
:1002600071080000710800007108000071080000AA
:10027000710800007108000071080000710800009A
:10028000710800007108000071080000710800008A
:10029000710800007108000071080000710800007A
:1002A000710800007108000071080000710800006A
:1002B000710800007108000071080000710800005A
:1002C000710800007108000071080000710800004A
:1002D000710800007108000071080000710800003A
:1002E000710800007108000071080000710800002A
:1002F000710800007108000071080000710800001A
:100300007108000071080000710800007108000009
:1003100071080000710800007108000071080000F9
:1003200071080000710800007108000071080000E9
:1003300071080000710800007108000071080000D9
:1003400071080000710800007108000071080000C9
:1003500071080000710800007108000071080000B9
:1003600071080000710800007108000071080000A9
:100370007108000071080000710800007108000099
:100380007108000071080000710800007108000089
:100390007108000071080000710800007108000079
:1003A0007108000071080000710800007108000069
:1003B0007108000071080000710800007108000059
:1003C0007108000071080000710800007108000049
:1003D0007108000071080000710800007108000039
:1003E0007108000071080000710800007108000029
:1003F0007108000071080000710800007108000019
:100400007108000071080000710800007108000008
:1004100071080000710800007108000071080000F8
:1004200071080000710800007108000071080000E8
:1004300071080000710800007108000071080000D8
:1004400071080000710800007108000071080000C8
:1004500071080000710800007108000071080000B8
:1004600071080000710800007108000071080000A8
:100470007108000071080000710800007108000098
:100480007108000071080000710800007108000088
:100490007108000071080000710800007108000078
:1004A0007108000071080000710800007108000068
:1004B0007108000071080000710800007108000058
:1004C000710800007108000053B94AB9002908BF3B
:1004D00000281CBF4FF0FF314FF0FF3000F00CB888
:1004E000ADF1080C6DE904CE00F008F8DDF804E089
:1004F000DDE9022304B07047704700BF2DE9F047E3
:1005000086468C460846089E154674461946002BBA
:1005100040F0C1808542B2FA82F245D94AB1C2F1B7
:10052000200300FA02FC954094402EFA03F343EABC
:100530000C0C4FEA154EA8B2230CBCFBFEF80EFBC8
:1005400018CC08FB00F943EA0C43994528D9EB186D
:1005500008F1FF3704D2994502D9A8F102072B44CC
:10056000A3EB0903A4B2B3FBFEFC0EFB1C330CFB94
:1005700000F044EA0344A04214D92C190CF1FF33D3
:1005800004D2A04202D9ACF102032C44241A43EA5B
:1005900007401EB1D440002334607360BDE8F0878B
:1005A0004746DDE76346F1E792BB431B01214FEA73
:1005B000154EAFB2200CB3FBFEFC0EFB1C330CFB44
:1005C00007F840EA0343984561D9EB180CF1FF3076
:1005D00004D2984502D9ACF102002B44A3EB0803E6
:1005E000A4B2B3FBFEFC0EFB1C330CFB07F744EA82
:1005F0000344A7424DD92C190CF1FF3304D2A74272
:1006000002D9ACF102032C44E41B43EA0040C0E7EA
:10061000C2F120039540944020FA03F12EFA03F32F
:100620004FEA154E9040AFB20343B1FBFEFC0EFB08
:100630001C10190C0CFB07F841EA0041884522D92F
:1006400069180CF1FF3004D2884502D9ACF10200E0
:100650002944A1EB08019BB2B1FBFEFC0EFB1C116F
:100660000CFB07F743EA01439F420ED9EB180CF14C
:10067000FF3104D29F4202D9ACF102012B44DB1BB3
:1006800041EA004193E76046E3E76146F7E76046E9
:10069000A4E76346B8E7834206D916B900210846A5
:1006A0007CE7C6E900E0F9E7B3FA83F78FB9834244
:1006B00001D3724508D8BEEB020460EB03030120AE
:1006C0009C461EB9002169E73846FAE7C6E9004CA6
:1006D000F8E7C7F1200CBB400EFA07F522FA0CF43C
:1006E0002EFA0CF1BA401C4320FA0CF3B8404FEA42
:1006F000144901431FFA84FEB3FBF9F809FB1830D3
:100700000B0C08FB0EFA43EA00439A4540D9E31864
:1007100008F1FF3004D29A4502D9A8F1020023441F
:10072000A3EB0A0389B2B3FBF9F809FB183308FB02
:100730000EFE41EA03418E452CD9611808F1FF33C2
:1007400004D28E4502D9A8F10203214443EA0040B5
:10075000A1EB0E01A0FB02984145CE46434602D3D1
:1007600006D14D4504D20138B9EB020E68EB040303
:10077000002EA7D0B5EB0E0261EB030101FA0CFCD1
:1007800022FA07F3F9404CEA0303C6E9003199E77E
:100790004046C5E74346D9E7036803F01F027F2BB5
:1007A00002604FEA53129ABF024B53F82200002016
:1007B000704700BFD04D000007B5019001A8FFF7BA
:1007C000EBFF019B00EB8300D0F88020044B13402B
:1007D00043F00203C0F8803003B05DF804FB00BFB3
:1007E000F0F0FCFF002318460649D1F89020C2F330
:1007F0000722934200DB7047C1F89830C1F8A0008F
:100800000133F6E700ED00E0002807DB0123410992
:10081000034A00F01F00834042F82130704700BFB8
:1008200000E100E000280CDB01220649430900F04A
:100830001F008240203341F82320BFF34F8FBFF3C6
:100840006F8F704700E100E00028ACBF00F160400E
:10085000064B4FEA4111C9B2ABBF00F5614000F051
:100860000F0080F800131954704700BF14ED00E02A
:10087000EFF30583034A103B02EBC301496852F8CA
:1008800033000847984F000030B5104CD4F8903032
:10089000C3F30723013B984215D80D7A0B6805F086
:1008A0001F0223F01F031A43CB686D0923F01F03B7
:1008B00043EA450343F00103C4F89800C4F89C20C0
:1008C000C4F8A03030BD6FF01500FBE700ED00E08C
:1008D000254B264A4FF47A611A600122244B2548A1
:1008E000C3F80424D0F82436C3F30802C3F3094341
:1008F0004B4382F480722049883201FB02334FF46B
:10090000FA215B00B3FBF1F201FB12331B49B3F593
:100910007A3F28BF0132C1F80429D0F820364FF4BD
:100920007A60C3F30802C3F30943434342F21C5005
:1009300082F4807202F2172200FB02334FF47A70C5
:100940001B0AB3FBF0F200FB12330020B3F5FA7F71
:100950004FF0010328BF0132C1F81C27C1F800097C
:10096000C1F80036704700BFC40200200020A10774
:10097000002008E000C0FF00102700800000125097
:100980000023024A0020C1E90023704700501E00E6
:1009900000487047BC4D0000024B0B600123136000
:1009A000704700BFB44D0000024B034A0020C3F85B
:1009B0000C25704700E00450800000804209022AA4
:1009C000034670B503D0012A18D0CAB170BD0E4ECF
:1009D000326951680029F9D0012503F01F030C6822
:1009E0009D400029F2D08A682A4002D030464B68E8
:1009F00098473CB1236821461C46F2E7034EE7E7DF
:100A0000034EE5E72346F6E7104B0000F44A0000EA
:100A10002C4B000003689A070CD50368DB070DD543
:100A20000922074BC3F80C250F22C3F80425012225
:100A30001A60FEE7034B0360EF3B0360704700BFA3
:100A400000801050F000FA50034A4309D35C00F0D4
:100A50001F001844C0B270477E4F0000F0B58446B6
:100A6000002587B0DFF848E0124F019102AE1EF872
:100A7000013B06AA02EBD30212F8144C03F0070361
:100A8000DC4014F0010406D10135042DEFD100241F
:100A9000204607B0F0BD97E80F0086E80F0056F833
:100AA0002520136A4CF825301362002BECD0EFE7B9
:100AB0008E4F0000F04B0000124B70B553F82050E1
:100AC000013053F82060AE4200D870BD6C68B4B1FC
:100AD000237EDB0711D4636953B12046984738B1B0
:100AE0000028B8BF4042FF28A8BFFF20E368187065
:100AF000E268537843F0010353700835E3E72B684D
:100B00009847FAE78C4D000030B5104B1B68D3B9FD
:100B10004FF0FF306FF040410D4CD4E9002390427C
:100B200071EB0305F9D310460A49C3F31303D1E966
:100B30000021801A084A63EB0103C2E9000340095F
:100B400040EAC36030BD0020FCE700BF740A00200B
:100B500040270E50600300205003002010B5EFF333
:100B60001184202383F31288BFF36F8FFFF7CCFF2C
:100B70000346054AD2E90001181841EBE37184F3FA
:100B80001188BFF36F8F10BD680300200B4B1A68EC
:100B90009A420FD072B1D2E904321B1A62EBE072B2
:100BA000B3F1004F72F1000104DA002AACBF18461D
:100BB000002070476FF00040704700BFB402002073
:100BC00001680E4A0346914215D1C169A2F1102273
:100BD000A2F1EF1291420ED18268012A0BD8C268AD
:100BE00012B101698A4206D0586928B19B691B1A63
:100BF0005842584170470120704700BF55AA00FF76
:100C000070B50D4B9E68A6B13046FFF7D9FF04467C
:100C100078B9F3686BB935690DB9204670BD2846BF
:100C2000FFF7CEFF28B9EB68B34202D12E462D69FB
:100C3000F2E70124F1E700BF600A002010B50A4680
:100C4000044620B119B1054B00211B689847044B9D
:100C50002046BDE810401B68184700BF9C020020DA
:100C6000A002002038B500F140431F2B0CD82C22E5
:100C7000144C02FB0344237F022B02D1636983429D
:100C800016D06FF08B0018E0002817DD0D4B002206
:100C90001C461D7F022D02D15D69854205D00132BF
:100CA000202A03F12C03F4D1EBE72C2303FB0244AD
:100CB000204603F05FFB00B90C6038BD6FF0870081
:100CC000FBE700BFD804002008B50F4A1368591C81
:100CD0001160BBB90D4A5920D2F8003443F0070324
:100CE000C2F80034FFF790FDBFF35F8F1522084B69
:100CF0005A62BFF35F8FBFF35F8F40F237129A6281
:100D0000BFF35F8F08BD00BF600400200090055056
:100D10000010015010B5124B1C68013C1C60ECB96E
:100D20005920FFF77FFD07220E4BC3F80823D3F8A5
:100D3000002422F00702C3F80024C3F80041D3F8CE
:100D40000021C3F80441D3F804214FF00072C3F826
:100D50000841D3F80831044BC3F8882110BD00BF07
:100D6000600400200090055000E100E00022074BE5
:100D7000C3F81021C3F80C21C3F80021C3F80421E3
:100D8000C3F80821C3F81821704700BF0090045031
:100D900008B5FFF7EBFF01230360104B0A6832B977
:100DA000D3F80C211AB9D3F80821002AF6D00B6821
:100DB0007BB90B4B99420ED0A3F58473D3F808315D
:100DC000002B0CBF4FF0FF306FF00200FFF7CEFF9B
:100DD00008BD0020FAE74FF0FF30F7E7009004501D
:100DE00008910450012310B50B4CC4F80035D4F819
:100DF0000034DA07FBD5094B0949C3F80005094857
:100E0000FFF7C6FF0023044AC4F80035D2F80034C7
:100E1000DB07FBD510BD00BF00E00450009004507C
:100E2000089104500890045038B5064D0C46C5F89A
:100E3000000505490548FFF7ABFF10B9D5F808359F
:100E4000236038BD00900450109104500C90045061
:100E500070B51C4E44680288B6EB142F43884FEAE5
:100E6000142513D14069184B98420BD003F5FF436A
:100E70007D330344012B02D8B2F5105F1AD06FF016
:100E8000860016E047F212139A42F7E70F488542B0
:100E9000F5D102F44F40B0F5824F0DD144F212105B
:100EA000073382424FEAD30301D15B0001330020B4
:100EB0000B6070BD0223FAE7B2F5885FFAD1073301
:100EC000DB08F4E7004E800001C0FF7F4B4E80003E
:100ED00038B52A4B1B7843B1294B1A68002A3FD0FA
:100EE0001A681968002119602AB9BFF35F8F254B72
:100EF0009A6ABFF35F8FBFF35F8F224CE36BBFF340
:100F00005F8F12F0240F03F023032BD0BFF35F8F0A
:100F1000E569BFF35F8FBFF35F8F10236363BFF398
:100F20005F8F194B1868194BB0FBF3F0184B43F067
:100F300001039847BFF35F8F00236363BFF35F8FA5
:100F4000BFF35F8FE36BBFF35F8F5B06F8D425B110
:100F5000BFF35F8FE561BFF35F8F6FF01F0038BD98
:100F600020BFBAE74FF0FF30002BF8D1BFF35F8FFF
:100F70002063BFF35F8F1846F1E700BF810A0020AE
:100F80007403002000000150C402002040420F0002
:100F9000004C0000C36870B57BB9C36900F128023A
:100FA0001A60C369454A9A604368C269DB6843F4C2
:100FB0008063D360C3691033C361836A9B052FD4F8
:100FC0000368C268DD6800F1EC04302D34BF0826E8
:100FD00010261D6901366B1E1340EB1AB34238BF51
:100FE0005B191C44D50004F8015C03F1EB045209C1
:100FF000044400F1ED05A5425CD1802280F8EC208C
:10100000426AC469C4322260C26993604468C2699A
:10101000E468D460C2691032C26102691A44026194
:101020000269C469D31C23F003039B1A54F8042CEF
:1010300042EA032244F8042CC26952F8084C2344C3
:1010400043F0005342F8083C026A0368DB68116011
:101050000168026AC96803339160026A23F00303DE
:1010600002F1100101620168C96899420BD00021A8
:1010700011610168026AC9685B1A43F0804393609A
:10108000036A10330362836A13F4806311D1026828
:101090005169D26891420CD0026A13600268016AF9
:1010A0005369D2689B1A43F080438B60036A103304
:1010B000036270BD04F8012D120A9CE704000020B1
:1010C000BFF35F8F094A1368BFF35F8F43F48071EA
:1010D000BFF35F8F1160BFF35F8F23F48073BFF3A3
:1010E0005F8F1360BFF35F8F704700BF0010015028
:1010F000BFF35F8F00220B4BDA61BFF35F8FBFF34B
:101100005F8F4FF0FF321A63BFF35F8FBFF35F8FC4
:101110003422DA61BFF35F8F012203F59223C3F813
:101120000423704700000150EF2938B5044624D944
:1011300003681D6815F0400522D1FFF7C5FD0121A8
:101140002176FFF7D5FF104B2846636023680F4ACE
:101150001B68C4E90355A36204F12C03236204F164
:1011600028036362E3671323C4E9212304F18C039A
:10117000E361074BA160636138BD6FF02200FBE7BC
:101180006FF00200F8E700BF544D0000040000209B
:10119000950F0000036803F580514A68C62A38D0CD
:1011A000DA68D203F9D4DB6825481840B0F5806FBF
:1011B00032D017D8402831D008D8102830D0202875
:1011C00030D0003818BF012040007047B0F5807F54
:1011D0002AD0B0F5007F29D0802808BF0B2018BF87
:1011E00002207047B0F5804F22D00AD8B0F5805F5A
:1011F00020D0B0F5005F1FD0B0F5006F08BF06200B
:10120000EDE7B0F5004F19D0B0F5803F08BF0320DF
:10121000E5E76FF001007047112070470A20704722
:101220000C2070470920704708207047072070473E
:101230001420704705207047042070470F20704726
:10124000F0FF010010B5154BD86C28BB1A684FF0A1
:10125000010C91690824C1F30B02482A1A6528BFC2
:10126000482211F4003F5A6508BF00229A65CA035C
:1012700058BFC3E9140001F47002B2F5700F08BF43
:10128000586D0029B8BF0022C3E918C4B8BFC3E92C
:10129000182201225865DA64014810BD6404002058
:1012A000B004002010B50D4B04461A6803610260BB
:1012B0005A6842609A688260094A9A660023836489
:1012C000FFF702FD236803F58051DA68D203FCD4EE
:1012D0004A6A12F4A02FF8D110BD00BF64040020A8
:1012E000644C000008B5044A03699A6603F0F1F8FB
:1012F000BDE80840FFF74EBF504C000010B5044653
:10130000FFF7F0FF0422054BC3F80823FFF702FDA7
:101310002369034A9A660023636410BD0090055058
:10132000644C00002DE9F041DFF81CC1474CDCE9BA
:101330000021D4E90054A14208BFAA42444B454CC5
:101340001B7A25D1B0F1806F22D24001012838BF2D
:101350000120121841F10001CCE90021E21892F8B5
:1013600054201B010C3254F8321004EBC20675688D
:10137000091803F1A04345F1000540F0004003F5D2
:10138000622344F832107560C3F82805BDE8F08187
:10139000314E324FD6E9005ED7E90067AD194EEB0A
:1013A000070E4FF020082E467746C0FB0867E0186E
:1013B000CCE90067B24290F854C071EB0708C7F35C
:1013C00013000CF10C0C1BB20ED304EBCC0244F84E
:1013D0003C6057601B0103F1A04303F56223C3F88F
:1013E0002065C3F82405D1E7521B61EB0E01C82A22
:1013F00004EBCC0871F1000144F83C60C8F80470BB
:10140000E8DA1A0102F1A04202F56222C2F8206570
:10141000C2F82405124A9B001A441368002BB5D069
:101420004FF0FF346FF040430E4DD5E90001844288
:1014300073EB010CF9D3C1F31303B042BB41A5D246
:1014400000231360A2E700BF080300205803002018
:10145000A8020020A000002060030020500300200C
:1014600000210E5040270E502DE9F84F3B4C00272D
:10147000D4E90065911B63EB0500490941EAC061AD
:10148000480180194FF0000645EBD165C4E900051D
:101490003348C0E90023334BC3E90067EFF3118CF5
:1014A000202383F31288BFF36F8FDFF8BCA0DFF82F
:1014B000BC80DAF800002E4D504508BF0020C8F867
:1014C0000010E146D5E90021D8F80030A0B3D0E9FA
:1014D000044C4FEAE37EA3427EEB0C0B05DAE41AE0
:1014E0006CEB0E06C0E9044626E0A21841EBE4715D
:1014F000C0E90467C5E90021D0E9003213605A60F1
:101500000023C0E9003389F31188BFF36F8F83682C
:101510009847EFF31189202383F31288BFF36F8F6D
:10152000D8F80030DAF800001B1B5045CC46C8F84C
:101530000030C6D1D5E9002100209A1841EBE373B1
:10154000C5E90023C8F80000FFF720FBFFF7EAFE1B
:1015500089F31188BFF36F8FBDE8F88F6003002017
:101560005803002050030020B4020020740A002019
:1015700068030020154B9A6A12F0007F9A6A14BF24
:101580001E201D2012F0807F9A6A18BF1F2012F4BF
:10159000801F9A6A18BF022012F4002F9A6A18BF9F
:1015A000212012F4802F9A6A18BF222012F4003FE3
:1015B0009A6A18BF232012F4803F9A6A18BF242029
:1015C0006FEA02426FEA12429A62704700ED00E051
:1015D00010B5184B0246986A9C6A10F4805F14BFDD
:1015E0001720162014F4006F9C6A18BF1820A40559
:1015F00008D5986A000404D51AB19A6A22F4004208
:101600009A6219200B4B9A6A12F4806F9A6A18BF7B
:101610001A20D2050CD49B6A13F4005F18BF1C205B
:10162000044A936A43F47F43936200230B7010BD16
:101630001B20F5E700ED00E010B51C4B0246986A50
:101640009C6A10F0100F14BF1120102014F0080F26
:101650009C6A18BF1220A40709D5586B986A000627
:1016600004D51AB19A6A22F080029A6213200F4BB5
:101670009A6A12F0010F9A6A18BF142012F0200F14
:101680009A6A18BF1520D40658BF9B6A074B9A6AFE
:10169000920642BF5A6A22F400525A629A6A42F093
:1016A000FF029A6200230B7010BD00BF00ED00E046
:1016B0002DE9F743044691460E4629B94FF0FF370E
:1016C000384603B0BDE8F083DFF87C803046D8F8B8
:1016D0000C30B8F808501D44042329460DEB0302D2
:1016E00002F042FC07460028E8D146F60812BDF891
:1016F0000410B8F80A30914223D1BDF8061099427F
:10170000DCD1042330460DEB0302294402F02CFC0B
:101710000028D3D146F60713BDF804209A42CDD154
:101720000023C4E90086A4F80890A372B8F80A3030
:10173000BDF806202B44E360043513446361256142
:10174000BEE7002BE6D0B9E7831200202DE9F04177
:101750001E465A4B0F460360F02104469046FFF7A1
:10176000E3FC054688B9237E57F8252058F8250064
:10177000002B00F09F8048B3A368062B08D904F122
:10178000180002F098FE6FF044052846BDE8F0818D
:10179000B0F1807F06D304F1180002F08CFE6FF0E8
:1017A0003F05F2E7E3691A60E36998606268E369FC
:1017B000D268DA60E3691033E3612369034423618B
:1017C000E3680344E360A3680133A3600135AE42DC
:1017D000C9D1237E002B6DD0D4E903239A4204D0D3
:1017E0002268A36A52685340A3626369069920463F
:1017F0009847E36904F17C02A3F11001914251D8AA
:10180000012243F80C2C53F8042C42F0200243F838
:10181000042C53F8082C42F0005243F8082C236A99
:1018200004F12C02A3F1100191423FD8012243F8A8
:101830000C2C53F8042C42F0200243F8042C53F8EB
:10184000082C42F0005243F8082C636A03F154025A
:10185000BFF35F8F1A4B1A60BFF35F8F626A043267
:10186000BFF35F8F1A61BFF35F8FBFF35F8F0322F8
:101870005A63BFF35F8FBFF35F8F9A63BFF35F8FCE
:101880004FF0FF3504F118066B1C7FF47EAF237E0A
:1018900083B1FFF71DFB421C0546F8D0304602F02D
:1018A0000AFEF1E7103242F80C2CA7E7103242F89A
:1018B0000C2CB9E76FF0200567E700BF344D00003E
:1018C000000001504FF4807313B504460193FFF7F5
:1018D000FBF9FFF70DFC214B01AA1A6011222049E8
:1018E0002048C3E9021240F6110103F110025A60C8
:1018F0001D4AC3E906011A6120321A62212203F14E
:1019000020015961012119485962C3E90A02184AA4
:10191000C2E9011020211460D160BFF35F8F154927
:101920000B60BFF35F8FBFF35F8F0A61BFF35F8F01
:10193000BFF35F8F03234B63BFF35F8FBFF35F8FF3
:101940008B63BFF35F8FFFF7C3FA431C0446FAD0E3
:10195000FFF7E0F9204602B010BD00BFAC03002045
:1019600004000020200000201003002010000020B0
:101970009C030020000001502DE9F043044600269E
:1019800093B00DF11F05DFF8788025F01F051022B8
:1019900001231C4911F8010D013A03440B704FEA71
:1019A0001323F7D1A819FFF78DFFA946074618BBE7
:1019B000D8E90C321036013342F10002302EC8E96A
:1019C0000C32E4D154B104F1300299F8003014F82B
:1019D000011B4B40A24209F8013BF6D12E46084CB0
:1019E0000FCE0FC496E80F00203584E80F0095E86D
:1019F0000F00103484E80F00384613B0BDE8F083C0
:101A00001003002040030020F8B54668B56885B390
:101A100095F8B0406CBB8422214605F1140095F87E
:101A2000B17003F011F82146184A2B6852F837704C
:101A30008F4220D1002740F20D14C3F84471D3F82F
:101A40004421134A934214BF2046DB20FEF7DCFEFC
:101A5000012385F8B030C5F89C30B3680D4A0221E7
:101A6000DB20C3E90327FEF7EFFE02212046FEF745
:101A7000EBFE0020F8BDCAB2920002F58070442A45
:101A800004BF1C501A580131D2E700BFA44D00001A
:101A900000A00D50BD0900000022144B10B51A60C3
:101AA000134B144A00211A60134B144A1A60144B4A
:101AB00013F003020FBF4FF4006402F2FC74C2F192
:101AC00004029B181846224602F0BEFF0D4A0E493A
:101AD000C2E900040160A1F11021203CA1F1EF1145
:101AE00090604460C161D060002010BD700A002089
:101AF000A4020020B5240000A0020020A1250000BF
:101B0000820A0020600A002055AA00FF2DE9F74F45
:101B10005C4C62782746022A237802D1072B00F01A
:101B20008E8013F0010574D1574EDFF86081326862
:101B300042456BD0FFF7C8F8554B01211D60554B4E
:101B400059201D60FEF780FE534D544B2D612B60D4
:101B500003F5C0436B60FFF775FB00284BD02B6D7E
:101B60002846B3F5007FCCBF4FF480634FF4007379
:101B7000AB60FFF797FB2846FFF7B4FB2846FFF75B
:101B8000BDFBF82001A9FFF74FF900285CD0FFF753
:101B9000C1F86FF0920523785A0770D443F001031F
:101BA0009907237019D53E4E4FF02008B1464FF0EB
:101BB000010B4FF0030A3046C6F820B086F81CA08F
:101BC00002F01EFDB8F1010806F12C06F3D12378CE
:101BD00089F8808523F0020323700021314B042211
:101BE0001B686170304898472378DA0744BF23F0B8
:101BF0000103237024E00E2002F0C9FB0546FFF725
:101C000089F8002DC7D12378C6F8008043F001037E
:101C1000237023789E0706D40121214A43F0020352
:101C200082F880152370627823781AB9DD0744BFE3
:101C30000222627058075CBF43F004032370002542
:101C4000284603B0BDE8F08FF92001A9FFF7ECF8B2
:101C500000289CD1F823154D15491648C5F80035C4
:101C6000FFF796F8002892D1F9231248C5F80035FD
:101C7000FFF78EF800288AD1FFF74CF8C3E723F06E
:101C800004038BE7D0040020980200201173650044
:101C90007403002070030020640400200020015021
:101CA000D80400209C020020D4040020009004509E
:101CB0000491045004900450684620F007018D46BA
:101CC00001B5184BD3F80021D2B1BFF35F8F16498D
:101CD0008A6ABFF35F8FBFF35F8F4FF0FF300863F7
:101CE000BFF35F8F0021C3F80011D3F800310F4B11
:101CF000196819680A431A60BDE8014085467047B3
:101D0000D3F808110029F7D0022009490968886032
:101D1000C3F80821D3F80831064B1A681A6842F054
:101D20000102E8E700900550000001507403002014
:101D300064040020700300202DE9F8430746302595
:101D4000514CDFF84891202D2E46A8BF2026DFF801
:101D50004081FEF7B9FFFFF7B3F9BFF35F8FE36888
:101D6000BFF35F8F9B08013BBFF35F8FA360BFF39F
:101D70005F8FBFF35F8F00232364BFF35F8FBFF3D9
:101D80005F8FF1226264BFF35F8FBFF35F8F4FF409
:101D900000726263BFF35F8FBFF35F8FC4F8008090
:101DA000BFF35F8F07E0FEF7B5FF6FF03F052846F2
:101DB000BDE8F8830123BFF35F8F226BBFF35F8F12
:101DC0005108C2F34202052A5BD011F0060FF2D08F
:101DD0001BBBBFF35F8F6268BFF35F8F032AEAD933
:101DE0002C4BBFF35F8FD4F88020BFF35F8FBFF31E
:101DF0005F8F43F8042BBFF35F8F4B45F1D1FFF7A3
:101E00005FF9BFF35F8F2368BFF35F8F43F0010378
:101E1000BFF35F8F2360BFF35F8F3246BFF35F8FE7
:101E2000A368BFF35F8F0133B6EB031FBBD8BFF3CB
:101E30005F8F6368BFF35F8FB6EB830FBAD8BFF3D2
:101E40005F8FD4F88030BFF35F8F3946081D01F8EB
:101E5000013B81424FEA132302F1FF3208D0002AEE
:101E6000F5D1FEF757FFAD1B37447FF46CAF9EE70B
:101E7000002AF6D0BFF35F8FD4F88030BFF35F8FB6
:101E8000E4E7FEF747FF64E700100150201001501F
:101E900001000400101001502DE9F0474B4E96B0A0
:101EA00035680DF14F07804627F01F07002D40F0E1
:101EB0008380474CD4E90C3213433DD0D4E90C3233
:101EC000083342F10002B3F5803F72F1000212D3F1
:101ED0006846FFF731FF002851D16846FFF74CFDF7
:101EE00000284CD10DF805000135302DFAD1002223
:101EF0000023C4E90C238025DFF8D8A0102DA946C3
:101F00004FF0100228BF4FF010090123324911F899
:101F1000010D013A03440B704FEA1323F7D1384601
:101F2000FFF7D0FC58BB85BBD4E90C32013342F13A
:101F30000002C4E90C32E1E7A26B284B9A42DAD0E6
:101F40002B462A46E2540133402BFBD16846FFF76B
:101F5000F3FE80B96846FFF70FFDA0B903460246BD
:101F60000DF803200133302BFAD100230122C4E9FC
:101F70000C231A4BA36302F00AFA00289ED0022019
:101F800016B0BDE8F0870E20F5E74A4650463946C0
:101F900002F062FDD4E90C32013342F10002B5EBEC
:101FA0000905C4E90C32CA44A8D12846FFF7E4FC6D
:101FB0000028E4D1202333603368064A013B52F8FD
:101FC00023200020C8F800203360D9E75C040020FB
:101FD00010030020DC03002040030020B4A5B4A5BA
:101FE000F0B51D46274BDDB0CDE90501CDE9033540
:101FF0002221202310AFCDE90713CDE9093206468F
:102000000323009708AA04A920A8FFF79FFB044612
:10201000002833D120A8FFF745F9249B1A4A20A8AD
:102020009A66F17FEB7FC9094907DB0918BF41F0C8
:1020300080410BAA02F028FB0446E0B92022394671
:102040000B9802F064FA20220C9818A902F05FFAAB
:1020500030460D9902F089FA20220E98A91802F054
:1020600056FA28460F9902F080FA20A802F031FAB9
:10207000FFF790F8044620A8FFF740F920465DB02E
:10208000F0BD00BFD8020020284C000070B5174DED
:102090001446A84226D8C0F5F21303F580539A429D
:1020A00020D8CAB142F20103114DC5F80035A9B1DB
:1020B00002F0D2FCBFF35F8FD5F81834DB0706D4EB
:1020C000C4F308041CB10123AB60BFF35F8F4FF46E
:1020D0000052074BC3F80025002070BDFF2102F01D
:1020E000B3FCE7E76FF01500F7E700BFFF4F1E00F6
:1020F00000E0045010461A46084B10B5994209D822
:10210000C1F5F21404F58054A24203D802F0A4FCF5
:10211000002010BD6FF01500FBE700BFFF4F1E0051
:1021200060292DE9F04104460E462FD80378033389
:1021300003F00303012B21D86FF0210002F027F9EF
:10214000054640B913493246204602F085FC60211D
:10215000104802F07AF92846BDE8F08163783846E5
:102160002B44C8F80035FEF713FE68B90135237813
:10217000C3F382039D42F1D30020DFE70025DFF89F
:1021800018800649064FF2E70220D7E76FF089056D
:10219000E1E700BF000000200090045004910450CB
:1021A0000490045020232DE9F04FD3B016AE06ADB5
:1021B000049003930F4601233046009503AA04A917
:1021C000FFF7C4FA044600BB2B780DF1570123F04A
:1021D00007032B70EB7F03F07F0343F04003EB77A3
:1021E0001F23CA1A013B1470FBD23046FFF75AF87E
:1021F0001A9B3A4A00219A66304604AA02F044FA31
:10220000044630B13046FFF779F8204653B0BDE8B8
:10221000F08F20222946049802F079F920220598AF
:102220000EA902F074F9304602F053F9FEF7B2FF3E
:1022300004460028E6D11A9B9A6EDDE917315468EE
:102240001268D20042BF199A8A1A9B180022ACBBAE
:102250004FF02009DDE91BBA0EAB0AF00301C1F112
:102260000408C84528BFC8462AF00302126804A81B
:10227000049201444246184602F0EEFB0346B9EBD5
:1022800008094344C244E8D19BF8002095F83F3048
:10229000304643EAC21385F83F30FFF72FF80EAB04
:1022A0001A4603CAB24238607960134607F108073C
:1022B000F6D14021284602F0C8F8A6E7E00709D584
:1022C0000B2A01D902F0B8FB52A800EB820040F8BB
:1022D000DC3C01320B446410B9E700BF3C4C000009
:1022E0002DE9F04F814659F8043B8DB0D3F8141313
:1022F00090F8B14000936C4BC9B241F40031804674
:1023000053F83420009801F050FF810305463BD577
:102310001022002108A802F097FB634B08A803EBEA
:10232000C4035B6819460193FEF798FB042303EB93
:10233000C40303934FF0000B5C4B0DF1200A029392
:10234000029A594912F8013B0292039A02EBD30216
:102350008A5C03F0070322FA03F3DA071AD40BF1BD
:10236000010BBBF1040F0AF1040AE9D14FF400316B
:102370000022009801F019FF019908A8FEF76EFBF2
:102380000028D7D125F400350124002D75D10DB0DA
:10239000BDE8F08F464B5B440493DAF80010002947
:1023A000DDD091FAA1F1B1FA81F1049B1C7841EAE8
:1023B00044142046FEF748FB08EB4000878AC80813
:1023C000BB08059301231AF8002001F0070103FA66
:1023D00001F122EA01020AF8002007A80794FEF79B
:1023E000DBF9079A059B203250F82220C7F38206BA
:1023F0005B073746C2F3014223D54846D6B2214691
:102400003A4601F085FF07A80794FEF7C5F9079B38
:10241000203350F82330C3F301439E4207D10021FB
:10242000204601F0E9FE3146204601F0E5FE07A80E
:102430000794FEF7B1F90122079B02FA03F3036246
:10244000ABE7022A0DD10321204601F0D5FE06F0AC
:102450000503012BEBD13A462146484601F058FFCF
:10246000E5E702212046059201F0C6FE032EF2D0D8
:10247000059A032ADBD1022EECE795FAA5F3B3FA0D
:1024800083F3009904FA03F225EA020503F5A27228
:1024900051F8222008EB43034846B3F8A010C2F3DA
:1024A000014201F035FF70E7A44D00008E4F00009F
:1024B0008E4F0000F8B5384D2B68EE68D3B1AB688D
:1024C000C3B1002860D000295ED001FB00F4B4FB4A
:1024D000F0F0884258D1211D56D8A2070CD024F024
:1024E00003020432334603E0586890424ED29B699F
:1024F000002BF9D11846F8BD2246F3E7801A2328AD
:1025000003F120061CD801229A60D3E90512A9B173
:102510008A619A690AB1596951610022C3E90522A9
:102520002B69DB0703D5FEF76BFB002831D1224670
:102530000021304602F088FA0346DBE7EA60E8E76C
:1025400002F1200C03EB0C012038C1E90107CB603C
:102550001869124F086143F80C70A7F11027A7F112
:10256000EF17CF6100B1C160586948619F698F6101
:1025700040B18161886900B1416101201961C3E9FD
:102580000120CAE7E960F5E70023B3E79F68002F61
:10259000B4D0012001F0A4FC600A002055AA00FF7D
:1025A00070B50546002840D03B4E3368002B3CD028
:1025B000B268002A39D0834203D872681344984223
:1025C00002D3012001F08CFCA0F120042046FEF78C
:1025D000F7FA0028F5D155F8183C012BF1D155F840
:1025E000143C45F8180C0BB39A68FAB955F81C2C32
:1025F00002F120015A680A445A6055E905321A610D
:1026000055F8145C2B6903B1DD60202200212046BF
:1026100002F01AFA286908B183684BB333699B0743
:1026200003D5FEF7EDFA0028CBD170BD55F8100C9C
:1026300000282AD0836843BB426863681344203370
:10264000636003692361D4E905239AB9CBB943696F
:1026500063618269A261B3B19C61A36903B15C61EA
:10266000236903B1DC602022002102F0EDF9D5E7F7
:102670002C46E1E79361A369002BE8D062695A61B7
:10268000E5E7F360F7E7F460E7E7F36845F8083C4F
:1026900003B15C61F460C1E7600A00202DE9F743F3
:1026A0000221E420FEF7D0F8854B864CD3F818279A
:1026B00022F44032C3F818272278002A73D1D3F8C5
:1026C000101521F00201C3F81015D3F8101541F0D0
:1026D0000101C3F810150521C3F8A4160421C3F89D
:1026E000AC160723672101F001000244013BD2B27E
:1026F0004FEA5101F7D1052A5AD119464FF0010C82
:10270000704E00256720CFB204E00CFA02F220EAF6
:102710000200013590FAA0F25FFA85FEBE45B2FADA
:1027200082F2F2D3013132750529224482F85470C5
:1027300006F10C06E5D10121002563489A0801FA4B
:1027400002F212F0670F18BF1D500433302BF5D181
:10275000E420FEF759F85A4B5C49D3F8102503F5ED
:10276000C07322F00202C3F8902340F6FF72C3F850
:10277000A82100221A60A3F5807004338B42026006
:10278000F8D101274E4D524E2F663068514BB0FBA9
:10279000F3F05D235843504B3B4398472770D5F8DF
:1027A00010359F0707D56FF0770003B0BDE8F083C1
:1027B0006FF08B00F9E7D5F8103543F00203C5F848
:1027C0001035D5F8482712F0010202BFD5F8483776
:1027D00043F00103C5F84837394BD3F84017D3F815
:1027E00044174800F9D42AB9D3F8482722F0010247
:1027F000C3F84827374A3368B3FBF2F3304A03EB98
:102800004313002B58D0D2F84017D2F84417490090
:1028100017D44FF0FF350195EFF31186202383F392
:102820001288BFF36F8F019B626801A81340019368
:1028300001F0F2FF002806DA86F31188BFF36F8FEC
:10284000B3E7013BDDE70122636802FA00F123EA06
:1028500001036360214B187286F31188BFF36F8FF9
:102860006FF040411F7AA36802FA07F633431C4811
:10287000A360D0E90089454571EB090CF9D31949EA
:1028800028F01F02C9F31303C1E900234FF0FF3002
:102890004FF0FF310C22144BC3E900010020E31973
:1028A00093F8543002FB0343104A1861DA601F7535
:1028B000034BC3F8246378E76FF0730075E700BF3C
:1028C00000200E50A000002000210E50B0210E501C
:1028D000C402002040420F00204C0000A80200204B
:1028E00040270E50600300205803002069140000A8
:1028F0002DE9F041456801F01F04287C88B044EAC6
:102900004014A868002800F0BB80B2F5001F06D173
:10291000214601F0C4FC002008B0BDE8F0816868E1
:102920006E7CB2F5800F46624FF0000603A8039656
:10293000466065D1B3F1007F14BF052304238DF8F1
:102940000C300023CDE906030593EB680DF1070673
:10295000CB4013F0010F5ED1B2F1A07F5BD102A892
:102960000294FDF719FF029B203350F82330DA0759
:1029700051D4AF6832462146384601F0B6FC1630D5
:102980000AD197F8B100404B03EB800001F044FFFF
:102990000028C1DB8DF8070004962146A86805AA27
:1029A00001F054FF0028B7DBAD682146284601F04E
:1029B00036FC80462046FEF747F82F6800F10806EF
:1029C000B8F1000F39D0284601F034FC002834D18A
:1029D00005EB4606B3885B0B990001F58072B85091
:1029E000BA582A680A44D2F8101541F00101C2F819
:1029F00010150122296802FA03F3C1F814338AE79B
:102A0000B3F1C06F05D0B3F1007F14BF01230223DF
:102A100095E7032393E7AF6832462146384601F035
:102A200064FC0028B9D197F8B100174B9DF8071046
:102A300003EB800001F0A0FBAFE7D7F8143305EB00
:102A400046059B035CBF4FF40033C7F81433AB88D3
:102A5000C3F38203042B0FD0052B0FD002A80294DE
:102A6000FDF79AFE029BC168D94001F001010231D5
:102A7000204601F0C1FB4EE70321F9E70221F7E709
:102A80006FF0850048E700BFBC0200202DE9F04F41
:102A9000D50640F2063548BF4FF00309D0F8048050
:102AA00002EA050598F8103058BFC2F3401989B002
:102AB00001F01F06B5F5837F144646EA43168DF8EC
:102AC0000A9044D00DD8062D43D005D8A5B1022DCB
:102AD00012D06FF0150037E0B5F5807FF9D10125F0
:102AE0000AE040F202239D4235D0B5F5407F34D054
:102AF000B5F5007FEDD104250123200303FA01F190
:102B00002DD5D8F804305960D8F808706FBB05A8E7
:102B10000596FDF741FE059B84F4803100EB8300B0
:102B2000D0F88020C1F30041C4F3404343EA41039D
:102B300022F4706243EA890322F00F0243EA05237C
:102B40001343C0F88030002009B0BDE8F08F09259C
:102B5000D2E70825D0E70625CEE70525CCE76203B6
:102B600044BFD8F804309960CEE7314638460DF1BD
:102B70000B0201F0BAFB14F44039019031D1304618
:102B8000FDF762FF04B207EB4404A38ADB0719D503
:102B9000384601F084FB3146384601F040FB40B135
:102BA000A28A3B68520B03EB8203C3F81095C3F86B
:102BB00010953846314601F048FB00233046A38289
:102BC000FDF7FAFD019B002BBDD1D8F808309DF828
:102BD0000B1093F8B100314B03EB800001F0CCFAFD
:102BE000B1E7002303AACDE90623384605AACDE9BB
:102BF0000333059301F02AFE0028A4DB14F400330C
:102C0000D8F808903CD014F4803430460CBF4FF014
:102C1000010A4FF0000AFDF717FF31460746484604
:102C20009DF80AB001F006FB20B9484601F0F7FA1A
:102C3000002888D13FB209EB4707BB8A13F01C0F6D
:102C400002D0002C3FF47FAF05A80596FDF7A4FD48
:102C5000059B00EB8300D0F8803023F4706323F0F1
:102C60000F0343EA8B0343EA4A0343EA052343F095
:102C70000103C0F88030BB8A43F00303BB82A1E7A5
:102C8000CDE9063331460DF10A03484605AA0593FE
:102C900001F0DCFD0028FFF656AF93E7BC020020F0
:102CA000F7B5284B284CD3F82C6304F188070EB9EC
:102CB00003B0F0BD96FAA6F00123B0FA80F083408D
:102CC000DA43224926EA0306231893F85450830076
:102CD00019440C2303FB0543DB6873B3D7E8EF3FCC
:102CE00003EA020CC7E8EECFBEF1000FF6D1C340F5
:102CF000DB0719D5020102F1A04202F56222D2F8E7
:102D00002435D2F82025D1F800C0BCF1000FCED078
:102D10004FF0000CC1F800C00C2101FB05452969EA
:102D20000091E9688847C2E705F10C0304EBC30C86
:102D300054F83320DCF80430E5E70A68002AB6D0FE
:102D40000B60B4E700200E50A000002000210E50C0
:102D50002DE9F04F87B089461D46DDE910738349A0
:102D6000019353681446B1EB132F06464FEA132222
:102D700003D07F4B9A4240F0F2807E4BF31869F10A
:102D80000002032B72F10002C0F0EC80304603A970
:102D900001F017FE80BBB6F1F80349F1FF31022BB9
:102DA00071F10001C0F0CC80BA2004A9FEF73CF814
:102DB00038B19DF80C9019F00F0123D06FF0880006
:102DC0001AE08146049B4FEA132B5FFA83FACA4547
:102DD00005D1BA20FEF706F80028EAD00AE00BEB8E
:102DE00009084046FDF7FEFF48B1404605A9FEF739
:102DF0001BF820B96FF0920007B0BDE8F08F09F121
:102E00000109E4E7BDF80E30C3F3C113013BDBB2A7
:102E1000022B00F29880584A09F03009D25C574BD7
:102E2000B9F1100F43EA020363603AD1544B2360B7
:102E3000204604A9FEF70CF80028DDD1049B9F4230
:102E4000C0F08A8044F2121221880398914204BF94
:102E5000042205F8012B019A214613609DF80C30DD
:102E60002A78C3F3011363F301022A7005AA08BF8D
:102E700007F1FF3701F0F4FA0028BDD12B78059A4D
:102E80006E7062F384032B70238803F44F42B2F513
:102E9000824F50D13946284607B0BDE8F04FFFF7C2
:102EA0003FB99DF80F200B46084636494FEA520CB1
:102EB000BCF1000F21D1059005A801F04EFA039B4B
:102EC000059AC3F38533282BA26093D112F4A05F37
:102ED00047F2421244F2421318BF134623802A4B92
:102EE000E3609DF80E30C3F30213013B052B30D88D
:102EF000DFE803F01F0F17192F1C1CF0010F04D07F
:102F0000062B23D851F8232010434FEA5C0C0133E1
:102F1000CEE7C0236380B9F1000F89D16FF096002E
:102F20006AE7FF23F6E74FF48073F3E74FF4C073CB
:102F3000F0E78023EEE7B3F5885F7FF45DAFA9E7A4
:102F40006FF0860058E76FF0910055E76FF083004F
:102F500052E76FF098004FE76FF089004CE76FF091
:102F60008B0049E76FF0850046E700BF004E800008
:102F70004B4E8000FF3F00807B4F0000004B4E8097
:102F800001108001644D0000000800062DE9F047A3
:102F90004FF0000A9A4DC1F800A0984695F8803588
:102FA00081460E4617468CB0002B00F02481FDF7B9
:102FB00059FE10F18C0F044640F0188195F88035C9
:102FC000002B46D02B4652465546197FF9B13DB9E4
:102FD000022905D1196A19B91979002918BF1D46A6
:102FE0000132202A03F12C03EFD115B96FF08C04C4
:102FF00007E0284601F0BEF9284601F001FB04462F
:1030000030B10023336020460CB0BDE8F0871D4688
:103010002C7F002C40F0E48001232B773560C5F82D
:10302000149032682146536035681C2205A801F0CF
:103030000BFD6869734A00F14043A3F58053934246
:10304000CDE9024408D9284601F0DAFA6FF0870486
:10305000D7E76FF08804D4E76B4B98423ED001333A
:1030600098423BD0023B984238D05FFA80F94846FC
:1030700004A901F0A6FC044618BBBDF81230C3F346
:10308000C113013BDBB2022B22D8604AD25C604BF9
:1030900013436A69069313F0FF030A9200D00A9B58
:1030A0000A93002348461946CDE9003305AAFFF7E5
:1030B0004FFE10F18A0F044615D03068002C00F046
:1030C0008D80306801F09CFA14F18C0F99D1BDE726
:1030D000306801F095FA6FF0860492E74D4B814617
:1030E0000A900693DBE7069B4B491A0AB1EB132FB4
:1030F00002D04A4B9A42EBD102A905A8FDF7A8FEDF
:1031000004460028DDD16C6ADDF808A0E4B9444B20
:1031100051461B680120984703466862D0B103AA54
:103120002146C5F828A04846CDE900A205AAFFF728
:103130000FFE044688B1686A10B1A96AFDF77EFDEA
:103140000023C5E90933BCE76FF08A04306801F059
:1031500057FA56E76FF08C04F8E7039B05ACAB62B7
:103160000FCC0FC594E8070085E8070030680830E9
:1031700001F0F3F833681A7F012A34D0306801F087
:10318000F9F8044600287FF43CAF3568AB68B5F821
:10319000009037EA030319D1B8F1000F2ED0B7F52C
:1031A000006F26D0A7F500535F425F413B46424681
:1031B0004846E96801F0CDF80446F8B93B46484670
:1031C000296901F0C6F800287FF41DAF00232846C6
:1031D000336001F044FA6FF0840414E701F010FA50
:1031E0006FF096040DE702221A77C7E70028CCD0CB
:1031F00009E70127DAE76FF0880404E7002402E713
:10320000D8040020FFDFFF3F02C0FF7F7B4F00009C
:10321000004B4E8003004E80004E80004B4E8000DD
:10322000A4020020F8B50C88054610461A4624F082
:10323000FF03B3F5824F00AF21D18E6835BB16F482
:10324000005F19D0E4B2422C4E8822D106F1080565
:10325000ED08073525F00705ADEB050D412C6D4652
:1032600031D02AD8222C1FD8112C05D92B4B123C37
:10327000E4B2E340DA0705D46FF0860004E0B3F56A
:10328000E24FDAD06FF08500BD46F8BD16F4006F4E
:10329000D7E7F51D412C4FEAD50502D06D00013569
:1032A000D7E7002DD5D1EDE7273CE4B2092CE3D8D0
:1032B0001B4B2341DB07DFD4E4E7422CDCD1FF2E9C
:1032C00003D1184C06E0FF2E03D0B6F5E07FD9D02D
:1032D000D2E7154C4E681549B1EB162FD2D0B3F595
:1032E000824F0FD10146284601F0B6FB6368202BC0
:1032F00010D1D7E907232846B969FEF771FE01F01E
:1033000046F8C1E72946FEF74DFF01F040F80028D6
:10331000ECD0B9E76FF09400B6E700BF21020100DE
:10332000EEFDFFFF144D0000244D0000004E800014
:103330002DE9F04F00230F467A4CA1B0227890423D
:1033400000F0D6800133042B04F11004F6D101F013
:1033500073FB2A68744B9A4240F0DE802B69DA06D0
:1033600000F1DA80E9682A89521880F0D580A168D6
:103370008A4280F0D18013F00C0F18BF23F00C03A9
:10338000D9F8006018BF2B610DF1400A25223146A3
:103390005046FEF78DF9034628BB504609AA0AA9F4
:1033A00000F0F8FDF8B9BDF82430012B1BD13046F0
:1033B0000A9908AA00F0D8FDA8B99DF82030012B81
:1033C00011D14FF6FF7231460AA8FEF771F950B9D4
:1033D0000F9CF0688368DB689847B3684F2BB6D9B9
:1033E000503B9C4200D997E04FF0FF340DF11E0393
:1033F00007AA08A90AA800F0CDFD0028F3DB6ED1CA
:103400000A9A0899BDF81E306AB10B9A5AB10D9A02
:10341000914208D34FF6FF7C444830F8022B6245B6
:10342000E1D09A42F9D1242BE0D1BDF81C30402BD9
:10343000D9D1304610AA00F097FD0028D3D1736887
:103440000493EB68B5F808800593B5F80AB0FEF769
:103450005DFB044600283FD14FF40062344B3548F1
:1034600009A9FFF793FD68BB0999DFF8CCE0D1F813
:1034700004C0D1E90923BEEB1C2F4FEA1C2004D065
:10348000DFF8B8C0604500D0F0B9088800F44F40BC
:10349000B0F5824F18D10598D84440440190049863
:1034A000CDF808A0009001200491FFF7BBFE10F1B9
:1034B000860F8046049907D0084601F0D0F8B8F18D
:1034C000000F05D0013C91E7084601F0C8F8F9E784
:1034D000002808BF0124F5E74FF0FF34F3E7002C84
:1034E00081D1D9F800303C715B683D60BB6015E06C
:1034F000E06800F019FD00283FF429AF104DDFF817
:10350000449020232A4600212046C9F8004000F0BC
:103510002BFD00283FF41DAF4FF0FF34204621B0B3
:10352000BDE8F08FD44C00003DB8F396E44D0000A8
:1035300000080006F230FF7F004E80004B4E8000F6
:1035400083120020780A002001222DE98048804B58
:103550008DB003201A70FDF7AFFA0420FDF7ACFA26
:103560007C4800F0E1FC044690B97B4800F0FCFD8B
:10357000002840F0BE80012002A9FFF7D9FE0028F4
:1035800066D0022002A9FFF7D3FE002860D0FEE734
:10359000724A092113686F4843F400731360704A3C
:1035A000FFF774FA09216B4800F0C9FC0028DCD051
:1035B000DFF8B0A1DFF8B091DAF800004CF2503338
:1035C000B0FBF9F0694E584346F00106B0474FF49E
:1035D0007A75FDF7C3FAA0FB050747F61222002310
:1035E00005FB0171FCF770FF8046DFF868B1092127
:1035F000584600F0A4FC4FF47A770546FDF7AEFA82
:10360000A0FB070C47F61222002307FB01C1FCF7C1
:103610005BFFA0EB0800632808D8002DA5D0DAF8DE
:103620000000B0FBF9F07843B047E0E7002D9CD0F4
:103630004F4BD3F80036002B52D1474800F094FD91
:10364000002857D1022002A9FFF772FE002892D16C
:10365000002348481A4601A9FFF798FC08BB019EC1
:1036600005AC35460FCD0FC495E8070084E8070088
:10367000304600F0F4FFA0B99DF8285001A9284673
:1036800001F09FF968B96A46019805A900F0E8FEC3
:10369000044630B9009E384F3849DFF8E480A6422E
:1036A00048D1344801A9FDF7DDFA40B90198037902
:1036B000002B49D0036A012B46D100F0A1FF314B0A
:1036C000D3F874250F2A42D10022C3F870252E4A60
:1036D000C3F874259DF80C40002C59D001F0ACF9CA
:1036E00003F001041C4800F03FFD18B9002CA9D1DB
:1036F00041E7002401230021174805AA01F076F8CC
:10370000B0B99DF81430012BF0D11022002105A88A
:1037100001F09AF900211D4B19700F4800F024FDAB
:1037200000288FD0012305AA0B4801F06AF889E729
:103730000128E9E72B194046C7F80035FDF728FBBB
:103740000028AED10134AAE700F089FFB7E7FEE711
:10375000810A00202C4B0000484B00009003002001
:1037600011000100C402002040420F00104C000074
:1037700000E01050F230FF7F009004501891045088
:103780001490045000E0045005301800800A002016
:103790005C4E029BB0461B89049A58F8045F5A4F4E
:1037A00013443B60ED4367234FF0010ADFF85C915F
:1037B00005F06705C9F82833002D40F084804FF0EC
:1037C000010AE420FDF72EF8504BA946D3F848270C
:1037D000A84622F00102C3F84827D3F81025DFF8E5
:1037E00030B122F00102C3F81025D3F8102522F0E1
:1037F0000202C3F81025C3F864A0C3F868A03570AE
:103800004FF0FF365BF8044BC4F80863C4F308308C
:10381000FDF708F80021C4F82CA0C4F85081D4F8B2
:103820005031C4F84C81D4F84C31C4F82481D4F818
:103830002431C4F80085D4F804360593D4F80C3646
:103840000693D4F810360793D4F808360893C4F8D2
:103850000466C4F80C66C4F81066C4F8086605ACC3
:1038600054F8040B431C01D0FCF7A6FF01310429D6
:10387000F6D109F10109B9F1030FC3D1BFF36F8F7D
:1038800072B600234FF0FF30224A03F120010133CA
:10389000102B42F82100F8D14FF0FF3105F1600301
:1038A0000135102D42F82310F8D100241A4BC3F82B
:1038B0000444FCF797FF84F30B8884F30A88174BC2
:1038C00038689847FEE7B368E1B20AFA01F202EA03
:1038D000030010F0670F1CBF9343B3607368DB43B2
:1038E00003F06703134209D0002209EB0113C3F868
:1038F0002C25EA0702D5404600F03EFC6D08013455
:103900005AE700BFA00000205C0A002000200E50F3
:10391000804D000000E100E0002008E06100002090
:1039200030B5394B0C465B6800218BB0C3F30803FC
:1039300081F31188BFF36F8F02F07F45B5F17F4FA0
:1039400008D102F00C05082D04D012F0080F0CBFAE
:10395000014621460022033B8DF80720032B03D8A4
:10396000DFE803F00A474B4400209DF80730002BA6
:1039700047D102A900F058FB234BDA6A9007F3D431
:10398000DA6A002AF0DBDA6A5200EDD55A698869F2
:1039900042F480725A61BFF34F8FBFF36F8F5A6941
:1039A00030F8020C22F480725A61BFF34F8FBFF3DC
:1039B0006F8F4DF60272904208D09A6AD2B23AB135
:1039C00001200DF10701FDF737FECEE70868CCE7CF
:1039D0009A6A12F47F4F05D001200DF10701FDF71F
:1039E000F7FDC2E79B6AB3F5803FBDD3FDF7C2FD8B
:1039F000BBE700200DF10701E5E700200DF107010D
:103A0000EDE70BB030BD00BF00ED00E010B572B6C1
:103A1000002484F31388FCF7E5FE23464FF0FF30C3
:103A20000C4A03F120010133102B42F82100F8D198
:103A300000234FF0FF30074A03F160010133102BE0
:103A400042F82100F8D162B6BFF34F8FBFF36F8FFA
:103A500010BD00BF00E100E08FB5974A974B22F000
:103A60007F029A60BFF34F8FBFF36F8FD3F8882028
:103A7000934822F47002C3F88820924A0021121A57
:103A800000F0E2FF9048914A9149121A00F0E4FFD9
:103A90009048914A9149121A00F0DEFF002210B2BC
:103AA00001210132FCF7D0FEB2F5917FF7D1002061
:103AB000FDF702F88A4B03F5006282F3088883F36E
:103AC0000A88E0227D4B874F83F822200022DA7794
:103AD0001A765A769A7683F82020596A41F4E021C2
:103AE000596283F82320596941F0100159615969DD
:103AF00041F480615961596921F00801596110212F
:103B000019614FF0FF319962D962D3F89010090A18
:103B100011F0FE0F29D0BFF35F8F7349C3F89420D3
:103B2000C3F8C01002217148C3F89820C3F89C1054
:103B3000C3F8A0000120C3F8980000F10050C3F8BA
:103B40009C0000F5FF2000F2E230C3F8A0003970BD
:103B5000D3F89000C0F30720814211DB0522C3F89F
:103B60009420BFF34F8FBFF36F8F61493C784D684E
:103B7000002D00F081801F2D1ED86FF015047BE012
:103B8000C3F89810C3F8A0200131E1E72046C3F83C
:103B90009880D3F89C2025F01F0502F01F021543E2
:103BA000C3F89C5000F060FA62E04E45EED15FFA37
:103BB00088F000F059FA5FE0EA06DED10A68D30621
:103BC000DBD1104600F047FA154405F1FF39804675
:103BD000484600F040FA8045CFD118F1160FCCD0FE
:103BE000A045CADA354BC3F89880D3F89C00C3F8D7
:103BF0009880D3F8A06020F01F00824246F01F0694
:103C0000D3D0013AC3F8988022F01F00D3F8A02047
:103C10004E4502F01F0242EA0002C3F8A0202046EF
:103C2000C0D000F021FA10F1160FA6D0234B013EB0
:103C3000C3F89880D3F89C109DF80820013061F3F8
:103C400004028DF80820D3F8A030009525F01F0558
:103C50002E445B08D2B2A6EB090663F3471226F0A6
:103C60001F066946C0B28DF808200396FCF70CFECB
:103C700010F1160F81D0441C01203C70FCF71CFF92
:103C80000220FCF719FF002383F30B88194C1A4D0F
:103C9000A4F5806686F30B8884F309880020044924
:103CA0008847184619461A46A84702488047FEE743
:103CB000094A0000174A00000000000000ED00E083
:103CC00008030020A4120020A00000200803002008
:103CD000E858000060000020A0000020A858000064
:103CE000A816002082120020AAFF4400E14F1E0007
:103CF000C44D0000A81600204935000008B5012376
:103D00002F4AC2F80038A2F55722D2F800242D4AD3
:103D1000D2F84023292A01D0332A02D12A4AC2F8F4
:103D20000C342A48FCF776FE0830FCF773FE0830A6
:103D3000FCF770FE0830FCF76DFE00F5F470FCF740
:103D400069FE234AD2F88C3043F44063C2F88C30C9
:103D50000022D30003F57F0303F54043D3F800149A
:103D600001310AD0D3F8001439B1D3F8001401326C
:103D7000D3F80434402A0B60EBD1164BD3F800265D
:103D8000D20717D4144BD3F8182522F00302C3F836
:103D90001825D3F81825C3F818250D4AD2F88C3009
:103DA00043F44063C2F88C300C4AD2F80034012B43
:103DB000FBD008BD6FF00102C3F80026E2E700BFA8
:103DC0000000125000C0FF000030055000F50E50FA
:103DD00000ED00E000E0105000E0045000900450BE
:103DE00030BFFFF7FDBF00BFEFF30880EFF309819D
:103DF00001B57246FFF794FD01BD00BF002080F3BE
:103E00001488BFF36F8F002080F30A8880F30B883B
:103E10000F4880F30888FFF771FF00200D49086004
:103E2000BFF34F8FFFF7F2FD202080F311880A487F
:103E30004FF40061401880F30988EFF314800221E9
:103E4000084380F31488BFF36F8FFFF705FE00006F
:103E5000A816002094ED00E0A81600201EF0040F24
:103E60000CBFEFF30880EFF30980816911F8021CA1
:103E70000229FFD001B5724600F0BFFD01BD00BFB1
:103E800008B5024800F00CF8FEE700BF924F0000B2
:103E900008B5024B1B689847002008BD7C0A00202B
:103EA000F8B50E4B06461D68AB789B0712D56F68B8
:103EB00016F8014B29462CB90A20B847002805DB23
:103EC000204609E02046B8470028F1DAAB7843F0F5
:103ED0000403AB704FF0FF30F8BD00BFE04D0000B1
:103EE00008B5054B044613B10021AFF3008000F084
:103EF00005F82046FFF7C4FF0000000038B5074D65
:103F0000074C641BA41024B9064B0BB1AFF300801F
:103F100038BD013C55F824309847F4E70000000014
:103F2000000000000000000040B1C368587810F0A5
:103F300001001EBF1878B0FA80F04009704737B50D
:103F40000C460569836801A95B68984748B9019BDD
:103F50002A685A40012303FA04F10A4214BF1846A2
:103F6000002003B030BD7047002930B404460DDB9B
:103F7000806888420AD9401A834207D8E06864689A
:103F8000214484682468A44630BC60476FF0150063
:103F900030BC70472DE9F3411D46036804460E46C8
:103FA000174623B94FF0FF3002B0BDE8F0814368F7
:103FB000002BF7D04FF6FF78D4E904239A4216D2AB
:103FC00023685B8923B1E368934204BF0433236110
:103FD0000423216960680DEB0302FFF7C5FF002889
:103FE000E0D1A37A2BB1D4E903329A4201D3012064
:103FF000DAE72389BDF80610434501F1040203D036
:10400000BDF804C09C450BD115B1BDF804302B8020
:104010002369043333603980236913442361C3E780
:10402000236913442361C7E7012801D1EFF3058316
:10403000EFF31183202383F31288BFF36F8FEFF325
:10404000118283F31288BFF36F8FFEE700210120F6
:1040500008B5FFF7E9FF40E800F313F4803FD8B25A
:1040600008BF6FF01500704730B50C684B6885B01D
:104070000A894D890094013B24F01F04234402F077
:104080001F0242EA451223F01F0369468DF80820FB
:104090000393FCF7F9FB05B030BD10B54468206808
:1040A000FFF742FF70B1206883681B6898470028BB
:1040B00007DBD4E90132134483428CBF6FF0150053
:1040C000002010BD6FF01200FBE7436800205B6822
:1040D000DB680B607047436802EA01005B6821EA15
:1040E00002015860002099607047436800205B68B7
:1040F00059607047436800205B6899607047436867
:104100005A68136821EA03000B4050600020936056
:10411000704710B503695868F8B1884219D19C6896
:104120000868A142586000D19860002008602AB158
:104130005A680A609A68596002B99960002010E0D4
:10414000814206D10868206098688142EDD19C6068
:10415000EBE7044600680028F2D1002AE8D16FF0AE
:10416000150010BD00207047436858687047002054
:10417000704703460020184710B50368CB40DB07A3
:1041800010D401238B40026843EA0201D0E8EF4FCC
:10419000944204D1C0E8EC1FBCF1000FF6D1F2D17B
:1041A000002010BD6FF01500FBE7F0B504460020BD
:1041B00001270546844695420AD1D4F8443133B1EB
:1041C0000023C4F84431D4F8443140F40030F0BD49
:1041D000EBB29B0003F580769B0807FA03F31942C4
:1041E00008D054F806E0BEF1000F03D044F806C032
:1041F000A65918430135DEE707B5019001A8FCF781
:10420000CBFA019B00EB8300D0F8803023F44033DD
:1042100043EA0141C0F8801003B05DF804FB10B51B
:1042200004460846FCF710FC04EB4004A08AC0F3E7
:10423000401010BD10B504460846FCF705FC04EB21
:104240004004A08AC0F3400010BD10B504460846E3
:10425000FCF7FAFB00B204EB4000838ADA051DD5B7
:10426000C3F3432123F4F853838204F1120204F1CF
:10427000960032F8023F13F4807F03D0C3F3432348
:1042800099420BD08242F4D1002204EBC1035A6060
:1042900004F19C00BDE81040FFF76EBF10BD38B5BB
:1042A00004460D46FFF7BBFFC8B12046FFF7C2FF2B
:1042B000A8B90846FCF7C8FB012304EB4000828A3A
:1042C0002168520B9340C1F81833236803EB820333
:1042D000D3F8102522F00302C3F8102538BD284674
:1042E000BDE838400021FFF787BF70B5044615468A
:1042F000FFF795FF48B10846FCF7A6FB04EB400426
:104300000020A38A5B0B2B7070BD6FF01500FBE7DC
:1043100070B5044608461646FCF796FB083034F89C
:1043200010300D46DA0509D5C3F3432304EBC3026D
:104330003146284654F8333052689847A3682BB169
:1043400031462846E268BDE87040184770BD00203D
:104350007047531A5842584170470368D90444BF04
:1043600043F48063036003689A0444BF43F400632A
:1043700003607047037F022B06D1036A5A1C03D0E7
:1043800001330362002070476FF0960070470A28DF
:1043900040DCC31C22DA10F1400F47D010F13F0F70
:1043A0002BDA10F1410F44D010F1550F44D010F129
:1043B000490F08BF6FF0840018BF6FF08600704788
:1043C00009282AD8DFE800F0052929081629382904
:1043D000292F6FF09800704700207047C31C0D2BE9
:1043E0001BD8DFE803F0072F1A1C1A1A1A1A1A1A18
:1043F0001D1A1A1D6FF08500704710F1210F1ED095
:104400000BDB10F1200F1DD010F1100F08BF6FF063
:104410009400D1E764380928D2D96FF0860070473C
:104420006FF0940070476FF08C0070476FF084005D
:1044300070476FF0890070476FF0930070476FF01E
:10444000880070476FF092007047002382B001909F
:104450001846019AD05401339942FAD102B07047FC
:10446000C0F30253013B10B5052B21D8DFE803F060
:10447000030E0E0E1E16012300F0300020284FF010
:104480000000136004BF0233136010BD0B8844F2B8
:1044900012118B420CBF04230223EDE70B8844F278
:1044A00012118B4214BF03230623E5E70323E3E73E
:1044B0006FF09800E9E710B5044618B9BDE8104060
:1044C000FCF728BC03781BB1FCF724FC0023237005
:1044D00010BD03699B6EDB682BB1026843F4202397
:1044E00043F400631360BFF35F8F032203689A6095
:1044F000704713B504461046226801921A4601AB74
:10450000184400F0A9FA019B236002B010BD2DE908
:10451000F04110F0030705460E4614460BD0C7F1D4
:10452000040843463A4620F00300FFF7E2FF043C4C
:10453000454446443C44324624F00303291F334497
:104540009A420BD114F003030DD024F00304311967
:1045500028190022BDE8F041FFF7CBBF52F8040B49
:1045600041F8040FECE7BDE8F08137B50C4605468D
:10457000014620222046FFF7CAFF1F3424F0030221
:104580001168EB7F04F00304019104F1080103F0CA
:104590007F030DEB010404F8043C019B136003B09E
:1045A00030BD0023F7B510F0030605460C46019315
:1045B0000BD0C6F104073B46324601A920F00300A8
:1045C000FFF797FF043C3D4434440021284624F083
:1045D000030200F039FA14F0030306D024F00304B8
:1045E000002201A92819FFF784FF03B0F0BD08B528
:1045F000436800215A68186800F026FA002008BDB8
:1046000038B50446406A10B1A16AFCF717FB237F56
:10461000012B0FD0023B012B0FD8236A012B0CBFBB
:1046200000256FF096052C220021204600F00CFAA0
:10463000284638BD236A002BF1E76FF09605F2E7B4
:1046400008B5FDF763FA48B1002383F31188BFF37F
:104650006F8F0423184602DF6FF0040008BD034685
:1046600068B1017F8A1E012A0BD80329026A03D18F
:10467000012A01D1FFF7C4BF1AB1013A1A62002022
:1046800070476FF0960070472DE9F04F0369D0F83E
:104690004890D3F868800446D0E9017B0E469246E4
:1046A000D8F8085085B0B9F1000F06D0FCF726FE07
:1046B0001025284605B0BDE8F08FFCF7C3FD436820
:1046C0001F2B04DC2046FCF719FE0D25F1E7202303
:1046D000E360D8F8103046EA030123699B6E1B683B
:1046E000194341F4C001236841F4F8515960D8F8E6
:1046F0000030DB0003D5E368ABEB03031F44D5B9FF
:10470000D8F81030002BD4D0FCF79CFD4369EBB1F6
:104710006846FDF7C1FB064640B9DDE900321343A8
:10472000F6D001A8FDF7B8FB064690B12046FCF78D
:10473000E5FD3546BDE7EE0748BF4AF829704FEA68
:10474000650548BF09F101095F44D8E76FF002062B
:10475000ECE7E068D4E901672469DDE90023A46E91
:10476000CDE90223246806EB0716E400D2B2A0F1DB
:1047700008014FEA136319D502F03F0242F020020C
:1047800043F001038DF808208DF80F3011B1301A75
:10479000FFF707FF083E082230460DEB0201FFF746
:1047A000B6FE08216846FFF750FE82E703F03F039C
:1047B00042F0010243F0200308288DF808208DF80C
:1047C0000F30A6EB0706E6D006F10800FFF7E9FE7A
:1047D000E1E7084611461A4609B1FDF757BC6FF0EC
:1047E0001500704708460021FDF750BC10B504467F
:1047F0001046626814681A46214400F02DF9002022
:1048000010BD10B50C461146426810681A46204487
:1048100000F022F9002010BD024610B5116891B1D8
:10482000B1FA81F3C3F11F000123834021EA03039E
:10483000D2E8EF4F8C4204D1C2E8EC3FBCF1000F4C
:10484000F6D1EBD110BD6FF00B00FBE72DE9F7437C
:10485000174604460846FCF7F7F8D7F800800E46DE
:104860000546B8F1000F26D02046FFF7E3FC40B123
:104870002046FFF7D4FC20B16FF0150003B0BDE86F
:10488000F08301A80196FBF787FF019B98F80020B1
:1048900000EB8300D0F8803023F00F0343EA82035B
:1048A0002AB2C0F8803004EB4202938A23F002035C
:1048B00043F0010393827B68A3B13146204693F80D
:1048C0000080D3F80490FFF7B5FC80B1B9F1000F78
:1048D000D2D12AB204EB4202938A23F01C0343EAAA
:1048E00088039382BB68002B46D10020C6E728B21C
:1048F00004EB4000838A23F4604323F02003838287
:10490000B9F1000FE5D0B8F1030FB5D87B68216885
:104910005B6893F800C001EB8C01B8F1000F04D183
:10492000C1F81085C1F81085D3E7D1F8102522F021
:104930000302C1F81025226802EB8C03D3F810257E
:1049400022F4473222F47C72C3F8102541F6F0724B
:10495000D3F8101502EA061242EA08420A43C3F8E5
:10496000102504EB4C03A3F8A060838A43EA4C3380
:1049700043F020038382ACE73146D3E90078204638
:10498000FFF763FC002FB0D063689F4206D004F1AC
:104990009C00FFF741FF002804DA6FE7A368984501
:1049A000F5D1002004EBC003C3E901782DB204EB7C
:1049B0004505AB8AC0B243EA402343F48073AB821F
:1049C00093E713B50C46FCF72FFAC31C0FD0013048
:1049D00009D004224FF0FF3321460DEB0200019372
:1049E00000F047F830B96FF08B0002B010BD6FF0E7
:1049F0008400FAE70020F8E7704708B50146006830
:104A0000FFF712FBFFF7ECB961B662B680F31188CD
:104A1000BFF36F8F7047EFF31180202383F3128869
:104A2000BFF36F8F7047002383F31188BFF36F8F3D
:104A30000423184602DF704708B5FFF7F4FF08B5F6
:104A4000FFF726FA002008BD02440346934200D136
:104A5000704703F8011BF9E70A44431E914200D155
:104A6000704710B511F8014B914203F8014FF9D18D
:104A700010BD0139024410B5904201D1002005E07B
:104A8000037811F8014FA34201D0181B10BD01306B
:104A9000F2E7000068BAFF7F01000000D1080000C3
:104AA000000000009D260000000000000000000043
:104AB000F44A0000000000002C4B00000000000041
:104AC000104B00006F4100000000000000000000DB
:104AD000484B000000000000644B0000414600000D
:104AE00000000000991A0000000000000000000013
:104AF000804B0000594F0000784C0000B44B000080
:104B0000FC02002078030020091A000000000000C9
:104B1000644F00008C4C0000B44B0000FE020020EB
:104B200084030020091A0000000000006F4F0000FD
:104B3000A04C0000B44B00000003002090030020B4
:104B4000091A000000000000264F0000B44C0000CD
:104B5000D84B000002030020000000006541000067
:104B600000000000404F0000000000009C4B0000CF
:104B70000603002000000000A9090000000000005A
:104B8000344F0000BC4C0000000000000403002073
:104B9000800A00209B40000000000000F52000007B
:104BA000D3470000E547000091090000810900009B
:104BB000990900008D2A0000CB400000D74000007A
:104BC000EB400000F5400000FF400000F12800002D
:104BD000134100000000000069410000ED470000A3
:084BE00003480000EF4500004E
:104BF00000A0105000820D500004055000860D509A
:104C00000338FDD8704700000000000000000000DD
:104C10000338FDD8704700000000000000000000CD
:104C20000338FDD8704700003D0000000000000080
:104C3000C00E000000000000000000003B0000006B
:104C4000000C000000030000000000000000000352
:104C50000F0000000000000000000000060000003F
:104C60000000000000000000000000000000000044
:104C70000000000000000000FFFFFFFF00820D5059
:104C8000300100200000000001000000FF070000CC
:104C900000040550000000000000000002000000B9
:104CA000FF03000000A01050E401002000000000FD
:104CB0000000000000E5105001000000484B00001B
:104CC00000000000010000000000000000000000E3
:104CD0000000000000000000000000000060000074
:104CE000644B0000010000000060000000E01B00B9
:104CF000644B00000200000000401C0000D00100D6
:104D0000644B00000300000000101E000040000083
:104D1000644B00000000600020000000044E000012
:104D2000C10000000000500020000000C54E00003F
:104D300061000000200600000002000000040000E6
:104D400040000000800000004000000090000000D3
:104D5000291100001300000063000000A300000000
:104D60000300000000010100000202000014000026
:104D700000280000004000000100000002000000C8
:104D800000D0045000600C50004010509C4A0000BD
:104D9000AC4A0000C44A0000CC4A0000F44A0000BB
:104DA000F44A0000080000000A00000004000000AF
:104DB00001000000E50100000010000010000000EC
:104DC00001FF00006000002040000000060001001C
:104DD00000A0105000820D500004055000860D50B8
:104DE000C802002001000200100011001200200083
:104DF0002100220023002400250030003100320071
:104E00003300FFFFEDFFFFFFFFFFFFFFFFFFFFFF8F
:104E1000FFFFFFFFFFFFFFFFFFFFFFFFFFFFFFFFA2
:104E2000FFFFFF7FEDD3F55C1A631258D69CF7A203
:104E3000DEF9DE14000000000000000000000000A9
:104E4000000000101AD5258F602D56C9B2A72595F0
:104E500060C72C695CDCD6FD31E2A4C0FE536ECD88
:104E6000D3366921586666666666666666666666F5
:104E700066666666666666666666666666666666D2
:104E800066666666A3785913CA4DEB75ABD8414187
:104E90004D0A700098E879777940C78C73FE6F2BC4
:104EA000EE6C0352B0A00E4A271BEEC478E42FAD7F
:104EB0000618432FA7D7FB3D99004D2B0BDFC14FA1
:104EC0008024832B00EDFFFFFFFFFFFFFFFFFFFFAD
:104ED000FFFFFFFFFFFFFFFFFFFFFFFFFFFFFFFFE2
:104EE000FFFFFFFF7F066D070000000000000000CD
:104EF00000000000000000000000000000000000B2
:104F00000000000000EDD3F55C1A631258D69CF740
:104F1000A2DEF9DE14000000000000000000000026
:104F200000000000100067707265677265743140A0
:104F300035303000626F6F745F6D6F6465403000B4
:104F40007272616D2D636F6E74726F6C6C657240FE
:104F50003530303465303030006770696F40643808
:104F6000323030006770696F403530343030006760
:104F700070696F4031306130303000010302000A47
:104F80002A354242424242424242424242420001A9
:104F90000203657869740000000000004D400000C5
:104FA000000000004D400000000000004D400000E7
:104FB000000000004D400000000000004D400000D7
:104FC000000000004D400000000000004D400000C7
:104FD000000000004D400000000000004D400000B7
:104FE000000000004D400000000000004D400000A7
:104FF000000000004D400000000000004D40000097
:10500000000000004D400000000000004D40000086
:10501000000000004D400000000000004D40000076
:10502000000000004D400000000000004D40000066
:10503000000000004D400000000000004D40000056
:10504000000000004D400000000000004D40000046
:10505000000000004D400000000000004D40000036
:10506000000000004D400000000000004D40000026
:10507000000000004D400000000000004D40000016
:10508000000000004D400000000000004D40000006
:10509000000000004D400000000000004D400000F6
:1050A000000000004D400000000000004D400000E6
:1050B000000000004D400000000000004D400000D6
:1050C000000000004D400000000000004D400000C6
:1050D000000000004D400000000000004D400000B6
:1050E000000000004D400000000000004D400000A6
:1050F000000000004D400000000000004D40000096
:10510000000000004D400000000000004D40000085
:10511000000000004D400000000000004D40000075
:10512000000000004D400000000000004D40000065
:10513000000000004D400000000000004D40000055
:10514000000000004D400000000000004D40000045
:10515000000000004D400000000000004D40000035
:10516000000000004D400000000000004D40000025
:10517000000000004D400000000000004D40000015
:10518000000000004D400000000000004D40000005
:10519000000000004D400000000000004D400000F5
:1051A000000000004D400000000000004D400000E5
:1051B000000000004D400000000000004D400000D5
:1051C000000000004D400000000000004D400000C5
:1051D000000000004D400000000000004D400000B5
:1051E000000000004D400000000000004D400000A5
:1051F000000000004D400000000000004D40000095
:10520000000000004D400000000000004D40000084
:10521000000000004D400000000000004D40000074
:10522000000000004D400000000000004D40000064
:10523000000000004D400000000000004D40000054
:10524000000000004D400000000000004D40000044
:10525000000000004D400000000000004D40000034
:10526000000000004D400000000000004D40000024
:10527000000000004D400000000000004D40000014
:10528000000000004D400000000000004D40000004
:10529000000000004D400000000000004D400000F4
:1052A000000000004D400000000000004D400000E4
:1052B000000000004D400000000000004D400000D4
:1052C000000000004D400000000000004D400000C4
:1052D000000000004D400000000000004D400000B4
:1052E000000000004D400000000000004D400000A4
:1052F000000000004D400000000000004D40000094
:10530000000000004D400000000000004D40000083
:10531000000000004D400000000000004D40000073
:10532000000000004D400000000000004D40000063
:10533000000000004D400000000000004D40000053
:10534000000000004D400000000000004D40000043
:10535000000000004D400000000000004D40000033
:10536000000000004D400000000000004D40000023
:10537000000000004D400000000000004D40000013
:10538000000000004D400000000000004D40000003
:10539000000000004D400000000000004D400000F3
:1053A000000000004D400000000000004D400000E3
:1053B000000000004D400000000000004D400000D3
:1053C000000000004D400000000000004D400000C3
:1053D000000000004D400000000000004D400000B3
:1053E000000000004D400000000000004D400000A3
:1053F000000000004D400000000000004D40000093
:10540000000000004D400000000000004D40000082
:10541000000000004D400000000000004D40000072
:10542000000000004D400000000000004D40000062
:10543000000000004D400000000000004D40000052
:10544000000000004D400000000000004D40000042
:10545000000000004D400000000000004D40000032
:10546000000000004D400000000000004D40000022
:10547000000000004D400000000000004D40000012
:10548000000000004D400000000000004D40000002
:10549000000000004D400000000000004D400000F2
:1054A000000000004D400000000000004D400000E2
:1054B000000000004D400000000000004D400000D2
:1054C000000000004D400000000000004D400000C2
:1054D000000000004D400000000000004D400000B2
:1054E000000000004D400000000000004D400000A2
:1054F000000000004D400000000000004D40000092
:10550000000000004D400000000000004D40000081
:10551000000000004D400000000000004D40000071
:10552000000000004D400000000000004D40000061
:10553000000000004D400000000000004D40000051
:10554000000000004D400000000000004D40000041
:10555000000000004D400000000000004D40000031
:10556000000000004D400000000000004D40000021
:10557000000000004D400000000000004D40000011
:10558000000000004D400000000000004D40000001
:10559000000000004D400000000000004D400000F1
:1055A000000000004D400000000000004D400000E1
:1055B000000000004D400000000000004D400000D1
:1055C000000000004D400000000000004D400000C1
:1055D000000000004D400000000000004D400000B1
:1055E000000000004D400000000000004D400000A1
:1055F000000000004D400000000000004D40000091
:10560000000000004D400000000000004D40000080
:10561000000000004D400000000000004D40000070
:10562000000000004D400000000000004D40000060
:10563000000000004D400000000000004D40000050
:10564000000000004D400000000000004D40000040
:10565000000000004D400000000000004D40000030
:10566000000000004D400000000000004D40000020
:1056700030010020E1220000000000004D40000049
:10568000000000004D400000000000004D40000000
:10569000000000004D400000000000004D400000F0
:1056A000000000004D400000000000004D400000E0
:1056B000000000004D400000A12C000073410000DC
:1056C000000000004D400000000000004D400000C0
:1056D000000000004D400000000000004D400000B0
:1056E000000000004D400000000000004D400000A0
:1056F000000000004D400000000000004D40000090
:10570000000000004D400000000000004D4000007F
:10571000000000004D400000000000004D4000006F
:10572000000000004D400000000000004D4000005F
:10573000000000004D400000000000004D4000004F
:10574000000000004D400000000000004D4000003F
:10575000000000004D400000000000004D4000002F
:10576000000000004D400000000000004D4000001F
:10577000000000004D400000000000004D4000000F
:10578000000000004D400000000000004D400000FF
:10579000000000004D400000000000004D400000EF
:1057A000000000004D400000000000004D400000DF
:1057B000000000004D400000000000004D400000CF
:1057C000000000004D400000000000004D400000BF
:1057D000000000004D400000000000004D400000AF
:1057E000000000004D400000000000004D4000009F
:1057F000000000004D400000000000004D4000008F
:10580000E4010020E1220000000000004D40000003
:10581000000000004D400000000000004D4000006E
:10582000000000004D400000000000004D4000005E
:10583000000000004D400000000000004D4000004E
:10584000000000004D400000000000004D4000003E
:10585000000000004D400000000000004D4000002E
:10586000000000004D400000000000004D4000001E
:10587000000000004D400000000000004D4000000E
:10588000000000004D400000000000004D400000FE
:10589000000000004D400000000000004D400000EE
:1058A000000000004D4000002DE9F041036883F343
:1058B0000888002383F31488BFF36F8FBFF36F8FC3
:1058C000DFF818C0064F4FF00058D0F804E0A7EBFF
:1058D0000C0770460047BDE8F08100BF6000002063
:1058E000A000002000000000000000006700000091
:1058F00000000000000000000000000000000000A8
:105900000000000000000000000000000000000097
:105910000000000000000000000000000000000087
:105920000000000000000000000000000000000077
:105930000000000000000000000000000000000067
:105940000000000000000000000000000000000057
:105950000000000000000000000000000000000047
:105960000000000000000000000000000000000037
:10597000000000000000000000A00D50000000002A
:105980000000000000000000000000000000000017
:105990000000000000000000000000000000000007
:1059A00000000000000000000000000000000000F7
:1059B00000000000000000000000000000000000E7
:1059C00000000000000000000000000000000000D7
:1059D00000000000000000000000000000000000C7
:1059E00000000000000000000000000000000000B7
:1059F00000000000000000000000000000000000A7
:105A00000000000000000000000000000000000096
:105A10000000000000000000000000000000000086
:105A200000000000000000000000000000C0105056
:105A30000000000000000000000000000000000066
:105A40000000000000000000000000000000000056
:105A50000000000000000000000000000000000046
:105A60000000000000000000000000000000000036
:105A70000000000000000000000000000000000026
:105A80000000000000000000000000000000000016
:105A90000000000000000000000000000000000006
:105AA00000000000000000000000000000000000F6
:105AB00000000000000000000000000000000000E6
:105AC00000000000000000000000000000000000D6
:105AD00000000000000000000000000000010000C5
:105AE00067742000494A0000673F00004F430000F0
:105AF0006914000000000000FF000000B402002054
:105B0000B4020020FF0000000F0000000090D0034E
:105B1000000000003F4A00000000000000000000FC
:105B200053696745643235353139206E6F204564DD
:105B3000323535313920636F6C6C6973696F6E7300
:105B40000100000000000000000000000000000054
:045B500015E015E067
:106000003DB8F39600000000000800005879000039
:106010000000000000000000000000000000000080
:106020000000000000000000000000000000000070
:106030000000000000000000000000000000000060
:106040000000000000000000000000000000000050
:106050000000000000000000000000000000000040
:106060000000000000000000000000000000000030
:106070000000000000000000000000000000000020
:106080000000000000000000000000000000000010
:106090000000000000000000000000000000000000
:1060A00000000000000000000000000000000000F0
:1060B00000000000000000000000000000000000E0
:1060C00000000000000000000000000000000000D0
:1060D00000000000000000000000000000000000C0
:1060E00000000000000000000000000000000000B0
:1060F00000000000000000000000000000000000A0
:10610000000000000000000000000000000000008F
:10611000000000000000000000000000000000007F
:10612000000000000000000000000000000000006F
:10613000000000000000000000000000000000005F
:10614000000000000000000000000000000000004F
:10615000000000000000000000000000000000003F
:10616000000000000000000000000000000000002F
:10617000000000000000000000000000000000001F
:10618000000000000000000000000000000000000F
:1061900000000000000000000000000000000000FF
:1061A00000000000000000000000000000000000EF
:1061B00000000000000000000000000000000000DF
:1061C00000000000000000000000000000000000CF
:1061D00000000000000000000000000000000000BF
:1061E00000000000000000000000000000000000AF
:1061F000000000000000000000000000000000009F
:10620000000000000000000000000000000000008E
:10621000000000000000000000000000000000007E
:10622000000000000000000000000000000000006E
:10623000000000000000000000000000000000005E
:10624000000000000000000000000000000000004E
:10625000000000000000000000000000000000003E
:10626000000000000000000000000000000000002E
:10627000000000000000000000000000000000001E
:10628000000000000000000000000000000000000E
:1062900000000000000000000000000000000000FE
:1062A00000000000000000000000000000000000EE
:1062B00000000000000000000000000000000000DE
:1062C00000000000000000000000000000000000CE
:1062D00000000000000000000000000000000000BE
:1062E00000000000000000000000000000000000AE
:1062F000000000000000000000000000000000009E
:10630000000000000000000000000000000000008D
:10631000000000000000000000000000000000007D
:10632000000000000000000000000000000000006D
:10633000000000000000000000000000000000005D
:10634000000000000000000000000000000000004D
:10635000000000000000000000000000000000003D
:10636000000000000000000000000000000000002D
:10637000000000000000000000000000000000001D
:10638000000000000000000000000000000000000D
:1063900000000000000000000000000000000000FD
:1063A00000000000000000000000000000000000ED
:1063B00000000000000000000000000000000000DD
:1063C00000000000000000000000000000000000CD
:1063D00000000000000000000000000000000000BD
:1063E00000000000000000000000000000000000AD
:1063F000000000000000000000000000000000009D
:10640000000000000000000000000000000000008C
:10641000000000000000000000000000000000007C
:10642000000000000000000000000000000000006C
:10643000000000000000000000000000000000005C
:10644000000000000000000000000000000000004C
:10645000000000000000000000000000000000003C
:10646000000000000000000000000000000000002C
:10647000000000000000000000000000000000001C
:10648000000000000000000000000000000000000C
:1064900000000000000000000000000000000000FC
:1064A00000000000000000000000000000000000EC
:1064B00000000000000000000000000000000000DC
:1064C00000000000000000000000000000000000CC
:1064D00000000000000000000000000000000000BC
:1064E00000000000000000000000000000000000AC
:1064F000000000000000000000000000000000009C
:10650000000000000000000000000000000000008B
:10651000000000000000000000000000000000007B
:10652000000000000000000000000000000000006B
:10653000000000000000000000000000000000005B
:10654000000000000000000000000000000000004B
:10655000000000000000000000000000000000003B
:10656000000000000000000000000000000000002B
:10657000000000000000000000000000000000001B
:10658000000000000000000000000000000000000B
:1065900000000000000000000000000000000000FB
:1065A00000000000000000000000000000000000EB
:1065B00000000000000000000000000000000000DB
:1065C00000000000000000000000000000000000CB
:1065D00000000000000000000000000000000000BB
:1065E00000000000000000000000000000000000AB
:1065F000000000000000000000000000000000009B
:10660000000000000000000000000000000000008A
:10661000000000000000000000000000000000007A
:10662000000000000000000000000000000000006A
:10663000000000000000000000000000000000005A
:10664000000000000000000000000000000000004A
:10665000000000000000000000000000000000003A
:10666000000000000000000000000000000000002A
:10667000000000000000000000000000000000001A
:10668000000000000000000000000000000000000A
:1066900000000000000000000000000000000000FA
:1066A00000000000000000000000000000000000EA
:1066B00000000000000000000000000000000000DA
:1066C00000000000000000000000000000000000CA
:1066D00000000000000000000000000000000000BA
:1066E00000000000000000000000000000000000AA
:1066F000000000000000000000000000000000009A
:106700000000000000000000000000000000000089
:106710000000000000000000000000000000000079
:106720000000000000000000000000000000000069
:106730000000000000000000000000000000000059
:106740000000000000000000000000000000000049
:106750000000000000000000000000000000000039
:106760000000000000000000000000000000000029
:106770000000000000000000000000000000000019
:106780000000000000000000000000000000000009
:1067900000000000000000000000000000000000F9
:1067A00000000000000000000000000000000000E9
:1067B00000000000000000000000000000000000D9
:1067C00000000000000000000000000000000000C9
:1067D00000000000000000000000000000000000B9
:1067E00000000000000000000000000000000000A9
:1067F0000000000000000000000000000000000099
:10680000581A0020957700005FBC000081770000D7
:106810008177000081770000817700008177000098
:10682000000000000000000000000000F9780000F7
:10683000817700000000000091780000817700005F
:106840008D7A00008D7A00008D7A00008D7A00002C
:106850008D7A00008D7A00008D7A00008D7A00001C
:106860008D7A00008D7A00008D7A00008D7A00000C
:106870008D7A00008D7A00008D7A00008D7A0000FC
:106880008D7A00008D7A00008D7A00008D7A0000EC
:106890008D7A00008D7A00008D7A00008D7A0000DC
:1068A0008D7A00008D7A00008D7A00008D7A0000CC
:1068B0008D7A00008D7A00008D7A00008D7A0000BC
:1068C0008D7A00008D7A00008D7A00008D7A0000AC
:1068D0008D7A00008D7A00008D7A00008D7A00009C
:1068E0008D7A00008D7A00008D7A00008D7A00008C
:1068F0008D7A00008D7A00008D7A00008D7A00007C
:106900008D7A00008D7A00008D7A00008D7A00006B
:106910008D7A00008D7A00008D7A00008D7A00005B
:106920008D7A00008D7A00008D7A00008D7A00004B
:106930008D7A00008D7A00008D7A00008D7A00003B
:106940008D7A00008D7A00008D7A00008D7A00002B
:106950008D7A00008D7A00008D7A00008D7A00001B
:106960008D7A00008D7A00008D7A00008D7A00000B
:106970008D7A00008D7A00008D7A00008D7A0000FB
:106980008D7A00008D7A00008D7A00008D7A0000EB
:106990008D7A00008D7A00008D7A00008D7A0000DB
:1069A0008D7A00008D7A00008D7A00008D7A0000CB
:1069B0008D7A00008D7A00008D7A00008D7A0000BB
:1069C0008D7A00008D7A00008D7A00008D7A0000AB
:1069D0008D7A00008D7A00008D7A00008D7A00009B
:1069E0008D7A00008D7A00008D7A00008D7A00008B
:1069F0008D7A00008D7A00008D7A00008D7A00007B
:106A00008D7A00008D7A00008D7A00008D7A00006A
:106A10008D7A00008D7A00008D7A00008D7A00005A
:106A20008D7A00008D7A00008D7A00008D7A00004A
:106A30008D7A00008D7A00008D7A00008D7A00003A
:106A40008D7A00008D7A00008D7A00008D7A00002A
:106A50008D7A00008D7A00008D7A00008D7A00001A
:106A60008D7A00008D7A00008D7A00008D7A00000A
:106A70008D7A00008D7A00008D7A00008D7A0000FA
:106A80008D7A00008D7A00008D7A00008D7A0000EA
:106A90008D7A00008D7A00008D7A00008D7A0000DA
:106AA0008D7A00008D7A00008D7A00008D7A0000CA
:106AB0008D7A00008D7A00008D7A00008D7A0000BA
:106AC0008D7A00008D7A00008D7A00008D7A0000AA
:106AD0008D7A00008D7A00008D7A00008D7A00009A
:106AE0008D7A00008D7A00008D7A00008D7A00008A
:106AF0008D7A00008D7A00008D7A00008D7A00007A
:106B00008D7A00008D7A00008D7A00008D7A000069
:106B10008D7A00008D7A00008D7A00008D7A000059
:106B20008D7A00008D7A00008D7A00008D7A000049
:106B30008D7A00008D7A00008D7A00008D7A000039
:106B40008D7A00008D7A00008D7A00008D7A000029
:106B50008D7A00008D7A00008D7A00008D7A000019
:106B60008D7A00008D7A00008D7A00008D7A000009
:106B70008D7A00008D7A00008D7A00008D7A0000F9
:106B80008D7A00008D7A00008D7A00008D7A0000E9
:106B90008D7A00008D7A00008D7A00008D7A0000D9
:106BA0008D7A00008D7A00008D7A00008D7A0000C9
:106BB0008D7A00008D7A00008D7A00008D7A0000B9
:106BC0008D7A00008D7A00008D7A00008D7A0000A9
:106BD0008D7A00008D7A00008D7A00008D7A000099
:106BE0008D7A00008D7A00008D7A00008D7A000089
:106BF0008D7A00008D7A00008D7A00008D7A000079
:106C00008D7A00008D7A00008D7A00008D7A000068
:106C10008D7A00008D7A00008D7A00008D7A000058
:106C20008D7A00008D7A00008D7A00008D7A000048
:106C30008D7A00008D7A00008D7A00008D7A000038
:106C40008D7A00008D7A00008D7A00008D7A000028
:106C50008D7A00008D7A00008D7A00008D7A000018
:106C60008D7A00008D7A00008D7A00008D7A000008
:106C70008D7A00008D7A00008D7A00008D7A0000F8
:106C80008D7A00008D7A00008D7A00008D7A0000E8
:106C90008D7A00008D7A00008D7A00008D7A0000D8
:106CA0008D7A00008D7A00008D7A00008D7A0000C8
:106CB0008D7A00008D7A00008D7A00008D7A0000B8
:106CC0008D7A00008D7A000053B94AB9002908BFB7
:106CD00000281CBF4FF0FF314FF0FF3000F00CB820
:106CE000ADF1080C6DE904CE00F008F8DDF804E021
:106CF000DDE9022304B07047704700BF2DE9F0477B
:106D000086468C460846089E154674461946002B52
:106D100040F0C1808542B2FA82F245D94AB1C2F14F
:106D2000200300FA02FC954094402EFA03F343EA54
:106D30000C0C4FEA154EA8B2230CBCFBFEF80EFB60
:106D400018CC08FB00F943EA0C43994528D9EB1805
:106D500008F1FF3704D2994502D9A8F102072B4464
:106D6000A3EB0903A4B2B3FBFEFC0EFB1C330CFB2C
:106D700000F044EA0344A04214D92C190CF1FF336B
:106D800004D2A04202D9ACF102032C44241A43EAF3
:106D900007401EB1D440002334607360BDE8F08723
:106DA0004746DDE76346F1E792BB431B01214FEA0B
:106DB000154EAFB2200CB3FBFEFC0EFB1C330CFBDC
:106DC00007F840EA0343984561D9EB180CF1FF300E
:106DD00004D2984502D9ACF102002B44A3EB08037E
:106DE000A4B2B3FBFEFC0EFB1C330CFB07F744EA1A
:106DF0000344A7424DD92C190CF1FF3304D2A7420A
:106E000002D9ACF102032C44E41B43EA0040C0E782
:106E1000C2F120039540944020FA03F12EFA03F3C7
:106E20004FEA154E9040AFB20343B1FBFEFC0EFBA0
:106E30001C10190C0CFB07F841EA0041884522D9C7
:106E400069180CF1FF3004D2884502D9ACF1020078
:106E50002944A1EB08019BB2B1FBFEFC0EFB1C1107
:106E60000CFB07F743EA01439F420ED9EB180CF1E4
:106E7000FF3104D29F4202D9ACF102012B44DB1B4B
:106E800041EA004193E76046E3E76146F7E7604681
:106E9000A4E76346B8E7834206D916B9002108463D
:106EA0007CE7C6E900E0F9E7B3FA83F78FB98342DC
:106EB00001D3724508D8BEEB020460EB0303012046
:106EC0009C461EB9002169E73846FAE7C6E9004C3E
:106ED000F8E7C7F1200CBB400EFA07F522FA0CF4D4
:106EE0002EFA0CF1BA401C4320FA0CF3B8404FEADA
:106EF000144901431FFA84FEB3FBF9F809FB18306B
:106F00000B0C08FB0EFA43EA00439A4540D9E318FC
:106F100008F1FF3004D29A4502D9A8F102002344B7
:106F2000A3EB0A0389B2B3FBF9F809FB183308FB9A
:106F30000EFE41EA03418E452CD9611808F1FF335A
:106F400004D28E4502D9A8F10203214443EA00404D
:106F5000A1EB0E01A0FB02984145CE46434602D369
:106F600006D14D4504D20138B9EB020E68EB04039B
:106F7000002EA7D0B5EB0E0261EB030101FA0CFC69
:106F800022FA07F3F9404CEA0303C6E9003199E716
:106F90004046C5E74346D9E738B50E4C204605F0D4
:106FA000BDFAB0B12269A5681368182123F0807377
:106FB000136020464FF4C0222B6898474FF0807131
:106FC00020466B699847002141F6856005F04CFB2F
:106FD000F4E738BD00CE0000014B1B68184700BF26
:106FE000F000002030B585B004460D461022002187
:106FF000684605F044FE02238DF80230044B2A4611
:1070000021466846019304F0FFF905B030BD00BF8A
:10701000D96F000080B505460E461746984602F027
:107020009BFF034605F096FE0446DFF818904246A3
:1070300049F8003039463046A84754F8090000F0B6
:1070400011FC00BF080000002DE9F047058B044645
:107050002807904611D4022905F0070540F0CC809E
:10706000204604F01CFD78B10138218B042811D88A
:10707000DFE800F0C2106D85950001290CBF45F0D6
:10708000100545F02005258388F31188BFF36F8F25
:10709000BDE8F08701F0070AAA4500F0A5800027A7
:1070A000B9463E46A368002B00F0BC8041F00801C1
:1070B000218388F31188BFF36F8FA168002900F046
:1070C000BA800D68002900F0B6803346524620464B
:1070D000D1F80480C047002D76D02B6829461D4684
:1070E000F0E701F007035A1F012A1BD8002221F004
:1070F0000701062B276889B2C4E9002209D13B4663
:1071000003E0628B013262831B68002BF9D141F0EE
:1071100002012046218304F0C2FC00287AD041F00D
:10712000200176E0042B0AD121F0070189B2204624
:10713000218304F0B4FC10B141F020012183218BA4
:1071400001F0070AAA454FD00027B946AAE72369EC
:1071500021F0070141F00601062DD3F800902183AC
:107160002DD1B9F1000F3FD041F00801218388F300
:107170001188BFF36F8F20463949C84729E021F0B5
:107180000701236941F0040189B2042DD3F804906A
:107190002183E6D000274FF0040A3E4682E721F023
:1071A0000701236941F0050189B2052DD3F8089044
:1071B0002183D6D000274FF0050A3E4672E700270C
:1071C0004FF0060A3E466DE72B4687E7B9F1000F00
:1071D000D1D1EFF31188202383F31288BFF36F8F8F
:1071E000238B23F008032383258BEA062ED525F075
:1071F0001003238305F007056669218B002EBFF677
:1072000070AF00232768C4E9003321F0070141F083
:1072100001012183218B4FF0000901F0070AAA45E3
:107220007FF440AF002F9CD041F00801218388F308
:107230001188BFF36F8F002FC8D03D6839463346A1
:107240005246204604F057FC2F46F4E7AB067FF584
:107250001BAF25F02003238305F0070500E700BFDF
:1072600023BB0000014B03600020704708D80000DA
:1072700008B5044804F006FC034804F003FC0020B1
:1072800008BD00BF50D9000085D9000008B50348EB
:10729000034A0021121A04F0DAFC08BD480300205A
:1072A000140D0020074808B5074A0849121A04F0CF
:1072B000D0FCBDE808400648064A0749121A04F007
:1072C000C8BC00BF60000020480300206CDE000046
:1072D00060000020600000206CDE000038B505462C
:1072E0000C4699B1D1E901230F48096804F0CAFBA3
:1072F000D4E90423E1680D4804F0C4FBE1690C48BB
:1073000004F0C0FBA1690B4804F0BCFB012D05D1C2
:10731000EFF305810848103904F0B4FB21462846F4
:10732000BDE8384002F006B9B3D90000E3D9000047
:1073300013DA000023DA000052DA000030BFFFF752
:10734000FDBF00BF2DE9F04105460B4EDFF82C8054
:10735000324606EB0807CC1B2046094905F082FCA3
:10736000A01942460021083C05F089FCC5F8804080
:1073700007F10800BDE8F0810000000004000000F3
:10738000D0D70000054B5A699B689A421FBF044A38
:10739000536843F080535360704700BFA806002035
:1073A00000ED00E010B5204C204804F06BFBA36A10
:1073B000990137D51E4804F065FB1E20A36ADA0147
:1073C00003D51C4804F05EFB1F20174CA36ADB02A8
:1073D00003D5194804F056FB0220A36A1C0303D509
:1073E000164804F04FFB21200F4CA36A590303D524
:1073F000134804F047FB2220A36A9A0303D51148DF
:1074000004F040FB2320084CA36ADB0303D50E489D
:1074100004F038FB2420A36A6FEA03436FEA1343A6
:10742000A36210BD1D20C9E700ED00E066DA000090
:107430007FDA000093DA0000AEDA0000D9DA00004B
:10744000F8DA00001EDB000039DB000070B5244CC8
:10745000064624480D4604F015FBA36AD90435D529
:10746000214804F00FFB1720A36A1A0503D51F4813
:1074700004F008FB18201A4CA36A9B050FD51C4882
:1074800004F000FBA16BA36A180407D5194804F0A7
:10749000F9FA1EB1A36A23F40043A3621920104C29
:1074A000A36A590503D5144804F0ECFA1A20A36A1C
:1074B000DA050DD5114804F0E5FA1B20084A936A55
:1074C00043F47F43936200232B7070BD1620CBE7FB
:1074D000A36A9B04F2D50A4804F0D4FA1C20EDE715
:1074E00000ED00E065DB00007CDB00008EDB0000CF
:1074F000A2DB0000BCDB0000D2DB0000EEDB000002
:1075000007DC000070B5264C064626480D4604F000
:10751000B9FAA36AD80640D5234804F0B3FA11207B
:10752000A36A190703D5214804F0ACFA12201C4CB9
:10753000A36A9A070FD51E4804F0A4FA616BA36AE8
:107540001B0607D51B4804F09DFA1EB1A36A23F061
:107550008003A3621320124CA36ADE0703D51648EA
:1075600004F090FA1420A36A9C0603D5134804F093
:1075700089FA15200A4B9A6AD10658BF9A6A9A6A04
:10758000920642BF5A6A22F400525A629A6A42F044
:10759000FF029A6200232B7070BD1020C0E700BF6D
:1075A00000ED00E037DC00004EDC00008EDB000068
:1075B00082DC00009BDC0000B2DC000007DC000085
:1075C0002DE9F0415B4B04465F6800258AB0C7F3A4
:1075D000080685F31188BFF36F8F02F07F43B3F184
:1075E0007F4F06D102F00C03082B13D1524804F050
:1075F00049FA00252C464FF00008F31E8DF807804D
:10760000092B00F28580DFE803F00A797D7583831A
:107610008383838110074CBF0C460125EBE7474865
:10762000444E04F02FFA8DF80780F36A9A0704D5C8
:10763000434804F027FA00232FE0F36A002B01DA15
:107640004048F6E7F36A5B00F5D53F4804F01AFAC4
:107650007369A26943F480737361BFF34F8FBFF303
:107660006F8F736932F8022C23F480737361BFF358
:107670004F8FBFF36F8F4DF602739A4208D0B36AF3
:10768000DBB24BB301200DF10701FFF73BFF33E005
:1076900021682E4804F0F6F923689DF80720C2B946
:1076A00002AE04F12007324620686168083403C244
:1076B000BC421646F7D1099AB5B3C2F3080121B905
:1076C0006FEA52226FEA42220992184602A9FFF796
:1076D00005FE0AB0BDE8F081B36A13F47F4F05D010
:1076E00001200DF10701FFF7B1FE05E0B36AB3F524
:1076F000803FA0D3FFF756FE0346CEE700200DF1F2
:107700000701C2E700200DF10701ECE7104890E700
:10771000104B17F4F87F1049104818BF1946A6F10E
:10772000100204F0AFF986E722F4FF7222F00102A2
:10773000CAE700BF00ED00E000DD00002CDD000026
:1077400044DD000066DD000075DD000095DD000011
:10775000B2DD0000E7DC0000D2DC0000D7DD000075
:10776000064B5A6942F010025A615A6942F480622B
:107770005A615A6922F008025A61704700ED00E030
:10778000EFF30880EFF3098101B57246FFF718FFA8
:1077900001BD00BF002080F31488BFF36F8F00206D
:1077A00080F30A8880F30B880F4880F3088801F083
:1077B0001BF800200D490860BFF34F8F00F02CF834
:1077C000202080F311880A484FF40061401880F3AC
:1077D0000988EFF314800221084380F31488BFF373
:1077E0006F8F00F0EFF80000581A002094ED00E0D1
:1077F000180D0020002318460649D1F89020C2F346
:107800000722934200DB7047C1F89830C1F8A0000E
:107810000133F6E700ED00E010B572B6002484F302
:107820001388FFF7E7FF23464FF0FF300C4A03F1C0
:1078300020010133102B42F82100F8D100234FF032
:10784000FF30074A03F160010133102B42F8210099
:10785000F8D162B6BFF34F8FBFF36F8F10BD00BF7B
:1078600000E100E0084B9B6883420BD1EFF30583F6
:1078700043B1064B5A6842F080525A605A6A22F469
:1078800000425A6202F06EBBA806002000ED00E044
:1078900016498A684FF030001044EFF3098C80E8F5
:1078A000F01F202080F31288BFF36F8F104F4FF02E
:1078B00000664A698A603E60D2F880000D4C206004
:1078C000D2F884000023C2F8843080F3118802F1DA
:1078D000300090E8F01F8CF3098802F1000004B535
:1078E00004F0C8F9BDE8044070470000A806002075
:1078F00004ED00E0800500201EF0040F0CBFEFF344
:107900000880EFF30980816911F8021C0229FFD079
:1079100001B5724604F09FF901BD00BF00B2002816
:1079200007DB01234109034A00F01F00834042F8AE
:107930002130704700E100E000B200280CDB01229A
:107940000649430900F01F008240203341F82320FC
:10795000BFF34F8FBFF36F8F704700BF00E100E0B0
:10796000054B420953F82220012300F01F0003FABF
:1079700000F01040704700BF00E100E000B20028B6
:1079800001F10101ACBF00F16040064B4FEA41112B
:10799000C9B2ABBF00F5614000F00F0080F80013E2
:1079A0001954704714ED00E0044B054A23F07F039F
:1079B0009360BFF34F8FBFF36F8F70470068000075
:1079C00000ED00E008B5FFF7EFFF074AD2F8883076
:1079D00023F47003C2F88830FFF758FCFFF762FC0D
:1079E00000F046F801F06AFE00ED00E042F8203CAD
:1079F000009B0B4942F81C3C019B21F0010142F81D
:107A0000183C029B42F8081C42F8143C4FF080736B
:107A100042F8043C0023203A0265C0F884307047E5
:107A20001570000000B50D4B15469860D0F8802009
:107A30000B4B0E461A60036F83F30B882C4686F3BC
:107A400009880020034B984720460021002200238C
:107A5000014C204783BC000015700000A8060020E0
:107A6000800500201022014B1A61704700ED00E0F4
:107A7000002320210448C2180133B3F5917F82F816
:107A80000013F8D1704700BF00E100E008B5EFF344
:107A90000583064A103B02EBC30152F833004968E4
:107AA0008847BDE80840FFF76DBC00BF70CE0000FE
:107AB0001FB5094C094A23460121094800F0FAF88C
:107AC00000230393074B0121E41A01A801930294B8
:107AD00000F0FAF804B010BD00FC07200000002000
:107AE00008D800004803002010B50C7A0B6804F099
:107AF0001F0223F01F031A43CB68640923F01F03FE
:107B0000054943EA440343F00103C1F89800C1F872
:107B10009C20C1F8A03010BD00ED00E010B5074B6F
:107B2000D3F89030C3F30723013B984202D8FFF704
:107B3000DBFF10BD6FF01500FBE700BF00ED00E0BC
:107B40002DE9F04F0F46144606464FF000084D4D04
:107B500085B0B84580F29280D6F80490B9F1000F54
:107B600036D0B9F11F0F40F2878019F01F0F40F097
:107B70008380D6F800A01AF01F0F7DD1504604F084
:107B8000A3F8834609EB0A00013804F09DF8834509
:107B900072D11BF1160F6FD05C456DDDC5F898B042
:107BA000D5F89C10C5F898B0D5F8A03021F01F0189
:107BB00043F01F0AD6E900321A44994202F1FF3914
:107BC0001ED1CA4508D131465FFA8BF004F085F822
:107BD00008F101080C36BCE73146C5F898B0D5F875
:107BE0009C3022F01F0203F01F031343C5F89C30A2
:107BF000E0B204F072F810F1160F3DD0441CE7E734
:107C0000C5F898B0D5F8A020013B23F01F0302F07F
:107C10001F021343CA453146E0B2C5F8A030E8D090
:107C200004F05BF810F1160F26D0C5F898B0D5F81F
:107C30009C209DF808300AF1FF3A62F304038DF8A6
:107C40000830D5F8A0309DF808205B0863F3471290
:107C50008DF80820D6E900321344009323F01F0367
:107C60005344A3EB0903013023F01F036946C0B25C
:107C70000393FFF753FFBEE76FF01504204605B0EE
:107C8000BDE8F08F00ED00E00522044BC3F894201E
:107C9000BFF34F8FBFF36F8F704700BF00ED00E061
:107CA000BFF35F8F0022024BC3F89420704700BFE0
:107CB00000ED00E010B5034C2278FFF741FF207083
:107CC00010BD00BF100D00202DE9F74F294D8A4649
:107CD00006464FF00008AB46274FD0451BDAD6F8D2
:107CE0000490B9F1000F3FD031680846019103F0CC
:107CF000EBFF0199044609EB0100013803F0E4FFB2
:107D000084424FF014021D4B08D002FB08F36FF0C1
:107D100015024BF8032003B0BDE8F08F14F1160FE5
:107D20002C60F8D01978A142F5DD02FB08B0C7F845
:107D30009840C7F89840D7F89C4000F10801007BB4
:107D400064F304000871D7F8A0000C79400860F3D0
:107D500047140C71D7F89C1021F01F016960D7F807
:107D6000A01021F01F01296108F1010814350C361B
:107D7000B3E700BF8405002000ED00E0100D0020F7
:107D8000F0B55249524CD1F890302568C3F307231F
:107D90009D4287B000F296800020FFF781FF4D4B97
:107DA000C1F8C030854216D14B4C01A82570FFF7B1
:107DB00059FA00250646494FAE4213D100202378D8
:107DC0004249D1F89020C2F30722934274DBFFF7B7
:107DD0005BFF002043E0616801EB0011FFF784FEC8
:107DE0000130DFE70199280101EB0513DA683A4019
:107DF000B2F5800F42D007D8B2F5801F15D0B2F58A
:107E0000001F2ED00135D7E7B2F1006F43D0B2F199
:107E1000805FF7D15A689B680958013B22F01F0028
:107E2000034423F01F03012032E05A689B6809587D
:107E3000013B22F01F0003440120844623F01F036E
:107E400040EA4C10CDE902218DF8100002A92078FB
:107E50000593FFF763FE00282ADA6FF0150007B0DC
:107E6000F0BD5A689B680958013B22F01F0003448B
:107E70004FF0020C012023F01F03E1E75A689B68D2
:107E80000958013B22F01F000344062023F01F0382
:107E90004FF0000CD4E75A689B680958013B22F068
:107EA0001F0003444FF0030C012023F01F03C7E71A
:107EB000237801332370A5E7C1F89830C1F8A000FA
:107EC00001337EE74FF0FF30C9E700BF00ED00E06F
:107ED00014D80000AAFF4400100D00200000F0FF9D
:107EE00008B50549054A21F007010548521A03F073
:107EF0006FFD002008BD00BF5F1A002000FC0720B6
:107F00009805002008B5244A244B1A6000F060F858
:107F10004FF47A612248D0F82436C3F30802C3F341
:107F200009434B4382F480721E49883201FB0233BD
:107F30004FF4FA215B00B3FBF1F201FB12331A4953
:107F4000B3F57A3F28BF0132C1F80429D0F82036B2
:107F50004FF47A60C3F30802C3F30943434342F288
:107F60001C5082F4807202F2172200FB02334FF49D
:107F70007A701B0AB3FBF0F200FB12330020B3F55A
:107F8000FA7F4FF0010328BF0132C1F81C27C1F866
:107F90000009C1F8003608BD0020A10768020020D2
:107FA00000C0FF00102700800000125048B1054BB0
:107FB000054A1B68B3FBF2F35843044B43F001033B
:107FC000184770476802002040420F00F0D70000B9
:107FD0000122024BC3F80424704700BF002008E0D0
:107FE000084B70B5C31A0D4607499B100446594308
:107FF0004022064803F0B0FE2B4601462046BDE86D
:1080000070401847D0050020B76DDBB6C8CD000022
:10801000402373B50B4C0093041B0B460D460A49D5
:10802000A41061430646094A094803F0C1FE011E37
:1080300005DA30462B4602B0BDE87040184702B062
:1080400070BD00BFD0050020B76DDBB61BBE0000C1
:10805000C8CD00002DE9F0470022012107464FF46A
:108060008770FFF78BFC124800F03EFC0446D0B945
:1080700000F064FC25464FF01C0A4FF00C08DFF8B6
:1080800034903E6949460AFB056003F057FD031E24
:108090000CDB012308FB05661D44032DF365F0D1BD
:1080A0002046BDE8F0876FF00404F9E71C46F7E7C7
:1080B000E581000054D800001FB500220123CDE95E
:1080C00002236B46084ACDF800D0CDF804D003F067
:1080D0009DFE002805DB43F609520023684601F0A7
:1080E0004FFC05B05DF804FB39BE000010B5EFF39E
:1080F0001184202383F31288BFF36F8F074A13681C
:1081000023F00201DB07116002D4012003F096FF87
:1081100084F31188BFF36F8F10BD00BF48060020A5
:108120000C22104B014602FB0033002030B4D3E98F
:1081300015525865EFF31180202484F31288BFF3A1
:108140006F8FDC6D04F0C00444F00204DC6580F342
:108150001188BFF36F8F1DB12B4630BC0248184702
:1081600030BC7047D0050020C8CD000010B4EFF33C
:108170001182202383F31288BFF36F8F16480168A2
:1081800041F002040460C80707D482F31188BFF3EA
:108190006F8F012010BC03F045BF1049D1F80C14BB
:1081A000C903F2D5EFF3118083F31288BFF36F8F09
:1081B0000B49CB6D03F0C00343F00203CB6580F3A2
:1081C0001188BFF36F8F82F31188BFF36F8F002088
:1081D00010BCFFF7A5BF00BF4806002000E010500C
:1081E000D0050020042805D007280AD002280AD18B
:1081F000012004E0044BD86D10F0070003D1FFF715
:108200008FBF0220FBE77047D00500202DE9F04129
:10821000012207463449D1E8EF3FC1E8E02F0028AA
:10822000F9D133B9314932484B60CB608A6003F0F1
:1082300098FC7B1E012B28D8012F06D12D4BD3F89B
:10824000503403F00303012B1FD004F097F90546C7
:10825000E8B9294B1B78D3B104220646254BC3F855
:108260000823244CDFF89480D4F84C24D4F84C3400
:10827000D20315D503F00303012B01D0012F0FD139
:108280006DB386F31188BFF36F8FBDE8F081EFF314
:108290001186202383F31288BFF36F8F0125E0E757
:1082A000C5B1304603F001FDD4F8403413F0FF03AC
:1082B000DAD1D4F80821002AD6D0C4F80831D4F88D
:1082C00008314FF480420123C4F84034C8F8A0219B
:1082D0002361C9E70021202004F0C6F9E4E7042265
:1082E000044BC3F80423D0E7CC050020BC050020D4
:1082F000EC05002000E01050110D002000E100E02E
:108300002DE9F04340F206354768D00648BF4FF0EC
:10831000030C3B7C02EA050558BFC2F3401C87B042
:1083200001F01F06B5F5837F144646EA43168DF823
:1083300003C046D00DD8062D45D005D8A5B1022DD5
:1083400012D06FF0150039E0B5F5807FF9D1012525
:108350000AE040F20222954237D0B5F5407F36D090
:10836000B5F5007FEDD104250123220303FA01F1C5
:108370002FD57B685960B86880BB7F2E06F01F033D
:108380004FEA561173D83C4A52F8212084F48031C8
:1083900002EB8302D2F88030C1F30041C4F34044C1
:1083A00023F4706344EA410423F00F031C4344EABE
:1083B0008C0444EA0524C2F88040002007B0BDE8E0
:1083C000F0830925D0E70825CEE70625CCE705256B
:1083D000CAE7630344BF7B689960CCE731460DF17F
:1083E000020204F00DF814F4403F80460CD13146EF
:1083F000B86804F01EF8B8F1000FDED19DF8021045
:10840000B86800F091FDD8E74FF0000901ABCDE965
:108410000199CDE90439CDF80C903146B86803AA2A
:1084200003F032FF4845C8DB14F4003314D09DF844
:10843000033084F48034C4F300448DF80E308DF89A
:108440000C508DF80D404B463146B86803AA00F039
:10845000B9FC0028CFDAB0E7CDE904330DF103030E
:1084600003933146B86803AA03F00EFFF1E7203307
:1084700050F82330FFDE00BF78D800004209022AFE
:10848000034670B503D0012A18D0CAB170BD0E4E94
:10849000326951680029F9D0012503F01F030C68E7
:1084A0009D400029F2D08A682A4002D030464B68AD
:1084B00098473CB1236821461C46F2E7034EE7E7A4
:1084C000034EE5E72346F6E71CCE000000CE000091
:1084D000E4CD000038B54568A868C0B103F0A3FF3B
:1084E0000146A0B9A86800F0E7FC044688B9024636
:1084F0000949A86803F081FF22460121DB20FFF72C
:108500003DFA2246012140F20D10FFF737FA002014
:1085100038BD6FF00400FBE77D840000F0B54468CF
:108520001646A068227C01F01F0587B045EA421577
:1085300000286CD0B6F5001F04D1294603F0CDFF0A
:10854000002055E06268607CB6F5800F50624FF005
:10855000000001AA0190506039D1B3F1007F14BF2F
:10856000052304238DF804300023CDE9042303936D
:10857000E3680DF1030723FA01F111F0010139D18C
:10858000B6F1A07F36D105F01F037F2D4FEA5510BD
:1085900003F120033ED8214A52F8202052F823301C
:1085A000DB0727D43A462946A06803F029FF163096
:1085B00018D002972946A06803AA03F065FE002898
:1085C00016DB01222946A06803F035FFB8E7B3F1B6
:1085D000C06F05D0B3F1007F14BF01230223C1E7B0
:1085E0000323BFE73946A06800F0A8FC0028E0DAC2
:1085F00007B0F0BD3A462946A06803F001FF002805
:10860000D8D19DF80310A06800F08EFCD2E76FF07F
:108610008500EDE751F82330FFDE00BF78D8000079
:1086200070B40D4CD4E90065901B63EB0501400963
:1086300040EAC1604101891945EBD065C4E90015E4
:10864000002400250549C1E90023054BC3E9004585
:1086500070BC01F067BE00BF68030020500300201B
:108660006003002008B500220121E420FFF786F90D
:10867000164A0020D2F8183723F44033C2F81837CE
:1086800000F0BEFD002820DB0120114900F044FE6F
:1086900000281ADB00F08CFD0E4B20F01F00C3E910
:1086A00000010D4B0022C3E900014FF0FF304FF0F5
:1086B000FF310A4BC3E90001094B0A49187A00F05F
:1086C00089FD67220020084B1A6008BD00200E506B
:1086D00064020020680300204803002050030020AB
:1086E0005C020020218600008406002008B500F00E
:1086F0005FFD064AD2E90032C01A054B61EB020168
:10870000C3E90001400940EAC16008BD68030020D8
:1087100060030020F7B5224B0146224F187A224B06
:10872000D7E90056D3E900239E4208BF954211D1F4
:10873000B1F1806F0ED24901012938BF0121012218
:108740004D1946F10006C7E9005603B0BDE8F040F8
:1087500000F06CBE154BDFF858C0D3E90043DCE9EC
:10876000002CA41843EB0C0C4FF0200E224663465D
:10877000C1FB0E23954276EB0301C7E900230DD21E
:10878000291B66EB0C04C82974F10004B4BF012155
:108790000021009100F012FE03B0F0BD0021F8E7C7
:1087A0005C020020580300205003002068030020D2
:1087B0006003002003689A070CD50368DB070DD51A
:1087C0000922074BC3F80C250F22C3F80425012208
:1087D0001A60FEE7034B0360EF3B0360704700BF86
:1087E00000801050F000FA5008B50123304AC2F85A
:1087F0000038A2F55722D2F800242E4AD2F840239E
:10880000292A01D0332A02D12B4AC2F80C342B4832
:10881000FFF7D0FF0830FFF7CDFF0830FFF7CAFFA2
:108820000830FFF7C7FF00F5F470FFF7C3FF244AD5
:10883000D2F88C3043F44063C2F88C300022D3006D
:1088400003F57F0303F54043D3F8001401310AD048
:10885000D3F8001439B1D3F800140132D3F804343A
:10886000402A0B60EBD1174BD3F80026D2071AD45D
:10887000154B1349D3F8182522F00302C3F8182525
:10888000D3F81825C3F81825D1F88C2042F440629B
:10889000C1F88C200022C3F8A0250C4AD2F800347D
:1088A000012BFBD008BD6FF00102C3F80026DFE703
:1088B0000000125000C0FF000030055000F50E50BF
:1088C00000ED00E000E0105000E004500090045083
:1088D000014B1B68184700BF88060020014B07208A
:1088E0001B6818478806002010B5104C2379D3B9AF
:1088F000012323710E4B0028206018BF184600F09A
:10890000FFF890B923680B48002B08BF184600F009
:1089100041F850B923680848002B08BF1846BDE845
:10892000104000F085B96FF0770010BD8806002078
:10893000D188000021C00000DD88000008B5074B89
:108940001B6853B14FF48770FFF70AF828B9BDE8E8
:1089500008404FF48770FEF7E1BF08BD880600208D
:1089600038B504230A4C42F21075C4F808330123C9
:1089700063610023C4F80831D4F80831D4F84C34CA
:10898000DB0304D5012003F016FB013DF6D138BD11
:1089900000E01050064A13793BB9012110601171B3
:1089A000044A1846C2F8403470476FF077007047A9
:1089B0009006002000E0105010B51D4B1D4CD3F860
:1089C0004C14D3F84C2411F4803F18D002F0030269
:1089D000012A03D00AB1FFF7C3FF0022144BC3F8EA
:1089E00040240022C3F80821D3F8082101221A618B
:1089F000226872B9D3F80821002AFBD011E0D3F81D
:108A00004824D107E9D5D3F850249207E3D422684B
:108A10001AB10422C3F8042310BDD3F80821002A98
:108A2000FBD00022C3F80821D3F80831F4E700BFD7
:108A300000E0105090060020F8B50125184C194EA2
:108A4000D4F80C3303F00C0303B9F8BDB3FA83F385
:108A50000027C3F11F039A0002F5807292B202F15F
:108A6000A04202F58712176005FA03F1022B126883
:108A7000D8B2C4F8081310D1D4F84C34D4F84C341C
:108A80009B070AD10423C4F84054C4F80433256179
:108A9000D4F80C3303F00C03D6E733689847F7E7B4
:108AA00000E0105090060020712238B5114B0021D3
:108AB000C3F8082301225A60C3F80011D3F800114B
:108AC0000D49D1F84013292901D0332900D1DA60AA
:108AD00042F21074074DD5F80C3413F4803305D0EE
:108AE000012003F068FA013CF5D138BD034A537107
:108AF000FBE700BF00E0105000C0FF009806002018
:108B0000054B0246187918B91A6001221A7170478C
:108B10006FF07700704700BF980600200022174BC7
:108B2000C3F81021D3F81011C3F81821D3F8181185
:108B3000C3F81421D3F81421114AD2F84023292A6A
:108B400001D0332A01D101229A600022C3F800210A
:108B5000D3F8002101221A600A4A126852B9074B61
:108B6000D3F80021002AFBD00022C3F80021D3F85B
:108B7000003170477122C3F80423704700E01050A1
:108B800000C0FF0098060020F8B50126194C1A4DC8
:108B9000D4F80C3303F0710303B9F8BDB3FA83F3CF
:108BA0000021C3F11F039A0002F5807292B202F114
:108BB000A04202F58712116006FA03F7042B12682F
:108BC000D8B2C4F8087308D0062B10D02B68984789
:108BD000D4F80C3303F07103DEE702236B71C4F8A1
:108BE0001411D4F814312023C4F80433EEE769716A
:108BF000ECE700BF00E010509806002038B5802355
:108C00000A4C42F21075C4F808330123A362002312
:108C1000C4F81C31D4F81C31D4F86C34DB0304D50F
:108C2000012003F0C8F9013DF6D138BD00E0105035
:108C3000054B0246187918B91A6001221A7170475B
:108C40006FF07700704700BFA006002000220C4B99
:108C5000C3F81C21D3F81C2101225A62094A126868
:108C60001AB18022C3F804237047D3F81C21002ACC
:108C7000FBD00022C3F81C21D3F81C31704700BF81
:108C800000E01050A0060020094BD3F80423120680
:108C90000DD5D3F81C2152B10022C3F81C21D3F802
:108CA0001C218022C3F80823024B1B681847704719
:108CB00000E01050A0060020036803F01F027F2B85
:108CC00002604FEA53129ABF024B53F82200002071
:108CD000704700BFCCD80000034A4309D35C00F0C2
:108CE0001F001844C0B2704743DE0000F0B5844650
:108CF000002587B0DFF848E0124F019102AE1EF860
:108D0000013B06AA02EBD30212F8144C03F007034E
:108D1000DC4014F0010406D10135042DEFD100240C
:108D2000204607B0F0BD97E80F0086E80F0056F820
:108D30002520136A4CF825301362002BECD0EFE7A6
:108D400053DE0000D0D70000F7B504460846FFF711
:108D5000C3FF06B204EB4606B38A0D46DB072BD5EC
:108D6000204603F06EFA2946204603F0DAF958B19E
:108D7000204603F0ECF90022276800B207EB8003DD
:108D8000C3F81025C3F810252946204603F008FA39
:108D9000002101A8B1820195FFF78EFF019B00EB36
:108DA0008300D0F88020064B134043F00203C0F844
:108DB0008030084603B0F0BD6FF01500FAE700BF41
:108DC000F0F0FCFF2DE9F043044685B00846164656
:108DD0001D46FFF781FF0F46804636B3204603F05D
:108DE000ABF918B9204603F09CF928BB0FFA88F9B3
:108DF00004EB4909B9F8143013F01C0F02D0737852
:108E0000012B19D001238DF80F3000233846CDE90E
:108E10000063721CB31C0DF10F0103F02AF9B9F8BD
:108E2000143043F00303A9F81430002D40D0394624
:108E3000204603F081F920B96FF0150005B0BDE8B8
:108E4000F0830022297823684FEA810C03EB810329
:108E5000C3F81025C3F810250FFA88F204EB42027C
:108E6000938A23F4604323F0200393826E78FEB14B
:108E70002468A8786444D4F810550E4B36042B406F
:108E8000C4F8103541F6F07306F4403603EA0713D0
:108E90000005D4F81055334300F4801003432B43EE
:108EA000C4F81035938A43EA413343F02003938298
:108EB0000020C3E70FE0ECFF70B590F8B040054626
:108EC00090F8B1604CBB84222146143003F0D7FEE9
:108ED0002146134A2B6852F836608E4213D1002483
:108EE00040F20D10C3F84441D3F844210D4A934297
:108EF00008BFDB20FEF712FD0123204685F8B030C5
:108F0000C5F89C3070BDCAB2920002F58070442A48
:108F100004BF1C501A580131DFE76FF07700F1E70A
:108F2000DCD8000000A00D5090F8B100024B03EB1C
:108F3000800003F05CB800BF6C02002010B5064B47
:108F400090F8B1000C4603EB800003F036F80028DF
:108F5000A4BF2070002010BD6C0200202DE9F04F4E
:108F6000814659F8043B8DB0D3F8141390F8B14002
:108F700000936C4BC9B241F40031804653F8342061
:108F8000009803F037F9810305463BD510220021F4
:108F900008A803F074FE634B08A803EBC4035B68E6
:108FA00019460193FFF7A2FE042303EBC4030393C6
:108FB0004FF0000B5C4B0DF1200A0293029A5949C5
:108FC00012F8013B0292039A02EBD3028A5C03F08F
:108FD000070322FA03F3DA071AD40BF1010BBBF1F2
:108FE000040F0AF1040AE9D14FF40031002200987D
:108FF00003F000F9019908A8FFF778FE0028D7D1FF
:1090000025F400350124002D75D10DB0BDE8F08F99
:10901000464B5B440493DAF800100029DDD091FA46
:10902000A1F1B1FA81F1049B1C7841EA4414204675
:10903000FFF752FE08EB4000878AC808BB0805937B
:1090400001231AF8002001F0070103FA01F122EAD6
:1090500001020AF8002007A80794FFF72DFE079ADF
:10906000059B203250F82220C7F382065B07374663
:10907000C2F3014223D54846D6B221463A4603F010
:1090800070F807A80794FFF717FE079B203350F8E6
:109090002330C3F301439E4207D10021204603F051
:1090A00031F83146204603F02DF807A80794FFF762
:1090B00003FE0122079B02FA03F30362ABE7022AD5
:1090C0000DD10321204603F01DF806F00503012B06
:1090D000EBD13A462146484603F043F8E5E7022142
:1090E0002046059203F00EF8032EF2D0059A032ACB
:1090F000DBD1022EECE795FAA5F3B3FA83F30099DE
:1091000004FA03F225EA020503F5A27251F82220BF
:1091100008EB43034846B3F8A010C2F3014203F042
:1091200020F870E7DCD8000053DE000053DE0000BA
:109130000123034A03FA00F09368034393607047E6
:109140006000002073B504460191EFF311862023DF
:1091500083F31288BFF36F8F0B4D019B6A6801A8E0
:109160001340019302F029FF002807DB01226B68FE
:10917000824023EA02036B602070002086F311888E
:10918000BFF36F8F02B070BD60000020074B027A02
:10919000D3F8101521F001010A43C3F81025026825
:1091A000C3F8A4264268C3F8AC26704700200E50CE
:1091B0004FF0FF306FF0404130B5054CD4E900234B
:1091C000904271EB0305F9D31046C3F3130130BD90
:1091D00040270E5030B50C25074B1C1894F854400E
:1091E00005FB0433C3E9031218750123034A8340C6
:1091F000C2F8243330BD00BF6000002000200E50B4
:10920000F0B53D4D85B02C78002C6FD13B4A01ABB9
:1092100007CA83E807003A491846D1F8102522F01A
:109220000202C1F81025FFF7B1FF0723672202F001
:1092300001012144013BCCB24FEA5202F7D1052C87
:1092400057D119464FF0010C2B4E00246720CFB2A6
:1092500004E00CFA02F220EA0200013490FAA0F2D3
:109260005FFA84FEBE45B2FA82F2F2D30131327562
:1092700005292A4482F8547006F10C06E5D1012133
:10928000002420489A0801FA02F212F0670F18BF72
:109290001C500433302BF5D1E420FEF73FFB184B74
:1092A0001949D3F8102503F5C07322F00202C3F860
:1092B000902340F6FF72C3F8A82100221A60A3F59C
:1092C000807004338B420260F8D101240C4B0F4AAA
:1092D0001C660F4B5D201B68B3FBF2F358430D4B2C
:1092E0002343984700202C7005B0F0BD6FF0770045
:1092F000FAE76FF08B00F7E760000020E0D700008E
:1093000000200E5000210E50B0210E5040420F00A0
:109310006802002000D8000038B5254B0C46D3F871
:10932000102595073DD4D3F8102542F00202C3F86A
:109330001025C0B1D3F8482712F0010202BFD3F8BC
:10934000481741F00101C3F84817194BD3F84017EB
:10935000D3F844174900F9D42AB9D3F8482722F0A2
:109360000102C3F84827134B134A1B681049B3FB8B
:10937000F2F303EB4313BBB1D1F84027D1F84457C4
:1093800015F080450BD14FF0FF312046FFF7DAFE94
:10939000002803DB2078FFF7CBFE284638BD013BD1
:1093A000E9E76FF07700F9E76FF07300F6E700BFC9
:1093B00000200E506802002040420F0070B51D468C
:1093C0001446184A9DF81060131893F8543000B2F0
:1093D0000C3302EBC30142F833404D60C5F3130177
:1093E000AEB10201104E02F1A04202F562228000ED
:1093F000C2F820450644C2F82415336833B1FFF79C
:10940000D7FEA042A94101D20023336070BD030101
:1094100003F1A04303F56223C3F82045C3F82415E4
:10942000F4E700BF6000002000210E50F0B50E4DA3
:109430002B1893F8543000010C3355F8334005EBEA
:10944000C3077E68641800F1A04021F0004146F196
:10945000000641EAC27100F5622045F833407E60A3
:10946000C0F82815F0BD00BF60000020F7B5284BFC
:10947000284CD3F82C6304F188070EB903B0F0BD73
:1094800096FAA6F00123B0FA80F08340DA4322492D
:1094900026EA0306231893F85450830019440C233A
:1094A00003FB0543DB6873B3D7E8EF3F03EA020C25
:1094B000C7E8EECFBEF1000FF6D1C340DB0719D5E8
:1094C000020102F1A04202F56222D2F82435D2F85C
:1094D0002025D1F800C0BCF1000FCED04FF0000C19
:1094E000C1F800C00C2101FB054529690091E9681C
:1094F0008847C2E705F10C0304EBC30C54F8332092
:10950000DCF80430E5E70A68002AB6D00B60B4E75F
:1095100000200E506000002000210E50044B40EA55
:109520000120C3F80005D3F80024D207FBD570470B
:1095300000E0045038B5EFF31185202383F312883F
:10954000BFF36F8F064B9C6802F0FBFF85F3118819
:10955000BFF36F8F2046BDE83840FEF783B900BFE8
:10956000A806002038B50A4B53F82040013053F8C4
:109570002050A54200D838BD606830B1037EDB07BB
:1095800001D402F0B3FF0834F3E723689847FAE701
:10959000ECD80000012270B5294B032086B01A7068
:1095A000FFF7E0FF03F0F3F80420FFF7DBFF254CA3
:1095B000254D2646AE4204F1300410D300F0D8FB0E
:1095C000204C224EAC4226D300F0E6FBFDF7E4FC33
:1095D0001F4A137B23F00103137306B070BD54F8C8
:1095E0000C3C059354F8103C049354F8143C03933A
:1095F00054F8183C029354F81C3C019354F8203C56
:10960000009354E90A2354E90C0100F0DFF954F8FF
:10961000303C5E65CDE7D4E90A23B3F1FF3F08BFD4
:10962000B2F1FF3F05D052EA0301206803D100F0F8
:109630006FFC3034C6E73146183000F0E3FDF8E740
:10964000110D002080D7000080D7000061C6000007
:1096500000040020902370B5134E012203FB006626
:10966000002386B0CDE904230F220193CDE9023215
:1096700014234FF4A0720D4D0D4903FB0055044611
:1096800002FB00110B4B3046009500F09FF9737BF5
:109690002C7423F004037373074B013403EBC423CE
:1096A000EE606B6006B070BD70030020A80600205D
:1096B0001815002049C50000180D0020BFB5002076
:1096C000FFF750FF284B03F5006282F3088883F30D
:1096D0000A880024E023254D254F85F82230EC77B9
:1096E0002C766C76AC7685F820406B6A43F4E023E8
:1096F0006B6285F82340FEF733F8FEF7B3F94FF0BD
:10970000FF33AB62EB62FEF73BFBFEF7D1F9194882
:1097100000F09CF90120FFF725FF0220164DFFF70E
:1097200021FF00F06DFB154B15495D61154B4FF4A2
:109730008062059301232846CDE90343CDE9014426
:109740003B46009400F042F906466A7B284622F028
:1097500004026A7302F052FF2046FFF77BFF3A468D
:1097600031462846FEF75EF9180D002000ED00E0B6
:10977000959500009004002000040020A806002019
:109780005816002057DE00002DE9F3410446174625
:109790001E46EFF31188202383F31288BFF36F8FE7
:1097A000C368334A7BB180689168884219D057EA10
:1097B000060318D188F31188BFF36F8F6FF00F0085
:1097C00002B0BDE8F081916891F90E100133E360B9
:1097D00093682161A36088F31188BFF36F8F002025
:1097E000EEE72169F2E791F90E1090F90E306FF073
:1097F0007E029942A8BF19469142B8BF11468B42DA
:109800002DDD02F0ACFE054622464146CDE900764C
:10981000184800F0F3F90028E1D0EFF31186202377
:1098200083F31288BFF36F8FA068D0B123682169DA
:109830009C420AD04BB193F90E309942A8BF194609
:109840006FF07E039942B8BF194602F088FE40B11E
:109850003146084800F066FA6FF00A00B0E70025CC
:10986000D2E7002DF4D186F31188BFF36F8FF3E7B1
:10987000A8060020120D0020F8B583680546002BCD
:1098800040D0234A926893423FD1C368012B03D949
:10989000013BC3600020F8BDEFF31187202383F361
:1098A0001288BFF36F8F0169806802F058FE2C6840
:1098B000A54207D10023C5E9023387F31188BFF31E
:1098C0006F8FE7E7002CF5D0D4E900320026136053
:1098D0005A60637BC4E9006623F002036373A660E9
:1098E00004F1180002F027FFAC6094F90E30204616
:1098F0002B61C4F8886002F081FE3946054800F00B
:1099000011FAC7E76FF01500C5E74FF0FF30C2E767
:10991000A8060020120D002070B5EFF31186202359
:1099200083F31288BFF36F8F0468A0421BD0D4B1B9
:10993000D4E90032002513605A60637BC4E9005506
:1099400023F002036373A56004F1180002F0F3FE34
:109950002046C4F8885002F051FE3146BDE8704000
:10996000064800F0DFB9D0E902329A4218BF01334D
:10997000836086F31188BFF36F8F70BD120D0020D6
:1099800013B5EFF31181202484F31288BFF36F8F96
:10999000846844B1013C846081F31188BFF36F8F08
:1099A000002002B010BD52EA030406D181F31188F1
:1099B000BFF36F8F6FF00F00F3E7CDE9002302468E
:1099C000014800F01BF9ECE7120D00202DE9F043EF
:1099D000984685B000F15803C0E91633109B002566
:1099E00003730423073222F0070643730F9B01EB36
:1099F00006090F4683734946C0E906558560C5735D
:109A00000446FDF79FFC0E9B073020F00700A0677F
:109A1000C4E91C7602930D9BA9EB000901930C9BF2
:109A20004A460093394643462046FDF7DFFF064B82
:109A300065659B6884F86C5003B1DB6F4846E3674B
:109A400005B0BDE8F08300BFA806002040F2011376
:109A500083810023C0E91C33C367014B98607047C2
:109A6000A80600206FF00A01094A9368C3F888101D
:109A70000849C3F884004B6843F080534B600023CF
:109A800083F31188BFF36F8F9368D3F88800704712
:109A9000A806002000ED00E070B590F90D20437B92
:109AA000002A36DBD90634D11B4C63F07F032246F3
:109AB000437352F8183FE169934207D1C0E900218E
:109AC0000860E06111E09942F8D01B68002BF5D0E6
:109AD00090F90E5093F90E60B542F4D0AE42F2DD2B
:109AE0005968C0E9003108605860A569954200D006
:109AF00005B9E568A3685A7BD20604D1DA897F2AC2
:109B000001D9AA6932B1AB4202D0284600F0FAFA74
:109B1000656170BD6361FCE7A806002038B590F967
:109B20000D200146002A437B04DA03F07F034373D0
:109B300002F02AFD0D4D2A4652F8184FAB689442A8
:109B400000D004B9EC688B4207D05A7BD20604D10E
:109B5000DA897F2A01D9A2692AB1A34202D020461C
:109B600000F0D0FA23466B6138BD00BFA806002084
:109B7000B3F1FF3F08BFB2F1FF3F03D002491830F5
:109B800000F040BB704700BF61C6000038B5194CFB
:109B9000A168E0690B68814214BF1A460022496837
:109BA0000B605960A368E1692AB9134AC3E900212F
:109BB0000B60E3610CE093F90E0092F90E50A8429D
:109BC00014D0854212DD5168C3E900210B60536057
:109BD000A569094B9D4200D005B9E568A3689D427F
:109BE00002D0284600F08EFA656138BD9142DCD083
:109BF0001268D9E7A8060020C0060020F8B5DDE904
:109C000006670D4B0C46986811460C4A1060EFF33E
:109C10001182202282F31288BFF36F8F9D6828463D
:109C200002F0C4FC284632463B46FFF7A1FF20461F
:109C3000BDE8F840FFF716BFA8060020C8060020C0
:109C4000F8B50446EFF31187202383F31288BFF39E
:109C50006F8F437B49B203F01F02002A0CBF01261D
:109C6000002639D103F07F032D4D437302F08CFCA5
:109C70002A46437B817363F07F03437352F8183F96
:109C8000934227D1E869C4E900200460EC610FE049
:109C90009842F8D01B68002BF5D093F90EC06145AF
:109CA000F6D08C45F4DD5968C4E900310C605C6085
:109CB000AC69944200D004B9EC68AB689C4202D015
:109CC000204600F01FFA6C6187F31188BFF36F8F95
:109CD0003046F8BDE869DEE79B071ED5856802F0CF
:109CE00053FC81732B689D4209D16B68C4E9005312
:109CF0001C606C60E8E76A689342F6D01B68002B32
:109D0000F3D093F90E209142F5D08A42F3DD5A68E0
:109D1000C4E9003214605C60D6E78173D4E700BF09
:109D2000A806002049B9EFF3058030B9054B5A6900
:109D30009B689A4201D0FFF795BE81F31188BFF36B
:109D40006F8F7047A8060020034648B9EFF30582DD
:109D500032B9064A51699268914201D0FFF782BE3A
:109D600083F31188BFF36F8F704700BFA8060020F0
:109D7000EFF31181202383F31288BFF36F8F054B1C
:109D80009A68D37B013BD37381F31188BFF36F8F44
:109D9000704700BFA806002070B5EFF3118620239E
:109DA00083F31288BFF36F8F144DAB68DA7B0132F7
:109DB000DA732A4652F8184F944200D004B9EC687E
:109DC0005A7BD20604D1DA897F2A01D9A2692AB145
:109DD000A34202D0204600F095F923466B6186F33A
:109DE0001188BFF36F8FEFF31180202383F3128864
:109DF000BFF36F8FBDE87040FFF7A6BFA806002035
:109E0000024B03F11802C3E906227047A80600209E
:109E100070B5EFF31186202383F31288BFF36F8FA1
:109E20001B4CA168E0690B68814214BF1A460022EE
:109E300049680B605960A368E1692AB9154AC3E90A
:109E400000210B60E3610CE093F90E0092F90E50D3
:109E5000A84218D0854216DD5168C3E900210B6085
:109E60005360A5690B4B9D4200D005B9E568A36816
:109E70009D4202D0284600F045F965613046BDE8B4
:109E80007040FFF7EFBD8A42D8D01268D5E700BF17
:109E9000A8060020C0060020F8B550EA01030646D7
:109EA0000C4603D1FFF7B4FF0020F8BDEFF3118794
:109EB000202383F31288BFF36F8F124D124BA868D3
:109EC0001860FFF72BFEA868234632460F4918306A
:109ED00000F098F9AA680446537B384643F004031F
:109EE0005373FFF7BFFDAB68D3E90A23B3F1004F0B
:109EF00008BF002AD8D102F046FC201A20EAE07000
:109F0000D3E700BFA8060020C806002061C60000F5
:109F100038B50446EFF31185202383F31288BFF38D
:109F20006F8F437B5B070FD5183002F004FC637B17
:109F3000204623F004036373FFF7AEFD2946BDE816
:109F400038400448FFF7EEBE85F31188BFF36F8FEA
:109F500038BD00BF120D0020014B9868704700BF4C
:109F6000A80600202DE9F8430446077BEFF311858E
:109F7000202383F31288BFF36F8F437B190705D526
:109F800085F31188BFF36F8FBDE8F883D90943F0DB
:109F900008025DD14273A36813B1204602F0FCFAB7
:109FA00004F1180002F0C7FBA66D04F15808B04593
:109FB00011D04FF0000976B1304602F0EDFA06F10B
:109FC000180002F0B8FB3046C6F88890FFF764FD31
:109FD000A66DB045EFD1DFF8C080D8F808309C42BC
:109FE0003ED1EFF30589B9F1000918BF4FF001091F
:109FF000D8F81860294A964200D00EB9D8F80C60FB
:10A00000B34202D0304600F07DF82046C8F8146014
:10A0100001F034FEB9F1000F02D02148FFF716FD20
:10A02000D8F808309C4231D1EFF3058373BB227B13
:10A03000D20718D42846FFF715FDFB07A4D5002347
:10A0400083F31188BFF36F8F0423184602DF9BE769
:10A0500003F07F0343F00803437302F095FA9AE795
:10A060004FF00009C4E785F31188BFF36F8F83F3C6
:10A070001188BFF36F8F0423184602DFEFF31180BE
:10A08000202383F31288BFF36F8FD4E785F3118801
:10A09000BFF36F8FD1E700BFA8060020C0060020E5
:10A0A00090040020427B034612F01F0210D10A499F
:10A0B00088420DD00949086868B1D9897F2909D833
:10A0C00093F90E20064B1B689A42B8BF00207047D8
:10A0D0000020704710467047700300207402002073
:10A0E000CC0600200122044BC01A044BC010584378
:10A0F000034B1A54704700BF20050020ABAAAAAA40
:10A10000120D002070B50D4B0D4D1E7CFFF7CAFFE0
:10A1100006EB460305EBC3050446284602F00BFB9D
:10A120000022084B9A553CB1621E2846BDE870409B
:10A130000549D31700F066B870BD00BFA80600201F
:10A1400020050020120D0020E5A0000038B5EFF337
:10A150001185202383F31288BFF36F8F0F4B104AB2
:10A160009C681068A04206D1FFF7CCFF85F31188E8
:10A17000BFF36F8F38BD00211B7C1160094AD35C8F
:10A18000002BF3D02046FFF78DFF0028EED0637B35
:10A19000DB0601D1FFF7FAFC2046E5E7A806002020
:10A1A000C8060020120D0020024B1868984208BF14
:10A1B0000020704778020020034B1B680BB9FEF7A4
:10A1C00095BA0020704700BFD006002030B570B1AE
:10A1D0000B4B5B6898420AD0036843B1D3E9042172
:10A1E000D0E90445121941EB0501C3E90421D0E986
:10A1F000003213605A600023C0E9003330BD00BF55
:10A2000078020020B3F1FF3F08BFB2F1FF3F2DE914
:10A21000F84F0446994615461F467AD08160EFF301
:10A220001188202383F31288BFF36F8FB9F1000FD9
:10A23000DFF8E4A020DBFFF7BFFFDAE900270135F4
:10A2400049F100092D1849EBE07306464FF001096A
:10A25000C4E90453AD1843EB0707FFF7A5FF034616
:10A26000DFF8B8E0DEF804A0EBB9C4E900EACAF808
:10A270000040CEF8044028E06FF00103DAE9001254
:10A280005B1A4FF0FF3161EB02025B1B62EB0902CC
:10A29000012B72F10001BCBF012300224FF0000925
:10A2A000C0E90432D9E7D3E9041CD4E904208A4286
:10A2B00070EB0C0B24DA891A5A686CEB0000C3E9C6
:10A2C0000410C4E9003214605C60FFF76DFF844243
:10A2D0000ED1134B1B685BB9B9F1000F02D1FFF728
:10A2E0006BFF0646304602F00FFA0021FEF712FA25
:10A2F00088F31188BFF36F8F28463946BDE8F88F81
:10A30000521A60EB0C009A45C4E90420ADD01B68DA
:10A31000AAE700252F46EFE7380500207802002045
:10A32000D00600202DE9F047EFF31185202383F3B9
:10A330001288BFF36F8FDFF8A0900026C9F80000E5
:10A340000027FFF731FFDFF89480D9F80030D8E913
:10A3500000ECD91750B1D0E90442A34271EB020AD4
:10A360001BDAE41A62EB0102C0E90442002413EB99
:10A370000E034CEB01012046C8E90031C9F800404A
:10A3800002F0C2F92146FEF7C5F985F31188BFF343
:10A390006F8FBDE8F047FFF7D9BE14EB0E024CEB10
:10A3A000E473C0E90467C8E90023FFF70FFF85F3F2
:10A3B0001188BFF36F8F83689847EFF311852023CF
:10A3C00083F31288BFF36F8FD9F800301B1BC9F8D5
:10A3D0000030FFF7E9FEB8E7D0060020380500207E
:10A3E00010B5EFF31184202383F31288BFF36F8F2E
:10A3F000FFF7E2FE0346054AD2E90001181841EBD7
:10A40000E37184F31188BFF36F8F10BD380500200E
:10A41000F8B50D4E0D4C0E4D33680E4898476778D1
:10A420002B680C48984733680B489847022F08D18F
:10A430002478E31F5C425C412B680748984720461C
:10A44000F8BD0024F8E700BFA8020020D4060020D1
:10A45000A40200201C0300200803002070B51D4E3C
:10A460001D4C33681D4898472378590744BF23F093
:10A470000403237023789A0705D500F0C1F82378E8
:10A4800023F002032370164D14482B689847336855
:10A4900014489847637813B1134802F0A6F90023D3
:10A4A00004211148637000F0CBF82B680D489847E1
:10A4B00033680A4898472378DB0705D502F092F9FC
:10A4C000237823F0010323702B680448BDE8704013
:10A4D000184700BFA8020020D4060020080300206F
:10A4E000A40200201C030020D80600202DE9F04122
:10A4F000FFF78EFF18B100242046BDE8F081364FEB
:10A5000036483B689847044620B16FF08F04FFF748
:10A51000A5FFF1E7324D2B78D80706D402F060F999
:10A5200004462B7843F001032B702E4E2B483368E2
:10A53000984710B1002CE8D0E9E7002CE7D13B6840
:10A540002648984704460028DFD12B78990706D47F
:10A5500000F04EF804462B7843F002032B7033686A
:10A560001E4898470028E5D1002CD0D13B681B48F5
:10A5700098470028C9D13368184895F80080984753
:10A580000028C2D13B681848984704460028BCD12F
:10A590006B7843B918F0010F05D0144802F023F985
:10A5A000022304466B7033680F4898470028C1D1D6
:10A5B000002CACD13B68094898470028A5D12B78DE
:10A5C00006485A075CBF43F004032B703368984772
:10A5D000002890D099E700BFA802002008030020BF
:10A5E000D4060020A40200201C030020D80600206E
:10A5F0000122024B002083F880257047DC060020F2
:10A600002DE9F0410A4C002526464FF001080327AA
:10A610002046C4F820802777013502F0C4F8202DA9
:10A6200004F12C04F4D1002386F88035BDE8F081D4
:10A63000DC060020014B1B68184700BF8002002089
:10A6400010B50A46044619B1024B00211B68984711
:10A6500010BD00BF8402002010B50D4C206802F030
:10A6600073FA0C4A1368591C11605BB90A4A5920E5
:10A67000D2F8003443F00703C2F80034FDF74EF976
:10A6800000F02EFC2068BDE8104002F063BA00BF65
:10A690008C020020600C00200090055038B5164D4B
:10A6A000286802F051FA154B1C68013C1C60ECB99B
:10A6B0005920FDF741F90722114BC3F80823D3F8BD
:10A6C000002422F00702C3F80024C3F80041D3F8A5
:10A6D0000021C3F80441D3F804214FF00072C3F8FD
:10A6E0000841D3F80831074BC3F888212868BDE832
:10A6F000384002F02FBA00BF8C020020600C00200E
:10A700000090055000E100E070B5104D104E2B6830
:10A71000B3420DD0FFF7A0FF00F03AFD00F0CCFDF2
:10A7200040B102F06FF80446FFF7B8FF44B92E605D
:10A73000002405E000F0D4FA044618B1FFF7AEFF9C
:10A74000204670BD02F061F9EDE700BF88020020ED
:10A75000117365000022074BC3F81021C3F80C21C8
:10A76000C3F80021C3F80421C3F80821C3F8182155
:10A77000704700BF0090045008B5FFF7EBFF0123BE
:10A780000360104B0A6832B9D3F80C211AB9D3F818
:10A790000821002AF6D00B687BB90B4B99420ED0EA
:10A7A000A3F58473D3F80831002B0CBF4FF0FF30B2
:10A7B0006FF00200FFF7CEFF08BD0020FAE74FF070
:10A7C000FF30F7E7009004500891045038B5054673
:10A7D0000C4691B10021012001F081FE0848094991
:10A7E000C0F80055C0F80445FFF7C6FF0021044635
:10A7F000084601F074FE204638BD6FF00104FAE708
:10A800000090045000910450034B0449C3F8000524
:10A810000348FFF7B1BF00BF0090045004910450FB
:10A820000490045010B504460021012001F057FEA9
:10A83000064B0749C3F800450648FFF79DFF002176
:10A840000446084601F04BFE204610BD009004501F
:10A85000089104500890045038B50C4659B1074D82
:10A860000749C5F800050748FFF786FF10B9D5F876
:10A870000835236038BD6FF00100FBE700900450FD
:10A88000109104500C9004502DE9F04780460024AC
:10A890004FF010091E4E94B00DF1270525F01F054D
:10A8A00006F1200A012210211A4802F016F82B198D
:10A8B00000935246102320211548CDF8049000F053
:10A8C0004DFA0746F8B9D6E90C321034013342F19B
:10A8D0000002302CC6E90C32E4D1B8F1000F04D0EC
:10A8E00022464146284601F0EBFF2E46084C0FCE8B
:10A8F0000FC496E80F00203584E80F0095E80F009C
:10A90000103484E80F00384614B0BDE8F08700BF6B
:10A910004005002060050020F0B5194D194FAB6BC4
:10A920008DB0BB4229D0184E306802F00DF940239B
:10A9300000221946284601F0DAFF3021684601F06E
:10A94000F7FF044678B96846FFF79EFF044690B9C2
:10A95000302302461946684601F0C9FF0122002350
:10A96000C5E90C23AF63306802F0F4F8204601F02B
:10A9700049FF0DB0F0BD0E24F5E70020F9E700BF58
:10A9800040050020B4A5B4A5900200202DE9F04FA9
:10A9900099B00DF1570802F10F0982460E46144690
:10A9A00028F01F084FEA191922B1002969D0B2F521
:10A9B000005F66D8344F354D386802F0C5F8D5E9E8
:10A9C0000C3213430BD15046FFF7A6FF834630B13C
:10A9D000386802F0BFF8584619B0BDE8F08FD5E9E5
:10A9E0000C2319EB020943F10003B9F5803F73F121
:10A9F000000314D3302102A801F09AFFB8B902A8CD
:10AA0000FFF742FF83460028E2D130230246194671
:10AA100002A801F06CFF00220023C5E90C23DFF837
:10AA200070A03CB92046FFF72FFF8346D0E76FF0B8
:10AA3000920BCDE7102C4FF001024FF01001504661
:10AA4000A14628BF4FF0100901F047FF10235246DE
:10AA50002021CDE900830D4800F080F983460028CD
:10AA6000B6D14A463046414602F0FCF8D5E90C32F0
:10AA7000013342F10002C5E90C32A4EB09044E4453
:10AA8000CFE76FF0860BA6E790020020400500207C
:10AA9000600500202DE9F04F89B007460C461546A9
:10AAA0001E4601F08FFF78B97B690090C3F3013235
:10AAB00062F305108DF8000010F0300007D1B9687E
:10AAC00089070FD06FF0860009B0BDE8F08F10281D
:10AAD00008D1BDF8023023F4F87343F4A873ADF83D
:10AAE000023053E0DBB2F82B02D06FF08500EBE7C9
:10AAF00000234FF0010B984619469C46D7F808E012
:10AB0000DFF8CC9159F804AB1EEA0A0F08D00BFA13
:10AB10000CF343EA080303F07F08012341EA0A012A
:10AB20000CF1010CBCF1070FECD12BB19DF80330F7
:10AB300068F347038DF803303EEA0101D5D17B88E5
:10AB4000FF2B35D005D8802B34D0C02BCDD102239C
:10AB500006E0B3F5807F2FD0B3F5C07FC5D10623C3
:10AB60009DF8021063F306118DF8021010B91EF063
:10AB7000030FA7D13B79022B2BD01FD8012BA1D1DA
:10AB8000BDF8021063F3C811ADF80210012A39D0E4
:10AB9000032A23D0002A95D13B88B3F5105FA4D1B6
:10ABA000182E03D0202E01D0102E8BD1494F2DE02E
:10ABB0000323D5E70123D3E70423D1E7032B02D0F6
:10ABC000FF2B7FF47FAF0221BDF8023061F3C81381
:10ABD00085E7BDF8023043F4C07380E7412E0ED004
:10ABE000202E05D006D8102E02D0182E7FF46AAF82
:10ABF000394F0BE0302EFBD0612E7FF463AF01356F
:10AC0000013EF5E7302E7FF45DAF344F4FF0000882
:10AC10000F364FEA1619C14515D11F2E1CD81C221C
:10AC2000002101A802F02BF84FF0000A4FF0FF3985
:10AC3000D04518D11F2E04D9BA20FFF7F3FD002804
:10AC400035D1002040E704EB080001F067FE002842
:10AC50003AD008F10108DEE74146204601F09AFEAD
:10AC60000028DCD030E707EB0A124FEA0A130692FD
:10AC7000BAF1000F1ED1009A0792BDF802202B44B2
:10AC8000C2F3C11205920DF1040C03F1100E6246DD
:10AC900018685968083303C273459446F7D101A96F
:10ACA00004EB0A00FFF792FD38B101F08BFE6FF064
:10ACB000920009E7CDF81C90DFE71C2101A801F004
:10ACC00021FE0AF1010AB3E76FF08A00FCE600BF3B
:10ACD00004D9000000FF0720000000201094055058
:10ACE00010B590B01C22002101A801F0C8FFF82087
:10ACF00001F014FE08B3202200200DEB0201FFF743
:10AD000045FE0446F8B901A84FF4807101F038FE01
:10AD10000E4B0F4904930F4BCDE901130E4BF82155
:10AD2000069320230DEB0302FFF7B4FE2021044617
:10AD30000DEB010001F0E6FD05E0F92001F0EEFD6C
:10AD40000028D8D10446204610B010BD0010C00421
:10AD500000240001014B4E80F800FF7F2DE9F341F4
:10AD60001D464FF48073284C8046002017460E463F
:10AD7000019300F097F901AB23601123234A0121CD
:10AD8000C4E9022304F11003636040F61103E36198
:10AD900004F1200363612123089AE3621C4B46F00F
:10ADA00000561A60099A45F0005542F00052C3E976
:10ADB00001122022C4F81080A6612762A562616298
:10ADC000DA60BFF35F8F134A1460BFF35F8FBFF386
:10ADD0005F8F1361BFF35F8FBFF35F8F03235363F5
:10ADE000BFF35F8FBFF35F8F9363BFF35F8F00F09D
:10ADF00039F8431C0446FAD0002000F07DF92046C3
:10AE000002B0BDE8F08100BF740C002004000020F7
:10AE1000640C00200000015038B5BFF35F8F104C68
:10AE2000E569BFF35F8FBFF35F8F10236363BFF3E9
:10AE30005F8F012001F0A3FEBFF35F8F00236363E8
:10AE4000BFF35F8FBFF35F8FE36BBFF35F8F5B0673
:10AE5000F8D425B1BFF35F8FE561BFF35F8F38BDD5
:10AE60000000015008B500F0A7F9104A20B9BFF35F
:10AE70005F8F906ABFF35F8FBFF35F8FD36BBFF3BA
:10AE80005F8F10F0240F03F0230304D0FFF7C4FFFB
:10AE90006FF01F0008BD4FF0FF30002BFAD1BFF359
:10AEA0005F8F1063BFF35F8F1846F3E70000015018
:10AEB000BFF35F8F094A1368BFF35F8F43F480715C
:10AEC000BFF35F8F1160BFF35F8F23F48073BFF315
:10AED0005F8F1360BFF35F8F704700BF001001509A
:10AEE000BFF35F8F1522064B5A62BFF35F8FBFF32C
:10AEF0005F8F40F237129A62BFF35F8F704700BFD7
:10AF00000010015008B5FFF7D3FFBFF35F8F064A6B
:10AF10001368BFF35F8F43F00103BFF35F8F1360CC
:10AF2000BFF35F8F08BD00BF0010015070B5002651
:10AF3000C0E9006605460C46FFF78EFB01232B7027
:10AF4000FFF7B6FFBFF35F8F204BDB68BFF35F8F68
:10AF50009B08013BACB3226842B19A4205D9FFF786
:10AF60009DFB6FF03F002E7070BD1346D4E90115B4
:10AF7000E068002908BF4FF40071002808BFF120E5
:10AF80002469BFF35F8F114A9360BFF35F8FBFF3F4
:10AF90005F8F1564BFF35F8FBFF35F8F5064BFF3A4
:10AFA0005F8FBFF35F8F5163BFF35F8F44F48024E3
:10AFB00044F00104BFF35F8F1460BFF35F8F002084
:10AFC000D2E74FF40071F1202546DAE70010015076
:10AFD00070B503780D461446002B53D0BFF35F8F36
:10AFE0002D4A136BBFF35F8F5908C3F34203052B40
:10AFF0004BD011F0060F02D14FF0FF3070BD436807
:10B00000D3B9BFF35F8F5368BFF35F8F032BF3D9BF
:10B01000224B2349BFF35F8FD2F88060BFF35F8F6D
:10B02000BFF35F8F43F8046BBFF35F8F8B42F1D1A7
:10B03000FFF768FF01234360BFF35F8F164B9A68E9
:10B04000BFF35F8F0132B4EB021F21D8BFF35F8FD4
:10B050005A68BFF35F8FB4EB820FCDD884B1BFF3D2
:10B060005F8FD3F88020BFF35F8F291D05F8012B78
:10B070008D424FEA122204F1FF34EFD0002CF5D1BB
:10B080000020BBE76FF02000B8E76FF05100B5E794
:10B090006FF03F00B2E700BF0010015010100150E8
:10B0A0002010015010B50446FFF7D6FA104B18686F
:10B0B00001F04AFD0CB101232370BFF35F8F002222
:10B0C0000C4BDA61BFF35F8FBFF35F8F4FF0FF323E
:10B0D0001A63BFF35F8FBFF35F8F3422DA61BFF370
:10B0E0005F8F012203F59223C3F8042310BD00BF34
:10B0F000940200200000015010B5044638B9FFF753
:10B10000CDFABDE81040074B186801F023BD037865
:10B110003BB1FFF7C3FA034B186801F01BFD002396
:10B12000237010BD9402002038B5154CD4F800519E
:10B13000BDB1BFF35F8F134B996ABFF35F8FBFF34E
:10B140005F8F4FF0FF321A63BFF35F8F0023C4F8A5
:10B150000031D4F800310C4B1868BDE8384001F0DC
:10B160000CBDD4F8083153B100F076F801F07DFC45
:10B17000C4F80851D4F808310121044BECE738BD7C
:10B1800000900550000001509C0200209802002011
:10B1900008B5074B186801F0DFFC064B186801F092
:10B1A000DBFCBDE80840002259201146FCF7E6BB55
:10B1B0009C0200209802002038B5094B1C7864B12D
:10B1C000084B4FF0FF311D68284601F0C7FC4FF0D7
:10B1D000FF310446284601F0CEFC204638BD00BFB2
:10B1E000110D00209C02002010B5064CE36C3BB909
:10B1F000214651F84C3B986901F078FC0123E36447
:10B20000014810BDA40C0020F00C002010B504462D
:10B210000E4B186801F098FC0D4B1A6823612260F0
:10B220005A6862609A68A2600A4A12689A660023A5
:10B23000A364FFF711FA204601F008FC0028FAD1B8
:10B24000204601F008FC0028F5D110BDA002002026
:10B25000A40C002020D9000000487047A40C002056
:10B2600010B50446054A036912689A6601F031FC7C
:10B270002046BDE8104001F000BC00BF38D90000F6
:10B2800010B50446FFF7ECFF0422084BC3F808236F
:10B29000FFF704FA064A236912689A66002363647A
:10B2A000044BBDE81040186801F054BC00900550F4
:10B2B00020D90000A002002010B5104B104C2360D4
:10B2C00003F5C04363602461FFF78EFF98B1236DDF
:10B2D0002046B3F5007FCCBF4FF480634FF400737A
:10B2E000A360FFF793FF2046FFF7BAFF2046FFF762
:10B2F000C7FF002010BD0E20FCE700BF002001505A
:10B30000A40C0020244B0340B3F5806F2FD017DC32
:10B31000402B2ED008DC102B2DD0202B2DD0181E2A
:10B3200018BF012040007047B3F5807F27D0B3F5E8
:10B33000007F26D0802B08BF0B2018BF022070474B
:10B34000B3F5804F1FD00ADCB3F5805F1DD0B3F595
:10B35000005F1CD0B3F5006F08BF0620EDE7B3F522
:10B36000004F16D0B3F5803F08BF0320E5E711205A
:10B3700070470A2070470C2070470920704708204A
:10B38000704707207047142070470520704704203D
:10B3900070470F20704700BFF0FF01002DE9F04318
:10B3A0004FF0000985B00546CDF8049000F10C0778
:10B3B000EFF31188202383F31288BFF36F8F836824
:10B3C000594003EA02060A4053400E4901AACDE95A
:10B3D000023901F077F9019C3CB12046C4F888900D
:10B3E0000021246E01F019F9F6E7DDE9023223EAC3
:10B3F000020338464146AB60FEF794FC304605B088
:10B40000BDE8F08309CC00002DE9F04F43688DB012
:10B4100015468046029383789A0740F10D810024F7
:10B420000E78002E00F00A81252E0BD04B1C0393C2
:10B43000013441463046029B98470028C0F2F6800E
:10B440000399EDE74E788B1C252E0393F0D000274F
:10B45000B946BB46BBF11F0F38D8A6F12003102B0D
:10B460000AD8DFE803F02A09093009090921090986
:10B470000928092D09091F00A6F13003092B33D92A
:10B480002A2E37D11BF0400F55F8043B40F0828044
:10B49000002BA7BF4BF0200B9946C3F100094BF0DE
:10B4A000280B01E04BF0010B039B13F8016B039396
:10B4B000002ECFD130E04BF0020B4BF0040BF3E742
:10B4C0004BF0080BF0E74BF0100BEDE7BBF17F0FF3
:10B4D00019D8A6F13003092BD2D81BF0400F03D0A6
:10B4E0000A2101FB0737DFE70A214BF0200B01FBA4
:10B4F0000939D9E72E2E06D11BF0400F40F09E806F
:10B500004BF0400BD0E76C2E31D02BD8682E36D0C4
:10B510006A2E3CD04C2E3AD0002F46F02003B8BF04
:10B520002BF04002A3F16501BCBF00271FFA82FB8C
:10B53000022901D9612B2FD107350727DFF8ACA2EB
:10B5400025F0070508351BF0080F66D00AEB070B3E
:10B5500056465E4563D1A4EB0A0AA9EB070906EB40
:10B560000A026FE1742E9FD07A2E9DD0D4E71BF093
:10B57000800F18BF4BF4007B4BF0800B94E71BF45B
:10B58000807F18BF4BF4007B4BF4807B8CE74BF43F
:10B59000207B89E71F4687E7A6F16301122900F2A5
:10B5A000F080DFE811F013004F00EE00EE00EE0037
:10B5B000EE004F00EE00EE00EE00EE00EE00FE00AA
:10B5C000E900EE00EE001B00EE00AF0055F8043B72
:10B5D00001270DF1180A8DF81830B4E755F804ABBF
:10B5E000834BBAF1000F08BF9A461BF0400F50463C
:10B5F00014BF39464FF0FF3101F049FB0746A2E77F
:10B6000041462020029B984700280FDB013EB742AD
:10B61000F6D34C44B146A41B98E74E46F7E74146A3
:10B6200016F8010B029B9847002892DA98F802302E
:10B6300043F0040388F802304FF0FF3420460DB089
:10B64000BDE8F08F1BF0800F34D01BF4007F2CD0AE
:10B65000073525F00705AA4669685AF8080B2BF04C
:10B6600010050029ADB237DA404245F4806561EB40
:10B6700041010DF1180B0A235A4601F014FBA0EB0F
:10B680000B0301936B0662D5019B25F001019F42DC
:10B6900089B240F3A180002E00F0998015F01002CD
:10B6A00040F09C80BB460D4623E0AA465AF8040BA6
:10B6B000C117D4E7AA461BF4807F5AF8041B01D1B6
:10B6C0000846F5E71BF4007F19BF48B241F3C011EB
:10B6D00008B241F3C031C2E750EA0103C9D11BF0FF
:10B6E000400FC6D0002FC4D12BF01102BB460197EA
:10B6F00095B240F2064115EA01021CBF0BF1010BA5
:10B7000000222CE02BF010020A231FFA82FB1BF010
:10B71000800C49D01BF4007115BF0735AA4625F0EF
:10B7200007055AF8040B1EBFAA4669685AF8080BA9
:10B7300050EA010545D12BF016051BF0400FADB2C4
:10B7400042D0002F40D12BF01702019795B215F08F
:10B75000100248D0019B002E42D103F1010B2907B2
:10B760005AD4EB0706D5D9456FDDA9EB0B03019938
:10B77000CB465F185B4649E04BF0100B1023782650
:10B78000C5E7782B04D1C6F1780343F01003BEE778
:10B7900041462520029B98470028FFF647AF023418
:10B7A00047E608230026B2E7AA461BF480715AF840
:10B7B000040BBDD01BF400711ABFC0B2614680B249
:10B7C000B6E72BF0060295B20DF1180B54E725F001
:10B7D0001105BB46ADB28CE70D46B8E73B460D46BA
:10B7E00003F1020BBBE7DDF804B082E763DE000083
:10B7F0005CDE0000CDE9043241462020029B9847E0
:10B800000028FFF613AF049B059A01339945F1DC3C
:10B81000A4EB0B019B46CC180AB341463020029B97
:10B8200098470028FFF602AF8EB901342744391B30
:10B83000019B994224DC1D4655BB019AA9EB0B09DB
:10B84000554622441446914433E0019F92E7023466
:10B8500041463046029B98470028E7DAE6E640F288
:10B8600006410D42E2D015F0020F04F101044146F9
:10B8700014BF2B20202015F4806F18BF2D20E9E77E
:10B8800041463020029B013498470028CFDACDE6AC
:10B8900006AB013D4146585D029B98470028CBDA34
:10B8A000C4E641462020029B013498470028FFF659
:10B8B000BDAEA9EB0403002BF3DCC1E57047836840
:10B8C00000EBC101B3F5004F2CBF51F8220031F855
:10B8D0001200704700EBC1018068B0F5004F2CBF2B
:10B8E00041F8223021F812307047012208B5FFF7E5
:10B8F000E6FFD04008BD836800EBC101B3F5004FFF
:10B9000008D34B681AB143F001034B60704723F032
:10B910000103FAE74B881AB143F001034B807047EB
:10B9200023F00103FAE753000122FFF7D3BF836836
:10B93000481CB3F5004F34BF042308230833A0EBA1
:10B94000D300B0FA80F0C0F11F0070472DE9F0413C
:10B950000D4686680446FFF7C8FFB6F5004F01465E
:10B9600001D3012832D02046FFF7E1FF04EB80012C
:10B970000E6996B90122E36882401343E360022214
:10B980000D612B4629462046FFF7A4FF03222946D6
:10B990002046BDE8F041FFF79DBF02223146204618
:10B9A000FFF78DFF0746034629462046FFF792FF23
:10B9B0000322334629462046FFF78CFF39462B46A3
:10B9C0002046FFF787FF02223146E1E7BDE8F0811C
:10B9D000B2F5802F2CBF082304232DE9F041002667
:10B9E000D21A8C18CD1D25F0070524F00704641B1E
:10B9F000E408056021462846AC60EE60FFF797FF3B
:10BA0000421D9200013002F107074FEAD707314685
:10BA1000A2F1100205F11000B8BF324601F02FF973
:10BA20003A4631462846FFF77EFF334632463146D6
:10BA30002846FFF74FFFA4EB0708284631460122AE
:10BA4000FFF759FF42463946FFF76DFF3B46324646
:10BA500039462846FFF73EFF21462846FFF763FF99
:10BA60004346324621462846FFF734FF2146284602
:10BA70000122FFF740FF3946BDE8F041FFF766BFFE
:10BA8000002070470FB407B504A951F8040B0191C9
:10BA9000FBF7A8FA03B05DF804EB04B07047038B22
:10BAA00013F0070305D10368002B0CBF002003200F
:10BAB0007047022B05D1408BB0FA80F0400980001E
:10BAC0007047012B05D10368002B0CBF0020052017
:10BAD00070470020704710B50C4600B111B96FF0E7
:10BAE000150010BD081D00F093F80028F9D1A368D7
:10BAF000032BF6D9F3E72DE9F0410D460746194629
:10BB0000281D90461E4600F094F8044638B133468E
:10BB1000424629463846A446BDE8F0416047BDE8A4
:10BB2000F08110B4EFF31182202484F31288BFF364
:10BB30006F8F416110BC0121FBF786BA38B50C4606
:10BB4000054658B151B10B6843B14B6833B11C2263
:10BB5000002101F094F800202C6138BD6FF0150031
:10BB6000FBE770B505460E46FFF7B5FF041E14DB74
:10BB7000EFF31182202383F31288BFF36F8F4FF608
:10BB8000FF716B8B2C8B8B4204F0070407D182F37F
:10BB90001188BFF36F8F6FF00A04204670BD022C2E
:10BBA0000CD101336B8382F31188BFF36F8F0023B5
:10BBB000224631462846FFF79EFFEEE7062C14D8B2
:10BBC000DFE804F004131313041A040000233360A5
:10BBD0006B683BB9C5E90066ACB902212846FBF7A2
:10BBE00033FADAE71E606E60F6E782F31188BFF37E
:10BBF0006F8F6FF00404D0E782F31188BFF36F8F6B
:10BC00006FF08504C9E782F31188BFF36F8FC4E733
:10BC1000034658B1426802F00302012A03D0032A06
:10BC200004D1026812B10020986070476FF01500CF
:10BC300070474268034602F00302032A4FF00002F5
:10BC4000816014BF104600685A607047704701F069
:10BC500016B801F007B801460068FBF73FBB08B50E
:10BC6000FBF76CFBBDE80840FBF78CBB0021012013
:10BC7000FBF734BB036F83F30B8870476FF08500CD
:10BC8000704761B662B680F31188BFF36F8F70475B
:10BC900072B6002383F31188BFF36F8FBFF34F8F0A
:10BCA00030BF62B6BFF36F8F704772B6002383F365
:10BCB0001188BFF36F8FBFF34F8F20BF80F31188C0
:10BCC000BFF36F8F62B6704740E800F313F4803F14
:10BCD000D8B208BF6FF01500704730B50C684B68DC
:10BCE00085B00A894D890094013B24F01F04234448
:10BCF00002F01F0242EA451223F01F0369468DF845
:10BD000008200393FBF70AFF05B030BD38B544683F
:10BD10000569206800F002FC78B1206883681B6820
:10BD20009847002808DBD4E901321344834207D83E
:10BD3000281D00F01CFC002038BD6FF01200FBE74E
:10BD40006FF01500F8E70C220369C9B201FB02335A
:10BD5000D86D00F00700704770B5C9B20369EFF302
:10BD60001185202484F31288BFF36F8F0C2606FB05
:10BD70000134E46D14F0C00408D0A24206D085F36B
:10BD80001188BFF36F8F4FF0FF3070BD012206FBAB
:10BD90000133DA6585F31188BFF36F8F436803EBD6
:10BDA000C1035B6898470020EFE78022FFF7D4BF0C
:10BDB000F8B5069F0469C9B2EFF31186202585F313
:10BDC0001288BFF36F8F0C2505FB0144E56D05F06C
:10BDD000070CBCF1010F0CD1E76586F31188BFF3A6
:10BDE0006F8FC4E91523436853F83130984700201A
:10BDF000F8BD05F0C005AF4286F31188BFF36F8F21
:10BE00000CBF6FF077004FF0FF30F1E713B58024DF
:10BE10000094FFF7CDFF02B010BD10B41C240069E0
:10BE2000CBB203FB0400002110BC1047022000F03D
:10BE3000F9B8022000F002B91046FDF76DBD00F020
:10BE400012B9FCF7B9BD436800205B68DB680B6082
:10BE50007047436802EA01005B6821EA020158600A
:10BE6000002099607047436800205B685960704704
:10BE7000436800205B689960704743685A6813689C
:10BE800021EA03000B40506000209360704710B51A
:10BE900003695868F8B1884219D19C680868A142C2
:10BEA000586000D19860002008602AB15A680A6082
:10BEB0009A68596002B99960002010E0814206D169
:10BEC0000868206098688142EDD19C60EBE70446E9
:10BED00000680028F2D1002AE8D16FF0150010BDEB
:10BEE000FDF73CB84368586870474FF0FF324FF099
:10BEF000FF33FDF749BCFDF7BFBC2DE9F0411F46FC
:10BF00000E4615460446D0F804800069FFF7EDFFA1
:10BF1000D8F800103A463144284600F0A3FE2069C4
:10BF2000FFF7E9FF0020BDE8F0812DE9F0411F4651
:10BF30000D4616460446D0F804800069FFF7D5FF89
:10BF4000D8F800003A463146284400F08BFE2069BC
:10BF5000FFF7D1FF0020BDE8F08138B50446456801
:10BF60000069FFF7C2FF00216A68286800F087FEB9
:10BF70002069FFF7C0FF002038BD08B5006900F058
:10BF8000F6FA002008BD08B50220FCF73FF90020B2
:10BF900008BD08B5FEF7AAFA48B1002383F311885B
:10BFA000BFF36F8F0423184602DF6FF0040008BD53
:10BFB00003460020184700F095BA024610B51168F4
:10BFC00091B1B1FA81F3C3F11F000123834021EA4B
:10BFD0000303D2E8EF4F8C4204D1C2E8EC3FBCF13E
:10BFE000000FF6D1EBD110BD6FF00B00FBE710B5E1
:10BFF0000368CB40DB0710D401238B40026843EA7F
:10C000000201D0E8EF4F944204D1C0E8EC1FBCF12C
:10C01000000FF6D1F2D1002010BD6FF01500FBE744
:10C02000FCF756BC012804D0022804D028B9FCF73C
:10C03000C3BCFCF773BDFCF709BE7047012804D0F0
:10C04000022804D028B900F00EB800F00EB800F0B5
:10C050000EB8704708B5FCF797FDFCF7EDFCBDE89E
:10C060000840FCF711BEFCF77BBCFCF71DBDFCF7DC
:10C07000C5BDF7B51646DDE90847019001A81D4684
:10C08000FCF71AFE019BB6F1000C18BF4FF0010C33
:10C0900000EB83000B1E18BF0123002D43EA4C0365
:10C0A00014BF4FF00C0C4FF0000C002C43EA0C03B3
:10C0B00014BF4FF4706C4FF0000C002F43EA0C03D8
:10C0C00014BF4FF4403C4FF0000CD0F8802043EAFE
:10C0D0000C0322EA030301B109780EB13678760029
:10C0E00019430DB12D78AD0031430CB124782402F1
:10C0F00029430FB13F783F040C433C43C0F88040D4
:10C1000003B0F0BD1FB50DF10F03019300238DF8AF
:10C110000F101A4619460093FFF7ABFF05B05DF804
:10C1200004FB10B504460846FCF7D6FD04EB4004BA
:10C13000A08AC0F3401010BD10B504460846FCF7B5
:10C14000CBFD04EB4004A08AC0F3400010BD10B545
:10C1500004460846FCF7C0FD04EB4004A08A400BEF
:10C1600010BD70B5044608461646FCF7B5FD08300C
:10C1700034F810300D46DA0509D5C3F3432304EB38
:10C18000C3023146284654F8333052689847A368B2
:10C190002BB131462846E268BDE87040184770BDB3
:10C1A00010B504460846FCF797FD00B204EB4000CA
:10C1B000838ADA051DD5C3F3432123F4F853838220
:10C1C00004F1120204F1960032F8023F13F4807F6A
:10C1D00003D0C3F3432399420BD08242F4D100220F
:10C1E00004EBC1035A6004F19C00BDE81040FFF766
:10C1F000FEBE10BDF0B5044600200127054684466A
:10C2000095420AD1D4F8443133B10023C4F8443103
:10C21000D4F8443140F40030F0BDEBB29B0003F59C
:10C2200080769B0807FA03F3194208D054F806E019
:10C23000BEF1000F03D044F806C0A65918430135DB
:10C24000DEE738B504460D46FFF76BFFB0B1204678
:10C25000FFF772FF90B92046FFF779FF01232268AC
:10C260008340C2F81833236800B203EB8003D3F88D
:10C27000102522F00302C3F8102538BD2846BDE87A
:10C2800038400021FFF73EBF2DE9F0431746044632
:10C2900085B00846FCF720FDD7F800800E4605461D
:10C2A000B8F1000F1FD02046FFF746FF18B1204617
:10C2B000FFF737FF30BB00230DF10F02CDE900334C
:10C2C0008DF80E308DF80F30304643460DF10E01DB
:10C2D000FFF7CFFE2AB204EB4202938A23F0020357
:10C2E00043F0010393827B68002B34D03146204613
:10C2F00093F80080D3F80490FFF71EFF28B1B9F13E
:10C30000000F1FD06FF0150028E028B204EB4000AA
:10C31000838A23F4604323F020038382B9F1000F62
:10C3200010D0B8F1030FEDD87B6821685B6893F8F3
:10C3300000C001EB8C01B8F1000F12D1C1F81085DB
:10C34000C1F810852AB204EB4202938A23F01C0341
:10C3500043EA88039382BB6853BB002005B0BDE865
:10C36000F083D1F8102522F00302C1F810252268CD
:10C3700002EB8C03D3F8102522F4473222F47C72AE
:10C38000C3F8102541F6F072D3F8101502EA061230
:10C3900042EA08420A43C3F8102504EB4C03A3F811
:10C3A000A060838A43EA4C3343F020038382C9E7C9
:10C3B0003146D3E900782046FFF7F2FE002FCCD0BB
:10C3C00063689F4206D004F19C00FFF7F6FD002849
:10C3D00004DAC3E7A3689845F5D1002004EBC00355
:10C3E000C3E901782DB204EB4505AB8AC0B243EA3C
:10C3F000402343F48073AB82AFE7C0E90312704778
:10C4000070B504461546FFF78CFE48B10846FCF7A8
:10C4100063FC04EB40040020A38A5B0B2B7070BD0F
:10C420006FF01500FBE790F8B000003818BF01204E
:10C430007047FCF789BC2DE9F34104461746FFF726
:10C4400070FE0D46266800B32046FFF775FE804655
:10C45000D8B92046FFF77BFE05B2AD0005F5807226
:10C4600046F802802168B2582944D1F8102542F0DC
:10C470000102C1F810252FB10122216802FA00F350
:10C48000C1F8143302B0BDE8F081D6F81433284661
:10C490009B035CBF4FF40033C6F81433FCF71CFC5D
:10C4A00004EB4004A38AC3F38203042B11D0052BB1
:10C4B00011D001A80195FCF7FFFB019BC168D94091
:10C4C00001F001010231284602B0BDE8F041FFF75A
:10C4D00019BE0321F7E70221F5E7FFF7B2BEC9B2A3
:10C4E000FDF71CB808B1FBF761BD704710B5436993
:10C4F00004463BB90020E2684042537843F0010310
:10C50000537010BD98470028F4D00028B8BF4042AF
:10C51000FF28A8BFFF20E3681870ECE740B1C368AC
:10C52000587810F001001EBF1878B0FA80F040096A
:10C530007047EFF31183202383F31288BFF36F8FCB
:10C54000FEE708B5FFF7F5FF202408B5EFF31183E8
:10C5500084F31288BFF36F8FFFF79AFBF6E790F929
:10C560000E308B4201D0FDF76BBB002070470346B5
:10C570000020C3E90033C3E902007047EFF30580F0
:10C58000003818BF01207047D0E9003213605A60AC
:10C590000023C0E90033704708B5FFF7F5FF437B80
:10C5A00023F0020343730023836008BD38B50446BB
:10C5B0000D46FDF7B3FA637B43F002036373E5B105
:10C5C000A5602B689D4209D16B68C4E900531C60CB
:10C5D0006C6012E06A689A42F6D01B68002BF3D0B8
:10C5E00094F90E2093F90E108A42F3D09142F1DDB6
:10C5F0005A68C4E9003214605C6038BD10B5EFF3CE
:10C600001184202383F31288BFF36F8FFDF744FA60
:10C6100084F31188BFF36F8F10BD38B5EFF3118429
:10C62000202383F31288BFF36F8F002390F86C50A0
:10C63000427B80F86C302DB121B184F31188BFF3B7
:10C640006F8F38BD12F0280FF7D183680BB1FFF759
:10C65000A3FF437B23F004034373FDF71DFAECE7CC
:10C6600001211838FFF7D9BF70B505460E46FDF712
:10C6700013FCB6F1FF3F08BFB5F1FF3F0446284663
:10C6800012D04FF47A7547F61120002147F6122296
:10C690000023C4FB0501FAF717FBB0F1004F71F15D
:10C6A000000128BF6FF0004070BD08B5C3171F30F0
:10C6B00043F10003400940EAC360C117FDF7ECFBFA
:10C6C000400108BD2DE9F04105460E461746EFF33F
:10C6D0001188202383F31288BFF36F8F0468A04270
:10C6E0000FD1002088F31188BFF36F8FBDE8F08170
:10C6F00039462046B0470028F4D16B68A342F0D0F9
:10C700002468002CF4D1ECE708B50246FDF74CFD97
:10C7100070B1D0E904319B1A61EBE272B3F1004FC2
:10C7200072F1000104DA002AACBF1846002008BDEF
:10C730006FF00040FBE7024638B5EFF31185202388
:10C7400083F31288BFF36F8F0368CBB1FDF72CFD25
:10C7500004461046FDF73AFD00224FF000438442A4
:10C76000C0E9042306D1FDF727FDFFF7CDFF002127
:10C77000FBF7D0FF002085F31188BFF36F8F38BD22
:10C780006FF01500F7E708B5FDF72AFE08BD704702
:10C7900010B50446406A10B1A16A00F029F80020E3
:10C7A000C4E9090010BD38B50546FFF7F1FF2B7F3E
:10C7B0000446012B0ED0023B012B0ED82B6A012B15
:10C7C00018BF6FF096042C220021284600F057FA7B
:10C7D000204638BD2B6A002BF2E76FF09604F2E793
:10C7E000FDF792BF704700207047002070477047E8
:10C7F00010B5044608B1FDF723FF2046BDE8104000
:10C80000FDF718BF0A2840DCC31C22DA10F1400FE4
:10C8100047D010F13F0F2BDA10F1410F44D010F147
:10C82000550F44D010F1490F08BF6FF0840018BFB6
:10C830006FF08600704709282AD8DFE800F0052944
:10C84000290816293829292F6FF0980070470020F1
:10C850007047C31C0D2B1BD8DFE803F0072F1A1CF1
:10C860001A1A1A1A1A1A1D1A1A1D6FF08500704723
:10C8700010F1210F1ED00BDB10F1200F1DD010F195
:10C88000100F08BF6FF09400D1E764380928D2D99F
:10C890006FF0860070476FF0940070476FF08C0067
:10C8A00070476FF0840070476FF0890070476FF039
:10C8B000930070476FF0880070476FF092007047E8
:10C8C00010B501380A44914200D110BD10F8013F63
:10C8D00011F8014B63400370F5E70144814200D138
:10C8E000704711F8013D1A440A70120AF6E710B5B4
:10C8F0008B4294BFC4184418A04200D110BD00F868
:10C90000012BF9E700231A4682B001908B4201D136
:10C9100002B070470198C2540133F7E707B501A987
:10C92000FDF79AFF003818BF012003B05DF804FB43
:10C93000F7B506460D46202D2F46A8BF202700211B
:10C940006846FEF7F3FA044670B93A46314668463F
:10C95000FEF73EFB10F1520F044608D0431CF4D002
:10C96000684600F069F834B1204603B0F0BD68466F
:10C9700000F062F8E3E7EC1B3E44F5D02546DAE729
:10C98000CA0448BF41F480618B0448BF41F4006190
:10C990008160704730B589B0054618220C4601A861
:10C9A000002100F06CF9012344EA052401A9BA2012
:10C9B00007940593FDF70AFF002818BF6FF0920057
:10C9C00009B030BDF7B5BA2001A9FDF745FF04460F
:10C9D00010B1002003B0F0BD019D2F0AEDB2AC42B2
:10C9E00005D1BA20FDF71EFF0028F2D008E0E619B5
:10C9F0003046FDF717FF30B13046FFF78FFF10B913
:10CA00006FF09200E6E70134E9E708B5F820FFF798
:10CA100085FF18B9F920FFF781FF10B16FF0920080
:10CA200008BDF820FDF7F0FE0028F7D1F920FDF74A
:10CA3000EBFE0028F4D0F1E710B5037804461BB1F3
:10CA4000FDF72CFE00232370002010BD0368D8687A
:10CA5000C0F300407047036803F580535B6A13F42A
:10CA6000A02F14BF012000207047022203689A60A3
:10CA700070470368D868FEF745BC024608B51368DE
:10CA800003F580535B68C62B09D01046FFF7DEFF25
:10CA90000028F4D11046BDE80840FFF7EABF6FF068
:10CAA000010008BD03685A5070470369986E7047CB
:10CAB00010B50446FFF7F9FFC2684AB142F42022DC
:10CAC0002046BDE81040002142F40062FFF7EABFB3
:10CAD00010BD10B50446FFF7EBFFBFF35F8F0322D5
:10CAE0002046BDE810400821FFF7DCBFC0F30B0370
:10CAF000482B4B6028BF482310F4003F8B6008BFD1
:10CB00000023CB6010F4803308BFC1E9013300F487
:10CB10007003B3F5700F14BF00238B6800284FF02B
:10CB2000010C4FF008028B60B8BF0023C1E905C2B9
:10CB3000B8BFC1E905337047FCF79EBE4FF0FF3226
:10CB40004FF0FF33FCF720BE4FF0FF324FF0FF33C2
:10CB5000FCF71ABEFCF790BE00F074B807B54FF0B2
:10CB6000FF334FF0FF32CDE90023002200F077F8C9
:10CB700003B05DF804FB00F06EB800F068B8FFF792
:10CB800094BD2DE9F3470446DDE90A9815460E46A3
:10CB900059B302F0010AFDF7DFF90746EFF31181FF
:10CBA000202383F31288BFF36F8FA80744BF0023AD
:10CBB000A360A36803EA0600BAF1000F0CD0864216
:10CBC0000CD16A0744BF8343A36081F31188BFF38C
:10CBD0006F8F02B0BDE8F0870028F2D159EA080350
:10CBE00005D181F31188BFF36F8F0020F1E7C7E90A
:10CBF00019652246CDE9009804F10C00FCF7FEFF10
:10CC00000028F2D1786EE4E710B54B68D0E91942FC
:10CC100012F0010F03EA040301D09C4210D17BB152
:10CC20004366520744BF8A681A430B6848BF8A604C
:10CC300003660123086080F86C301830FFF77BFD35
:10CC4000002010BD0023C0E90000836070474FF052
:10CC5000FF32FEF7A3BB0A460021FEF79FBB52003E
:10CC6000FFF78FBF0A44431E914200D1704710B5B1
:10CC700011F8014B914203F8014FF9D110BD024464
:10CC80000346934200D1704703F8011BF9E70246BF
:10CC9000014410B58A42134603D01C780132002C9F
:10CCA000F8D1181A10BDF0B5C3F13707044603F0E8
:10CCB0001F031046FFB2082BE6B232D0102B3DD036
:10CCC0006508A40845EAC17544EA81748A082D19EB
:10CCD00042EB5102290941EA02716D1842EB12122E
:10CCE000290A41EA02616D1842EB1222290C41EA3D
:10CCF00002416D1842EB1242AD1842F10002EC08FD
:10CD000044EA4274D10804EB8402A6EB4205EDB27A
:10CD1000092D0CD90134A5F10A0541F10001EDB24C
:10CD200012E0E40806F0070544EA4174C90830350A
:10CD300054EA010200F8015BBDD1F0BD240906F000
:10CD40000F0544EA01740909092D84BFED19EDB2FC
:10CD5000EDE70000014800687047000080050020F2
:10CD60009C9FFF7F01000000057F00000000000085
:10CD7000658600000000000000000000C8CD000033
:10CD80000000000000CE000000000000E4CD000024
:10CD9000000000001CCE000087BF00000000000063
:10CDA000E17E0000000000000000000038CE00001E
:10CDB00093BF0000000000000000000054CE0000FF
:10CDC000717200000000000006DE000060D8000064
:10CDD000B4D70000AE020020D0050020558000002E
:10CDE0000000000013DE000088D8000080D700009B
:10CDF000B00200204C060020D58400000000000096
:10CE00001FDE00009CD8000080D70000B202002086
:10CE100058060020D5840000000000002ADE000033
:10CE2000B0D8000080D70000B402002064060020C3
:10CE3000D58400000000000035DE0000C4D80000EA
:10CE4000A4D70000B6020020700600207BBF0000BF
:10CE500000000000FADD00003CD8000000000000E7
:10CE6000AC020020A40500200DBD00000000000061
:10CE7000000000006DBC0000000000006DBC000060
:10CE8000000000006DBC0000000000006DBC000050
:10CE9000000000006DBC0000000000006DBC000040
:10CEA000000000006DBC0000000000006DBC000030
:10CEB000000000006DBC0000000000006DBC000020
:10CEC000000000006DBC0000000000006DBC000010
:10CED000000000006DBC0000000000006DBC000000
:10CEE000000000006DBC0000000000006DBC0000F0
:10CEF000000000006DBC0000000000006DBC0000E0
:10CF0000000000006DBC0000000000006DBC0000CF
:10CF1000000000006DBC0000000000006DBC0000BF
:10CF2000000000006DBC0000000000006DBC0000AF
:10CF3000000000006DBC0000000000006DBC00009F
:10CF4000000000006DBC0000000000006DBC00008F
:10CF5000000000006DBC0000000000006DBC00007F
:10CF6000000000006DBC0000000000006DBC00006F
:10CF7000000000006DBC0000000000006DBC00005F
:10CF8000000000006DBC0000000000006DBC00004F
:10CF9000000000006DBC0000000000006DBC00003F
:10CFA000000000006DBC0000000000006DBC00002F
:10CFB000000000006DBC0000000000006DBC00001F
:10CFC000000000006DBC0000000000006DBC00000F
:10CFD000000000006DBC0000000000006DBC0000FF
:10CFE000000000006DBC0000000000006DBC0000EF
:10CFF000000000006DBC0000000000006DBC0000DF
:10D00000000000006DBC0000000000006DBC0000CE
:10D01000000000006DBC0000000000006DBC0000BE
:10D02000000000006DBC0000000000006DBC0000AE
:10D03000000000006DBC0000000000006DBC00009E
:10D04000000000006DBC0000000000006DBC00008E
:10D05000000000006DBC0000000000006DBC00007E
:10D06000000000006DBC0000000000006DBC00006E
:10D07000000000006DBC0000000000006DBC00005E
:10D08000000000006DBC0000000000006DBC00004E
:10D09000000000006DBC0000000000006DBC00003E
:10D0A000000000006DBC0000000000006DBC00002E
:10D0B000000000006DBC0000000000006DBC00001E
:10D0C000000000006DBC0000000000006DBC00000E
:10D0D000000000006DBC0000000000006DBC0000FE
:10D0E000000000006DBC0000000000006DBC0000EE
:10D0F000000000006DBC0000000000006DBC0000DE
:10D10000000000006DBC0000000000006DBC0000CD
:10D11000000000006DBC0000000000006DBC0000BD
:10D12000000000006DBC0000000000006DBC0000AD
:10D13000000000006DBC00000000000029B10000EC
:10D14000000000006DBC0000000000006DBC00008D
:10D15000000000006DBC0000000000006DBC00007D
:10D16000000000006DBC0000000000006DBC00006D
:10D17000000000006DBC0000000000006DBC00005D
:10D18000000000006DBC0000000000006DBC00004D
:10D19000000000006DBC0000000000006DBC00003D
:10D1A000000000006DBC0000000000006DBC00002D
:10D1B000000000006DBC0000000000006DBC00001D
:10D1C000000000006DBC0000000000006DBC00000D
:10D1D000000000006DBC0000000000006DBC0000FD
:10D1E000000000006DBC0000000000006DBC0000ED
:10D1F000000000006DBC0000000000006DBC0000DD
:10D20000000000006DBC0000000000006DBC0000CC
:10D21000000000006DBC0000000000006DBC0000BC
:10D22000000000006DBC0000000000006DBC0000AC
:10D23000000000006DBC0000000000006DBC00009C
:10D24000000000006DBC0000000000006DBC00008C
:10D25000000000006DBC0000000000006DBC00007C
:10D26000000000006DBC0000000000006DBC00006C
:10D27000000000006DBC0000000000006DBC00005C
:10D28000000000006DBC0000000000006DBC00004C
:10D29000000000006DBC0000000000006DBC00003C
:10D2A000000000006DBC0000000000006DBC00002C
:10D2B000000000006DBC0000000000006DBC00001C
:10D2C000000000006DBC0000000000006DBC00000C
:10D2D000000000006DBC0000000000006DBC0000FC
:10D2E000000000006DBC0000000000006DBC0000EC
:10D2F000000000006DBC0000000000006DBC0000DC
:10D30000000000006DBC0000000000006DBC0000CB
:10D31000000000006DBC0000000000006DBC0000BB
:10D32000000000006DBC0000000000006DBC0000AB
:10D33000000000006DBC0000000000006DBC00009B
:10D34000000000006DBC0000000000006DBC00008B
:10D35000000000006DBC0000000000006DBC00007B
:10D36000000000006DBC0000000000006DBC00006B
:10D37000000000006DBC0000000000006DBC00005B
:10D38000000000006DBC0000000000006DBC00004B
:10D39000000000006DBC0000000000006DBC00003B
:10D3A000000000006DBC0000000000006DBC00002B
:10D3B000000000006DBC0000000000006DBC00001B
:10D3C000000000006DBC0000000000006DBC00000B
:10D3D000000000006DBC0000000000006DBC0000FB
:10D3E000000000006DBC0000000000006DBC0000EB
:10D3F000000000006DBC0000000000006DBC0000DB
:10D40000000000006DBC0000000000006DBC0000CA
:10D41000000000006DBC0000000000006DBC0000BA
:10D42000000000006DBC0000000000006DBC0000AA
:10D43000000000006DBC0000000000006DBC00009A
:10D44000000000006DBC0000000000006DBC00008A
:10D45000000000006DBC0000000000006DBC00007A
:10D46000000000006DBC0000000000006DBC00006A
:10D47000000000006DBC0000000000006DBC00005A
:10D48000000000006DBC0000000000006DBC00004A
:10D49000000000006DBC0000000000006DBC00003A
:10D4A000000000006DBC0000000000006DBC00002A
:10D4B000000000006DBC0000000000006DBC00001A
:10D4C000000000006DBC0000000000006DBC00000A
:10D4D000000000006DBC0000000000006DBC0000FA
:10D4E000000000006DBC0000000000006DBC0000EA
:10D4F000000000006DBC0000000000006DBC0000DA
:10D50000000000006DBC0000000000006DBC0000C9
:10D51000000000006DBC0000000000006DBC0000B9
:10D52000000000006DBC0000000000006DBC0000A9
:10D53000000000006DBC0000000000006DBC000099
:10D54000000000006DBC0000A8010020E1BE00004A
:10D55000000000006DBC0000000000006DBC000079
:10D56000000000006DBC0000000000006DBC000069
:10D57000000000006DBC0000000000006DBC000059
:10D58000000000006DBC0000000000006DBC000049
:10D590006D940000B1BF0000000000006DBC0000F1
:10D5A000000000006DBC0000000000006DBC000029
:10D5B000000000006DBC0000000000006DBC000019
:10D5C000000000006DBC0000000000006DBC000009
:10D5D000000000006DBC0000000000006DBC0000F9
:10D5E000000000006DBC0000000000006DBC0000E9
:10D5F000000000006DBC0000000000006DBC0000D9
:10D60000000000006DBC0000000000006DBC0000C8
:10D61000000000006DBC0000000000006DBC0000B8
:10D62000000000006DBC0000000000006DBC0000A8
:10D63000000000006DBC0000000000006DBC000098
:10D64000000000006DBC0000000000006DBC000088
:10D65000000000006DBC0000000000006DBC000078
:10D66000000000006DBC0000000000006DBC000068
:10D67000000000006DBC0000000000006DBC000058
:10D68000000000006DBC0000000000006DBC000048
:10D69000000000006DBC0000000000006DBC000038
:10D6A000000000006DBC0000000000006DBC000028
:10D6B000000000006DBC0000000000006DBC000018
:10D6C000000000006DBC0000000000006DBC000008
:10D6D000000000006DBC0000F4000020E1BE00006E
:10D6E00055C00000B1BF0000000000006DBC00008C
:10D6F000000000006DBC0000000000006DBC0000D8
:10D70000000000006DBC0000000000006DBC0000C7
:10D71000000000006DBC0000000000006DBC0000B7
:10D72000000000006DBC0000000000006DBC0000A7
:10D73000000000006DBC0000000000006DBC000097
:10D74000000000006DBC0000000000006DBC000087
:10D75000000000006DBC0000000000006DBC000077
:10D76000000000006DBC0000000000006DBC000067
:10D77000000000006DBC0000000000006DBC000057
:10D780000183000047BE000053BE000067BE0000DA
:10D7900071BE00007BBE00001D8500008FBE000032
:10D7A00000000000E5BE0000FBBE00002BBF000033
:10D7B0005BBF0000B9800000ABBD00000DBE0000E3
:10D7C0000000000047BD0000000000000000000055
:10D7D00000A0105000820D500004055000860D502E
:10D7E000050000000400000001000000000000002F
:10D7F0000338FDD870470000000000000000000062
:10D800000338FDD8704700006000002000000000D1
:10D8100006000100020000001CD80000000000000B
:10D82000EBDD000006000000E04F1E0000000020BD
:10D83000F3DD000021000000E0FB072038CE0000EF
:10D8400000000000010000000000000000000000D7
:10D850000000000011800000E17F000000000000D7
:10D860006D810000ED80000043BE00003FBE00005F
:10D870002DBE000033BE000000A0105000820D50ED
:10D880000004055000860D50FF03000000A010505A
:10D89000F40000200000000000000000FFFFFFFF78
:10D8A00000820D50A80100200000000001000000CF
:10D8B000FF07000000040550000000000000000009
:10D8C0000200000000E510500100000000A0105010
:10D8D00000820D500004055000860D500800000025
:10D8E0000A000000040000000100000068CD0000F4
:10D8F00078CD000098CD0000A0CD0000C0CD000084
:10D90000C8CD000000010100000202000014000068
:10D91000002800000040000001000000020000009C
:10D9200024D90000000000000000000000000000FA
:10D9300000000000000000003CD900000F000000C3
:10D9400000000000000000000600000000000000D1
:10D950002A2A2A20426F6F74696E67206E52462011
:10D96000436F6E6E6563742053444B2076332E33C1
:10D970002E302D626131363764396633646234206B
:10D980002A2A2A0A002A2A2A205573696E67205AF1
:10D990006570687972204F532076342E332E3939D2
:10D9A0002D666439323034613032643532202A2AAF
:10D9B0002A0A0072302F61313A2020307825303821
:10D9C00078202072312F61323A202030782530388B
:10D9D00078202072322F61333A2020307825303879
:10D9E000780A0072332F61343A202030782530389D
:10D9F00078207231322F69703A2020307825303803
:10DA000078207231342F6C723A20203078253038EB
:10DA1000780A0020787073723A20203078253038E8
:10DA2000780A004661756C74696E6720696E73745C
:10DA300072756374696F6E206164647265737320BC
:10DA4000287231352F7063293A20307825303878A4
:10DA50000A00556E68616E646C6564204952516EAF
:10DA60003A2025640A002A2A2A2A2A2055534147A7
:10DA700045204641554C54202A2A2A2A2A0A0020A9
:10DA8000204469766973696F6E206279207A6572C5
:10DA90006F0A002020556E616C69676E6564206DA9
:10DAA000656D6F7279206163636573730A0020206E
:10DAB000537461636B206F766572666C6F77202894
:10DAC000636F6E746578742061726561206E6F7427
:10DAD0002076616C6964290A0020204E6F20636FF4
:10DAE00070726F636573736F7220696E7374727591
:10DAF0006374696F6E730A002020496C6C656761FE
:10DB00006C206C6F6164206F66204558435F5245FE
:10DB10005455524E20696E746F2050430A002020E5
:10DB2000496C6C6567616C20757365206F66207445
:10DB3000686520455053520A002020417474656D79
:10DB4000707420746F206578656375746520756ED8
:10DB5000646566696E656420696E7374727563745A
:10DB6000696F6E0A002A2A2A2A2A20425553204623
:10DB700041554C54202A2A2A2A2A0A00202053746C
:10DB800061636B696E67206572726F720A00202094
:10DB9000556E737461636B696E67206572726F7224
:10DBA0000A002020507265636973652064617461A6
:10DBB00020627573206572726F720A0020204246DF
:10DBC000415220416464726573733A20307825783D
:10DBD0000A002020496D7072656369736520646175
:10DBE000746120627573206572726F720A00202062
:10DBF000496E737472756374696F6E2062757320F9
:10DC00006572726F720A002020466C6F6174696ED3
:10DC1000672D706F696E74206C617A7920737461FE
:10DC2000746520707265736572766174696F6E20B9
:10DC30006572726F720A002A2A2A2A2A204D5055CC
:10DC4000204641554C54202A2A2A2A2A0A002020FC
:10DC5000537461636B696E67206572726F722028FE
:10DC6000636F6E746578742061726561206D696799
:10DC70006874206265206E6F742076616C69642917
:10DC80000A0020204461746120416363657373203E
:10DC900056696F6C6174696F6E0A0020204D4D46A5
:10DCA000415220416464726573733A20307825785C
:10DCB0000A002020496E737472756374696F6E2058
:10DCC0004163636573732056696F6C6174696F6E2D
:10DCD0000A005265736572766564204578636570E5
:10DCE00074696F6E20280053707572696F757320A8
:10DCF000696E7465727275707420284952512000E3
:10DD0000535053454C20696E2074687265616420DD
:10DD10006D6F646520646F6573206E6F7420696E2B
:10DD2000646963617465205053500A002A2A2A2AC4
:10DD30002A2048415244204641554C54202A2A2A40
:10DD40002A2A0A002020427573206661756C7420AF
:10DD50006F6E20766563746F72207461626C6520EB
:10DD6000726561640A0020204465627567206576EB
:10DD7000656E740A0020204661756C7420657363BB
:10DD8000616C6174696F6E20287365652062656CD3
:10DD90006F77290A00415243485F45584345505424
:10DDA000207769746820726561736F6E2025780A28
:10DDB0000A002A2A2A2A2A204465627567206D6F84
:10DDC0006E69746F7220657863657074696F6E2018
:10DDD0002A2A2A2A2A0A002A2A2A2A2A20257320BD
:10DDE000256429202A2A2A2A2A0A00464C41534817
:10DDF0005F30005352414D5F3000626F6F745F6D52
:10DE00006F6465403000636C6F636B403130653028
:10DE10003030006770696F403130613030300067FA
:10DE200070696F406438323030006770696F403518
:10DE30003034303000677072656772657431403518
:10DE4000303000000A2A35424242424242424242B7
:10DE5000424242000102036D61696E00286E756CDA
:10DE60006C29002A666C6F61742A000000000000B3
:10DE7000670000000000000000000000000000003B
:10DE80000000000000000000000000000000000092
:10DE90000000000000000000000000000000000082
:10DEA0000000000000000000000000000000000072
:10DEB0000000000000000000000000000000000062
:10DEC0000000000000000000000000000000000052
:10DED0000000000000000000000000000000000042
:10DEE0000000000000000000000000000000000032
:10DEF00000000000000000000000000081BA0000E7
:10DF000000C01050000000000000000000000000F1
:10DF10000000000000000000000000000000000001
:10DF200000000000000000000000000000000000F1
:10DF300000000000000000000000000000000000E1
:10DF400000000000000000000000000000000000D1
:10DF500000000000000000000000000000000000C1
:10DF600000000000000000000000000000000000B1
:10DF700000000000000000000000000000000000A1
:10DF80000000000000000000000000000000000091
:10DF90000000000000000000000000000000000081
:10DFA0000000000000000000000000000000000071
:10DFB0000001000000A00D50000000000000000063
:10DFC0000000000000000000000000000000000051
:10DFD0000000000000000000000000000000000041
:10DFE0000000000000000000000000000000000031
:10DFF0000000000000000000000000000000000021
:10E000000000000000000000000000000000000010
:10E010000000000000000000000000000000000000
:10E0200000000000000000000000000000000000F0
:10E0300000000000000000000000000000000000E0
:10E0400000000000000000000000000000000000D0
:10E0500000000000000000000000000000000000C0
:10E060000000000000000000218600000000000009
:10E07000FF0000000090D003FF0000000F00000030
:10E08000710200007802002078020020EFC7000033
:10E090007FCC000067742000B8020020F40200204A
:10E0A000E00200203C03002030030020CC020020CE
:10E0B00039CB00003DCB0000000000000000000054
:10E0C00000000000B8020020B8020020000000009C
:10E0D000000000000E000000CC020020CC02002056
:10E0E00000000000000000000E000000E002002020
:10E0F000E002002000000000000000000E00000010
:10E10000F4020020F40200200000000000000000E3
:10E110000E0000000803002008030020000000009B
:10E12000000000000E0000001C0300201C03002063
:10E1300000000000000000000E000000300300207E
:10E1400030030020000000003C0300203C030020BE
:10E150000000000015E015E00769D500120040003E
:10E160000207EEC40965780DA02D6DEFCA9F627994
:10E1700053E4E813CE29C1AC819CDAC078F236575B
:10E180004768B7135C653B44067F352B9163FBB64C
:10E19000BAAED6AE3DB668EB9516FF92217A2B2B20
:10E1A000250001000101004000E3E129B49F12189D
:10E1B000E18E4614ACB2523389C75852EBB98B4D3D
:10E1C0002C6171A2FC65706BA3D1DDF85F52E7147E
:10E1D00050C3E572E624695FAFD41CE4D9354D6CB9
:10E1E0002B19F7D6001A6AE8B02400400030A5FACF
:10E1F000B2AE3D09319A3E0D643EF9625C4635038C
:10E2000067330DB71065ED81EB4B7D718E65E0488E
:10E21000063CB955EC816661016A81972BDD862346
:0DE22000109C940B00CE67942E61764F0386
:02000004001CDE
:104000003DB8F396000000000008000024E6000020
:1040100000000000000000000000000000000000A0
:104020000000000000000000000000000000000090
:104030000000000000000000000000000000000080
:104040000000000000000000000000000000000070
:104050000000000000000000000000000000000060
:104060000000000000000000000000000000000050
:104070000000000000000000000000000000000040
:104080000000000000000000000000000000000030
:104090000000000000000000000000000000000020
:1040A0000000000000000000000000000000000010
:1040B0000000000000000000000000000000000000
:1040C00000000000000000000000000000000000F0
:1040D00000000000000000000000000000000000E0
:1040E00000000000000000000000000000000000D0
:1040F00000000000000000000000000000000000C0
:1041000000000000000000000000000000000000AF
:10411000000000000000000000000000000000009F
:10412000000000000000000000000000000000008F
:10413000000000000000000000000000000000007F
:10414000000000000000000000000000000000006F
:10415000000000000000000000000000000000005F
:10416000000000000000000000000000000000004F
:10417000000000000000000000000000000000003F
:10418000000000000000000000000000000000002F
:10419000000000000000000000000000000000001F
:1041A000000000000000000000000000000000000F
:1041B00000000000000000000000000000000000FF
:1041C00000000000000000000000000000000000EF
:1041D00000000000000000000000000000000000DF
:1041E00000000000000000000000000000000000CF
:1041F00000000000000000000000000000000000BF
:1042000000000000000000000000000000000000AE
:10421000000000000000000000000000000000009E
:10422000000000000000000000000000000000008E
:10423000000000000000000000000000000000007E
:10424000000000000000000000000000000000006E
:10425000000000000000000000000000000000005E
:10426000000000000000000000000000000000004E
:10427000000000000000000000000000000000003E
:10428000000000000000000000000000000000002E
:10429000000000000000000000000000000000001E
:1042A000000000000000000000000000000000000E
:1042B00000000000000000000000000000000000FE
:1042C00000000000000000000000000000000000EE
:1042D00000000000000000000000000000000000DE
:1042E00000000000000000000000000000000000CE
:1042F00000000000000000000000000000000000BE
:1043000000000000000000000000000000000000AD
:10431000000000000000000000000000000000009D
:10432000000000000000000000000000000000008D
:10433000000000000000000000000000000000007D
:10434000000000000000000000000000000000006D
:10435000000000000000000000000000000000005D
:10436000000000000000000000000000000000004D
:10437000000000000000000000000000000000003D
:10438000000000000000000000000000000000002D
:10439000000000000000000000000000000000001D
:1043A000000000000000000000000000000000000D
:1043B00000000000000000000000000000000000FD
:1043C00000000000000000000000000000000000ED
:1043D00000000000000000000000000000000000DD
:1043E00000000000000000000000000000000000CD
:1043F00000000000000000000000000000000000BD
:1044000000000000000000000000000000000000AC
:10441000000000000000000000000000000000009C
:10442000000000000000000000000000000000008C
:10443000000000000000000000000000000000007C
:10444000000000000000000000000000000000006C
:10445000000000000000000000000000000000005C
:10446000000000000000000000000000000000004C
:10447000000000000000000000000000000000003C
:10448000000000000000000000000000000000002C
:10449000000000000000000000000000000000001C
:1044A000000000000000000000000000000000000C
:1044B00000000000000000000000000000000000FC
:1044C00000000000000000000000000000000000EC
:1044D00000000000000000000000000000000000DC
:1044E00000000000000000000000000000000000CC
:1044F00000000000000000000000000000000000BC
:1045000000000000000000000000000000000000AB
:10451000000000000000000000000000000000009B
:10452000000000000000000000000000000000008B
:10453000000000000000000000000000000000007B
:10454000000000000000000000000000000000006B
:10455000000000000000000000000000000000005B
:10456000000000000000000000000000000000004B
:10457000000000000000000000000000000000003B
:10458000000000000000000000000000000000002B
:10459000000000000000000000000000000000001B
:1045A000000000000000000000000000000000000B
:1045B00000000000000000000000000000000000FB
:1045C00000000000000000000000000000000000EB
:1045D00000000000000000000000000000000000DB
:1045E00000000000000000000000000000000000CB
:1045F00000000000000000000000000000000000BB
:1046000000000000000000000000000000000000AA
:10461000000000000000000000000000000000009A
:10462000000000000000000000000000000000008A
:10463000000000000000000000000000000000007A
:10464000000000000000000000000000000000006A
:10465000000000000000000000000000000000005A
:10466000000000000000000000000000000000004A
:10467000000000000000000000000000000000003A
:10468000000000000000000000000000000000002A
:10469000000000000000000000000000000000001A
:1046A000000000000000000000000000000000000A
:1046B00000000000000000000000000000000000FA
:1046C00000000000000000000000000000000000EA
:1046D00000000000000000000000000000000000DA
:1046E00000000000000000000000000000000000CA
:1046F00000000000000000000000000000000000BA
:1047000000000000000000000000000000000000A9
:104710000000000000000000000000000000000099
:104720000000000000000000000000000000000089
:104730000000000000000000000000000000000079
:104740000000000000000000000000000000000069
:104750000000000000000000000000000000000059
:104760000000000000000000000000000000000049
:104770000000000000000000000000000000000039
:104780000000000000000000000000000000000029
:104790000000000000000000000000000000000019
:1047A0000000000000000000000000000000000009
:1047B00000000000000000000000000000000000F9
:1047C00000000000000000000000000000000000E9
:1047D00000000000000000000000000000000000D9
:1047E00000000000000000000000000000000000C9
:1047F00000000000000000000000000000000000B9
:10480000284100200DD01C008BE41C00F9CF1C00B7
:10481000F9CF1C00F9CF1C00F9CF1C00F9CF1C0008
:10482000000000000000000000000000D5D01C00C7
:10483000F9CF1C00000000006DD01C00F9CF1C0057
:10484000195F1C00195F1C00195F1C00195F1C0018
:10485000195F1C00195F1C00195F1C00195F1C0008
:10486000195F1C00195F1C00195F1C00195F1C00F8
:10487000195F1C00195F1C00195F1C00195F1C00E8
:10488000195F1C00195F1C00195F1C00195F1C00D8
:10489000195F1C00195F1C00195F1C00195F1C00C8
:1048A000195F1C00195F1C00195F1C00195F1C00B8
:1048B000195F1C00195F1C00195F1C00195F1C00A8
:1048C000195F1C00195F1C00195F1C00195F1C0098
:1048D000195F1C00195F1C00195F1C00195F1C0088
:1048E000195F1C00195F1C00195F1C00195F1C0078
:1048F000195F1C00195F1C00195F1C00195F1C0068
:10490000195F1C00195F1C00195F1C00195F1C0057
:10491000195F1C00195F1C00195F1C00195F1C0047
:10492000195F1C00195F1C00195F1C00195F1C0037
:10493000195F1C00195F1C00195F1C00195F1C0027
:10494000195F1C00195F1C00195F1C00195F1C0017
:10495000195F1C00195F1C00195F1C00195F1C0007
:10496000195F1C00195F1C00195F1C00195F1C00F7
:10497000195F1C00195F1C00195F1C00195F1C00E7
:10498000195F1C00195F1C00195F1C00195F1C00D7
:10499000195F1C00195F1C00195F1C00195F1C00C7
:1049A000195F1C00195F1C00195F1C00195F1C00B7
:1049B000195F1C00195F1C00195F1C00195F1C00A7
:1049C000195F1C00195F1C00195F1C00195F1C0097
:1049D000195F1C00195F1C00195F1C00195F1C0087
:1049E000195F1C00195F1C00195F1C00195F1C0077
:1049F000195F1C00195F1C00195F1C00195F1C0067
:104A0000195F1C00195F1C00195F1C00195F1C0056
:104A1000195F1C00195F1C00195F1C00195F1C0046
:104A2000195F1C00195F1C00195F1C00195F1C0036
:104A3000195F1C00195F1C00195F1C00195F1C0026
:104A4000195F1C00195F1C00195F1C00195F1C0016
:104A5000195F1C00195F1C00195F1C00195F1C0006
:104A6000195F1C00195F1C00195F1C00195F1C00F6
:104A7000195F1C00195F1C00195F1C00195F1C00E6
:104A8000195F1C00195F1C00195F1C00195F1C00D6
:104A9000195F1C00195F1C00195F1C00195F1C00C6
:104AA000195F1C00195F1C00195F1C00195F1C00B6
:104AB000195F1C00195F1C00195F1C00195F1C00A6
:104AC000195F1C00195F1C00195F1C00195F1C0096
:104AD000195F1C00195F1C00195F1C00195F1C0086
:104AE000195F1C00195F1C00195F1C00195F1C0076
:104AF000195F1C00195F1C00195F1C00195F1C0066
:104B0000195F1C00195F1C00195F1C00195F1C0055
:104B1000195F1C00195F1C00195F1C00195F1C0045
:104B2000195F1C00195F1C00195F1C00195F1C0035
:104B3000195F1C00195F1C00195F1C00195F1C0025
:104B4000195F1C00195F1C00195F1C00195F1C0015
:104B5000195F1C00195F1C00195F1C00195F1C0005
:104B6000195F1C00195F1C00195F1C00195F1C00F5
:104B7000195F1C00195F1C00195F1C00195F1C00E5
:104B8000195F1C00195F1C00195F1C00195F1C00D5
:104B9000195F1C00195F1C00195F1C00195F1C00C5
:104BA000195F1C00195F1C00195F1C00195F1C00B5
:104BB000195F1C00195F1C00195F1C00195F1C00A5
:104BC000195F1C00195F1C00195F1C00195F1C0095
:104BD000195F1C00195F1C00195F1C00195F1C0085
:104BE000195F1C00195F1C00195F1C00195F1C0075
:104BF000195F1C00195F1C00195F1C00195F1C0065
:104C0000195F1C00195F1C00195F1C00195F1C0054
:104C1000195F1C00195F1C00195F1C00195F1C0044
:104C2000195F1C00195F1C00195F1C00195F1C0034
:104C3000195F1C00195F1C00195F1C00195F1C0024
:104C4000195F1C00195F1C00195F1C00195F1C0014
:104C5000195F1C00195F1C00195F1C00195F1C0004
:104C6000195F1C00195F1C00195F1C00195F1C00F4
:104C7000195F1C00195F1C00195F1C00195F1C00E4
:104C8000195F1C00195F1C00195F1C00195F1C00D4
:104C9000195F1C00195F1C00195F1C00195F1C00C4
:104CA000195F1C00195F1C00195F1C00195F1C00B4
:104CB000195F1C00195F1C00195F1C00195F1C00A4
:104CC000195F1C00195F1C0053B94AB9002908BFBD
:104CD00000281CBF4FF0FF314FF0FF3000F00CB840
:104CE000ADF1080C6DE904CE00F012F8DDF804E037
:104CF000DDE9022304B07047704700BF10F8012BB4
:104D000011F8013B012A28BF9A42F7D0D01A704708
:104D10002DE9F04786468C460846089E154674469F
:104D20001946002B40F0C1808542B2FA82F245D983
:104D30004AB1C2F1200300FA02FC954094402EFAD9
:104D400003F343EA0C0C4FEA154EA8B2230CBCFB4C
:104D5000FEF80EFB18CC08FB00F943EA0C4399451A
:104D600028D9EB1808F1FF3704D2994502D9A8F1E8
:104D700002072B44A3EB0903A4B2B3FBFEFC0EFB1A
:104D80001C330CFB00F044EA0344A04214D92C1954
:104D90000CF1FF3304D2A04202D9ACF102032C443F
:104DA000241A43EA07401EB1D440002334607360E4
:104DB000BDE8F0874746DDE76346F1E792BB431B5A
:104DC00001214FEA154EAFB2200CB3FBFEFC0EFBE7
:104DD0001C330CFB07F840EA0343984561D9EB18F4
:104DE0000CF1FF3004D2984502D9ACF102002B44FB
:104DF000A3EB0803A4B2B3FBFEFC0EFB1C330CFBBD
:104E000007F744EA0344A7424DD92C190CF1FF33AC
:104E100004D2A74202D9ACF102032C44E41B43EABA
:104E20000040C0E7C2F120039540944020FA03F10E
:104E30002EFA03F34FEA154E9040AFB20343B1FB95
:104E4000FEFC0EFB1C10190C0CFB07F841EA00419C
:104E5000884522D969180CF1FF3004D2884502D95F
:104E6000ACF102002944A1EB08019BB2B1FBFEFCAE
:104E70000EFB1C110CFB07F743EA01439F420ED9BE
:104E8000EB180CF1FF3104D29F4202D9ACF10201C0
:104E90002B44DB1B41EA004193E76046E3E76146B0
:104EA000F7E76046A4E76346B8E7834206D916B938
:104EB000002108467CE7C6E900E0F9E7B3FA83F78A
:104EC0008FB9834201D3724508D8BEEB020460EB70
:104ED000030301209C461EB9002169E73846FAE722
:104EE000C6E9004CF8E7C7F1200CBB400EFA07F505
:104EF00022FA0CF42EFA0CF1BA401C4320FA0CF3FF
:104F0000B8404FEA144901431FFA84FEB3FBF9F895
:104F100009FB18300B0C08FB0EFA43EA00439A45D4
:104F200040D9E31808F1FF3004D29A4502D9A8F11C
:104F300002002344A3EB0A0389B2B3FBF9F809FB8F
:104F4000183308FB0EFE41EA03418E452CD9611847
:104F500008F1FF3304D28E4502D9A8F1020321449F
:104F600043EA0040A1EB0E01A0FB02984145CE466A
:104F7000434602D306D14D4504D20138B9EB020EA7
:104F800068EB0403002EA7D0B5EB0E0261EB030122
:104F900001FA0CFC22FA07F3F9404CEA0303C6E9D4
:104FA000003199E74046C5E74346D9E72DE9F04788
:104FB000058B04462807904612D4022905F0070500
:104FC00040F0CD80204608F0E4FB80B10138218B11
:104FD000042800F29F80DFE800F0C29D657D8D000F
:104FE00001290CBF45F0100545F02005258388F305
:104FF0001188BFF36F8FBDE8F08701F007035A1FD8
:10500000012A1CD8002221F00701062B276889B24B
:10501000C4E9002209D13B4603E0628B013262837E
:105020001B68002BF9D141F002012046218308F0D2
:10503000B0FB002800F0A18041F020019CE0042B8F
:105040000AD121F0070189B22046218308F0A1FB93
:1050500010B141F020012183218B01F0070AAA45FC
:1050600075D00027B946A368002B00F08E8041F070
:105070000801218388F31188BFF36F8FA16800298D
:1050800000F08C800D68002900F08880334652467D
:105090002046D1F80480C047002D48D02B6829460F
:1050A0001D46F0E7236921F0070141F00601062DB6
:1050B000D3F80090218335D1B9F1000F47D041F0EA
:1050C0000801218388F31188BFF36F8F20463D4983
:1050D000C84731E021F00701236941F0040189B29A
:1050E000042DD3F804902183E6D000274FF0040A62
:1050F0003E46B8E721F00701236941F0050189B276
:10510000052DD3F808902183D6D000274FF0050A4B
:105110003E46A8E701F0070AAA4518D00027B9467D
:105120003E46A0E700274FF0060A3E469BE72B4687
:10513000B5E7B9F1000FC9D1EFF31188202383F34C
:105140001288BFF36F8F238B23F008032383258BF3
:10515000EA062ED525F01003238305F007056669BE
:10516000218B002EBFF649AF00232768C4E9003326
:1051700021F0070141F001012183218B4FF000094B
:1051800001F0070AAA457FF46EAF002F94D041F0DA
:105190000801218388F31188BFF36F8F002FC8D0D7
:1051A0003D68394633465246204608F0E0FA2F461D
:1051B000F4E7AB067FF51BAF25F02003238305F052
:1051C0000705FFE6CBD71C00002310B50B4A147867
:1051D00084420AD00133042B02F11002F7D16FF0A0
:1051E000010010BD00200A60FBE7D06808F0FAFA61
:1051F0000028F7D16FF01200F3E700BF1C191D0063
:1052000070B52425827A0B4B05FB0232D269D2E9B4
:1052100001640C60827A05FB0232136A127DC31AA4
:105220001B3222F00302B3FBF2F3306804FB0300ED
:1052300070BD00BF40060020254B264A4FF47A611E
:105240001A600122244B2548C3F80424D0F82436E0
:10525000C3F30802C3F309434B4382F4807220492D
:10526000883201FB02334FF4FA215B00B3FBF1F209
:1052700001FB12331B49B3F57A3F28BF0132C1F855
:105280000429D0F820364FF47A60C3F30802C3F340
:105290000943434342F21C5082F4807202F2172207
:1052A00000FB02334FF47A701B0AB3FBF0F200FBF1
:1052B00012330020B3F5FA7F4FF0010328BF01320B
:1052C000C1F81C27C1F80009C1F80036704700BFBB
:1052D000740300200020A107002008E000C0FF00A8
:1052E000102700800000125038B5064C064DAC4225
:1052F00001D3002038BD54F8043B002BF7D0984769
:10530000F5E700BF9C171D00A8171D00033880B2E9
:1053100019289ABF014B185601207047DA1C1D004E
:10532000154B164A10B51A62154A00215A621846E2
:1053300010220CF041F8134A4260002400F11802D8
:10534000C0E90622104B114AC0E9044410481A6013
:1053500008F048FA68B10E4808F0DAFA0C4808F08C
:10536000CDFA22460B490A4808F04CFB084808F0E1
:10537000CAFA002010BD00BFE812002091631C0093
:10538000EBD81C00F1641C00E4120020295D1C0015
:10539000CC151D00D1B11C0070B500240569214653
:1053A000EB6B3022C3E90144DC606B6B05F1480014
:1053B000C3E90144DC600BF0FFFF0D4B1026EB64EA
:1053C0004FF48073324621466B6505F178000BF08F
:1053D000F3FF084B32462146EB6705F124000BF042
:1053E000EBFF054B2846AB6208F0CDFA204670BDB6
:1053F000E7EC1C00DBE51C00C7E61C002DE9F047CC
:105400008AB0054608F032FA00280F46164698463C
:1054100003DA02200AB0BDE8F08702A9C0B2FFF7A4
:10542000D3FE04460028F4D1029BD86808F0E5F9C1
:10543000202390F805902146284602AA08F01EFA7B
:105440000028E7D1029CDFF800A15FB1082249469D
:1054500038460BF0B1FF54453CD107AB03CB386065
:10546000796001E0544535D1B8F1000F02D0069BB8
:10547000C8F80030059BBDF8104028461C440423A2
:1054800021460DEB030208F0F9F940B946F608137E
:10549000BDF804209A4204BFBDF80630E418042386
:1054A000214628460DEB030208F0E8F90746D0B97B
:1054B00046F60713BDF804209A4214D1BDF80680C1
:1054C0000434A04404F10409C1450ED987F0010752
:1054D000F8009FE74FF0013303FB09F9A14514BF22
:1054E0001720032096E7042094E70423214628464A
:1054F0000DEB030208F0C2F900288BD1BDF804209F
:10550000BDF80630FF2A05D14FF6FF72934205D150
:1055100005207FE7122A01D1402B02D004331C441E
:10552000D0E76FB944340EB90127CBE7A04509D3C2
:1055300032464946284608F0A1F90028F4D069E728
:10554000062067E7072065E73DB8F39608B5054BE9
:105550002C22002118460BF02FFF4FF0FF3240F8AD
:10556000042C08BDD815002010B584680822043426
:1055700020460C490AF046FD80B140F2C441204665
:105580000AF0FCFC50B10922204607490AF03AFD16
:1055900020B1042120460AF0F1FC08B9072010BD13
:1055A0000020FCE7FA1A1D00031B1D0070B50E4613
:1055B0001546A0F84810A0F84A20184903220446CE
:1055C0000AF020FD18B9002000F0010070BD1F2274
:1055D000052120460AF0A4FC0028F4D0052220462C
:1055E0000F490AF00FFD0028EDD0314620460AF0A1
:1055F000C5FC0028E7D0022220460A490AF002FD35
:105600000028E0D0294620460AF0B8FC0028DAD06D
:105610001F22072120460AF083FCD5E70D1B1D0041
:10562000111B1D00171B1D00F0B52D4A8BB00592F4
:105630000422D0E90106002306922A4ACDE900336C
:10564000079201AA08928DF8243001226B4605A921
:10565000043008F0DAFB054600283ED10346024636
:1056600003A901980436FFF7C9FE38B90199012949
:1056700004D10922304608F0A1FB1EE0019808F091
:10568000F5F8002805DAFFF761FF0E240121A2B228
:10569000F0E702A9C0B2FFF797FD002819DB029FCF
:1056A000384608F076FC044650B90146BA683846D8
:1056B00008F03EFB48B9FFF749FF28460BB0F0BDA4
:1056C0000128F8D0FFF742FFE0E7FFF73FFF0D2486
:1056D000DCE7FFF73BFF0A24D8E70325EDE700BF2F
:1056E0001A1B1D0029FE1C0010B584680322043417
:1056F000204607490AF086FC08B9072010BD054B73
:10570000204659680AF03AFC0028F6D00020F5E758
:105710001F1B1D00D41500202DE9F04F0024D0E9F7
:105720000158C5B00EAB2022214606461846059406
:105730000BF042FE4FF0FF32A34BCDE90F222B932B
:105740000423A24A2C9326920522A14B03272D93D2
:105750003C9313AB3D939F4B27923F9307239E4A65
:1057600010A9CDE9282011AA2E929C4A409330928C
:105770009B4A9C4B329237920FAA339138929A49A6
:105780009A4A0435419315AB2846CDE93517CDE942
:105790003A274293062205AB26A98DF8A8408DF83A
:1057A000BC4031978DF8D0408DF8E4408DF8F8403A
:1057B0008DF80C4108F029FB0546002840F01982BD
:1057C0000146182208A80BF0F7FD0F9B884C591CC6
:1057D00008F1040800F0ED80002B40F0DC80129B03
:1057E0001F2B40F2D680109B5A1C00F0D080DDF8B1
:1057F0004490CDE90835D9F800207E4B9A4240F01C
:10580000C480149A202A00F2BE806AB12368013352
:105810000AD0237B9A4207D1139904F10D000BF0B3
:1058200050FE002800F0C780002008F01FF8071E77
:1058300009DB0B97FFB2384606A9FFF7C5FC034604
:10584000B8B10A2203E04FF0FF3309220B9392B262
:105850000121404608F0B2FA00230646194616AA6E
:105860000120FFF7CBFDFFF771FE002E08BF0725D3
:10587000A5E0069A10999268914200F282809DF804
:10588000542052B9384607A9FFF79EFC10BB079871
:1058900008F07FFB021EDADB1DE0024616A901209C
:1058A000FFF7ACFD00286AD19DF8582099F8143014
:1058B0009A42E7D30CD89DF8592099F815309A42AE
:1058C000E0D305D8BDF85A20B9F816309A42D9D39A
:1058D0001B22BCE70A22B2FA82F252098DF831206B
:1058E000129BDDF83C900A9301238DF830300B9B1E
:1058F0002360089BA360B9F1000F40F09580149FCE
:1059000013993A463C48C4F8049027730BF0B2FD53
:1059100007F10D004946C7F1200220440BF04CFD71
:105920009DF83130002B7FD0207807A9DDF840901A
:10593000FFF74AFC002840F0D880079BDF68002F63
:1059400000F0D5805B6809F1FF311944384616AA8A
:105950000AF00EFC0146002840F0CB80DDE916324B
:10596000DDF81C901344D9F804204846A3EB020A42
:10597000524608F0DDF9002840D00D2268E71A22CF
:1059800065E71E2263E7182261E717225FE7152209
:105990005DE716225BE7226861680B92A2688B4282
:1059A000CDE9082507D112990B449A4298D21F22BB
:1059B0004DE714224BE73046FFF796FE0546284692
:1059C00045B0BDE8F08F00BF291B1D00231B1D0043
:1059D00089FE1C00361B1D0029FE1C002E1B1D000D
:1059E00049FE1C0095FE1C001F1B1D00321B1D00E4
:1059F000D41500203DB8F396E1150020D9F8081021
:105A000030398A4510D8D9F80430194416AA3846D6
:105A10000AF0AEFB0798169943688268C91A521AB1
:105A200008F086F90028A8D1D4E90179129B002B4F
:105A300000F0CB801F44119BDDF828A000930F9B42
:105A4000002B67D16C492078FFF7BEFB00284CD1B2
:105A50000A68A1F5007BD3685168926803910292AD
:105A6000002B42D01846019307F0C7FE4FF4007C8C
:105A70000468BCFBF4FE04FB0EFEE64535D1039939
:105A8000B1FBF4FE04FB1E1EBEF1000F2DD1029AE5
:105A90005AB3B2FBF4FE04FB1E2434BBCBE981BC39
:105AA000CBE98612019BCBF81442CBF81032CBF82D
:105AB0000C42026807A9CBE98842427918468BF864
:105AC00028229A68D2F814B016AAD8472346079914
:105AD000DDF858C001F1040E63450CD12CB1474AE2
:105AE000D2E9863213449C4214D20A22B0E6122232
:105AF000AEE61322ACE600225EF8330051F833B074
:105B00005A4501D10133E7E7B0F5007F0444ECD3F7
:105B10000132F5E7394CD4F80C22D4F8143213448E
:105B2000D4F81C225344934243D94F454BD1002310
:105B3000C4F8003247E01A460193009B03EB0B01C7
:105B4000D4F8043218440BF095FCD4F80822C4F8B9
:105B50000C2206F0C1F80028E7D1019B9B44AAEB78
:105B60000B02D4E982301B1A9342E4D9DA450DD9ED
:105B7000D4F8043200991844594401920BF07AFC8D
:105B8000D4F80C32019A1344C4F80C324F4504D1B6
:105B9000D4F80C3283B9C4F80032194A0A99536810
:105BA0000B4453609268934217D03046FFF79CFD38
:105BB00005E74FF0000BD2E706F08EF80023C4F89B
:105BC00000320028E9D00C2242E6B945EDD1194651
:105BD00016AA0120FFF712FCE7E7002316AA1946D0
:105BE0000120FFF70BFC3046FFF77EFDFFF7AEFC10
:105BF000E5E63D46E3E600BFA8150020A813002017
:105C0000D415002008B541F685620023024804F04F
:105C10006BFD002008BD00BFD0000020052100233F
:105C200070B588B0846804914068284901AA284E5C
:105C3000CDE90512CDE901338DF81C3001226B4608
:105C400003A90430039608F0E0F804340546002860
:105C50003AD1009B93B10399B14206D0049A052A28
:105C600006D130460BF02DFC10B99DF81C30ABB9B5
:105C7000032200212046FFF799FC0AE00A22204671
:105C800014490AF0BFF928B10722204612490AF048
:105C9000B9F900B90725284608B070BD029E042E48
:105CA000E6D1324601990D480BF00BFC0028DFD1FC
:105CB0003246204609490AF0A5F90028EAD0072112
:105CC00020460AF041F9E4E70325E4E78FFE1C00D3
:105CD0003E1B1D00441B1D004F1B1D00571B1D00BC
:105CE00003480022C1690023896804F08BBE00BF0D
:105CF0006406002013B5094CB022002120460BF0A9
:105D00005BFB074B204600934FF490520323054959
:105D100005F0CCFB002002B010BD00BF100C00202D
:105D20005C191D006825002008B5014601220448C1
:105D30000BF0CBF8BDE80840024804F0B9BC00BF46
:105D400030060020340300200022002330B587B045
:105D5000CDE9042300246FF007034FF48062CDE9FE
:105D600001341349134B0094134805F059FB134BAE
:105D700013498B4207D30020124B13498B420CD39B
:105D8000002007B030BD03F11402D2E8EF0FC2E8E3
:105D9000E54F002DF9D11833EBE703F11402D2E8F7
:105DA000EF4FC2E8E50F002DF9D11833E6E700BF49
:105DB00068210020D9721C00800B002028070020D9
:105DC00040070020400700205807002008B505497B
:105DD000054A21F007010548521A08F04DFA002043
:105DE00008BD00BF3F78002000FC072004160020FB
:105DF00030B585B06C46054684E8060000230022D5
:105E0000124803A905F09AF9E8B994E80300039B46
:105E10005D60083383E80300EFF31182202383F3EE
:105E20001288BFF36F8F0A48039908F07DFA82F356
:105E30001188BFF36F8F00220023064805B0BDE82C
:105E4000304004F051BC05B030BD00BF4805002013
:105E5000DC120020A000002037B54B780569202B0C
:105E60004468286908D0222B21D00BF043FB6FF047
:105E70008502144B1A5017E0CB88072BF5D1D36855
:105E80001A6842609A8802819B79837207F07BFDD1
:105E900008238DF80030E36901952BB102AB204651
:105EA00013E90600FFF7A4FF002003B030BD4B88C4
:105EB000C3F34002838103F0010343760276092392
:105EC000E7E700BF0C0000000149024808F02CBAC7
:105ED00064030020A01300200149024808F024BAFE
:105EE00054030020A01300200149024808F01CBA06
:105EF00044030020A0130020054B5A699B689A4276
:105F00001FBF044A536843F080535360704700BF7B
:105F10001416002000ED00E008B5EFF30583064AF3
:105F2000103B02EBC30152F8330049688847BDE8D3
:105F30000840FFF7E1BF00BFB81D1D0072B6002387
:105F400083F313884FF0FF300C4A03F12001013333
:105F5000102B42F82100F8D100234FF0FF30074A00
:105F600003F160010133102B42F82100F8D162B631
:105F7000BFF34F8FBFF36F8F704700BF00E100E0AA
:105F8000002807DB01234109034A00F01F0083407A
:105F900042F82130704700BF00E100E000280CDB30
:105FA00001220649430900F01F008240203341F8D6
:105FB0002320BFF34F8FBFF36F8F704700E100E0E6
:105FC0000028ACBF00F16040064B4FEA4111C9B256
:105FD000ABBF00F5614000F00F0080F800131954CA
:105FE000704700BF14ED00E02DE9FF48584A594BB7
:105FF00022F07F029A60BFF34F8FBFF36F8FD3F809
:106000008820554822F47002C3F88820534A0021A2
:10601000121A0BF0D1F95248524A5349121A0BF096
:1060200029FA5248524A5349121A0BF023FA002215
:1060300010B201210132FFF7C3FFB2F5917FF7D112
:10604000002003F095FF4C4B03F5006989F30888A5
:1060500083F30A880024E0223E4B4FF0010B83F8C3
:106060002220DC771C765C769C7683F820405A6A86
:10607000424D42F4E0225A6283F823405A690120DB
:1060800042F010025A615A693D4E42F480625A61F0
:106090005A69DFF8F0A022F008025A6110221A6152
:1060A0004FF0FF329A62DA6240F20112364B374FFC
:1060B000C3E91C449A81DC67AB6003F059FF0220FE
:1060C00003F056FF05F118034FF40862C5E90633E3
:1060D0002F4953463046CDE9034BCDE901440094A6
:1060E0006E6104F08BFB737B804623F00403304623
:1060F000737309F0D7FF0F234FF4A072CDE9024369
:106100003846CDE90054234B2349CDF810B004F0B4
:1061100075FB7B7BD6F8802023F004037B731F4B39
:10612000EF601A602C74C5E90196336F83F30B8816
:10613000544688F309880020034B984720460021E5
:1061400000220023014C2047A1E41C00F5811C0023
:1061500000481C0000ED00E05807002068210020E6
:106160000000002058070020C8261D000000002065
:1061700000000020C8261D00284100201416002021
:10618000500D002049B51C00E00D0020C00C00207F
:10619000A8380020D5FA1C0068370020101600200F
:1061A00080B5EFF31183202383F31288BFF36F8F41
:1061B000384D67232A46DFF8E0C052F8044FCCF888
:1061C00028330023E4434FF0010E984604F067049F
:1061D000002C35D1E420FFF7E1FE2F4B2F48D3F8F8
:1061E000482722F00102C3F84827D3F8102522F0EF
:1061F0000102C3F81025D3F8102522F00202C3F8DB
:10620000102501225A669A662C7008F019F9244B61
:10621000244A1B684FF47A70B3FBF2F35843224BC5
:1062200043F001039847BFF34F8F2049204BCA68C2
:1062300002F4E0621343CB60BFF34F8F00BFFDE772
:10624000A868DEB20EFA06F101EA000717F0670F40
:106250001CBF8843A8606868C74307F067070F4200
:1062600015D00CEB0617C7F82C85E7070FD5F040C3
:10627000C0070CD4686841EA0006D2E8EF7F874285
:1062800004D1C2E8E96FB9F1000FF6D1F2D1640888
:1062900001339DE70001002000200E504413002030
:1062A0007403002040420F00B0171D0000ED00E015
:1062B0000400FA0570B5EFF31185202181F31288EF
:1062C000BFF36F8F0468BCB12368426823F00303F7
:1062D000944208BF4360036023689B0706D066684A
:1062E00054F8040C211F0AF010F8344685F3118885
:1062F000BFF36F8F204670BD53EA0201F6D000F164
:106300000801284604F048FD0028F3D1014B9B68A2
:106310001C69EFE71416002070B541690446857AC0
:106320000B4E59B1437ADB0706D4242303FB0563E4
:10633000DB691B689B6898470023636105EBC50513
:10634000214606EB85000022BDE870400AF0BDBD85
:106350004006002070B524250C4C00B970BD037AAE
:106360004668002BFAD0013BDBB20372002BF5D15B
:10637000C3604360837A05FB03439B6913B198476D
:106380003046EAE7FFF7C8FFFAE700BF4006002003
:106390002DE9F04FB0F81080C56807464146284601
:1063A00085B009F0CFFE4FF0000B064640F606120E
:1063B0004FF05D09DA460123D845ADF80A2001DC2B
:1063C000002467E002210DF10A00019302F056F863
:1063D000044600285ED1019BA3B108F102035BBA19
:1063E000ADF80C30ADF80A302B78032103A88DF8F6
:1063F0000E3004F0A5F9044600284BD10BF1010B37
:10640000A9F10309A8EB0B034B451A46A9EB0303BB
:10641000A8BF4A46012B04D84FF0000A013A5A445B
:1064200016E0FCDD4FF0010AF9E735F80B1005EB3B
:106430000B039B7803A8ADF80C10032101928DF893
:106440000E3004F07DF9044620BB019A0BF1030BDA
:10645000A2EB0B03022B5946E7DCBAF1000F0FD079
:10646000A8EB0B03012B1CD0022B26D043B9022131
:1064700073BAADF80C3003A804F062F9044648B9C9
:1064800001211A4801F0FAFF002341F204420446B8
:10649000002891D03846FFF75DFF204605B0BDE8E3
:1064A000F08F6B5C0BF1010B8DF80C30330A03217C
:1064B0008DF80D308DF80E60DDE715F80B200BF12F
:1064C00001038DF80C20EB5C03218DF80D3003A83F
:1064D000330A8DF80E3004F033F90BF1020B044649
:1064E0000028D7D101218DF80C60C4E75C1B1D008A
:1064F0002DE9F04F0646DFF89082C3B0002200235A
:1065000006F11000FFF7D6FE044610B943B0BDE80F
:10651000F08F1DAB079309AB08930023CDE902333D
:1065200004F1180306960193238A33B9204606998D
:1065300007F0D2FF00200699C2E0072BF6D9E268E7
:1065400002AD51681068083B03C5BDF80A109BB244
:1065500049BA8FB2ADF80A10BDF80C10083249BA2A
:106560009F421FFA81FBADF80C102382E26000F21B
:1065700031819DF8089019F0050F40F03081DDF869
:1065800018A0FFF7ADFB0546002800F02B81DAF8D4
:106590002830002B32D021469847079B1C60218A67
:1065A000E2685A600A441A61012203F17001DA605C
:1065B000596200220221C3E91E1203F128011A7553
:1065C0001A76DA615A67A3F8802019670898294675
:1065D00007F0C7FF0022DDF820A0CAF84C209DF884
:1065E0000820C2F3C102012A00F2F180D8F800208D
:1065F0000AB1116842B94FF0080B3AE0E27A01990A
:1066000018300AF037FFC8E75089584506D019B14D
:1066100008680A460146EDE70846FAE79DF80F10BC
:1066200010898842E7D9526852F831B002EBC100B4
:10663000BBF1000F47D09DF8082012F007024AD1A5
:106640001F2205210AF1040009F06AFC002800F06D
:10665000958006A8D847834608981F220721043052
:1066600009F05EFC00283ED1BBF1000F08BF4FF0DF
:10667000070B2946089807F074FFDDF820901F22C9
:1066800009F104070521384609F04AFC002878D0B2
:10669000022238463D4909F0B5FC002871D0594620
:1066A000384609F051FC1F220721002870D13846D6
:1066B00009F036FC2046069907F00EFF2846069999
:1066C00007F00AFF1AE74268002A94D09DF80820D4
:1066D00012F007028FD0022A4DD1D0F804B0BBF1DE
:1066E000000FADD187E7BBF1000FC2D1BAF84E0061
:1066F000F8B119F0180F1CD1D8F80030BAF84CC016
:106700000BB11A6813B94FF0010BB2E75989614513
:1067100006D01AB1116813460A46F3E71146FAE7A4
:10672000DB68002BEFD098478346B0B1002D53D0E3
:106730009FE7DAE90012C868121A0A82DAF8003014
:1067400004A91A8A02A8083A07F071F8089B1B6886
:10675000DA680B4603CB10605160069B28461B6A23
:1067600098478346002837D1238ADB1B2382E368BE
:106770003B44E360D8E64FF0030B7AE74FF0070B9A
:1067800077E71F22072192E7A0130020171B1D00A7
:10679000384609F0C5FB00288CD0D9E900A7DAF803
:1067A0000C3004A9FF1AA7F1080202A807F03FF86D
:1067B000089BAAF810701B68DA680B4603CB1060C0
:1067C000069B516028461B6A9847002572E74FF0E8
:1067D0000D0B4EE74FF0090B2546002449E74FF01B
:1067E000080BF9E74FF0020BF6E700BF2DE9F04F79
:1067F000884D85B0002200238748FFF75BFD0446E3
:1068000010B905B0BDE8F08F2B68D4F8847033B1AF
:10681000012F0AD82146814809F0B1FDEAE7FFF7C8
:106820005FFA28600028F3D1F4E741F20443B4F89A
:1068300004A09A451CD040F606139A45EAD10022DE
:106840002B681A825A69DA600026286804F1060962
:10685000C368B0F810800C30019307F07AFE33461D
:106860003146DFF8BCE1023F8F420A4608D825E0F6
:106870002B681B8A002BE7D103F0B4FFCAE7013273
:1068800097421AD919F802C0BCF1200FF7D0A7EB34
:10689000020BBBF1010F19F802C0A2EB01016FD08E
:1068A000BCF10D0F6CD109EB020B9BF801B0BBF1F1
:1068B0000A0F40F0AC80511CD6E7E8D1F3B10627AF
:1068C00003F00701DB0879437B4307319B1B03EB94
:1068D000D103019911EB0808CED09842CCD3002601
:1068E00043460320314604F1050CDFF83491DFF80C
:1068F00034B16244624560D1A3EB08032E68328A4A
:10690000134440F606129BB29245338209D1012B03
:10691000B2D9F168023B31F8022B338252BAF160EE
:10692000AA80378AAB889F42FFF474AFA4D8394657
:10693000F06809F007FC00289ED1023F214628603C
:106940003782364809F01BFD0122314636480AF0ED
:10695000BCFA364B0393EFF31184202383F31288A0
:10696000BFF36F8F324803A903F050FE84F3118800
:10697000BFF36F8F00287FF73DAF03F07BFC39E753
:10698000BCF10A0F97D000297FF476AFBCF13D0F20
:1069900005D10136022E3FF66FAF01338BE71CF0B5
:1069A000800F7FF469AF1EF80C107F293FF464AFAD
:1069B0003F29F2D8002EF0D05EE71CF801EFAEF1CF
:1069C0000A07FFB2162F03D84BFA07F7FF0791D536
:1069D00019F80E700131402F08BF013807F03F074A
:1069E000042947EA861685D178B1310C012819703F
:1069F00002D1013300217DE702284FEA16215970A8
:106A000016BF9E7002330333F4E7014672E7002994
:106A1000C9D031E720130020300600202C050020CB
:106A20005A1C1D00F6FFBFFFF8120020100C0020BA
:106A3000E812002008B5034610464A781B69212A4F
:106A40001B6910D130B90AF055FD6FF00B02094BEC
:106A50001A5006E0CA88191D072A28BF072207F026
:106A600089FE002008BD0AF045FD6FF08502014B4C
:106A7000EEE700BF0C0000002DE9F0410446EFF303
:106A80001181202383F31288BFF36F8F274E326862
:106A900081F31188BFF36F8F526892F86C20D20790
:106AA00022D4EFF3118683F31288BFF36F8FC3688C
:106AB00000F1100523F008021B07C26002D528462A
:106AC00003F074FDE368202243F00803E360184BF1
:106AD0002846A3621749002303F09EFC86F3118821
:106AE000BFF36F8FBDE8F081EFF3118783F3128856
:106AF000BFF36F8F304607F086FE054687F3118897
:106B0000BFF36F8F40B1406805F10801C369984732
:106B10002946094809F033FC3368002BE2D02046AF
:106B2000BDE8F0410022002303F0DEBDDC120020AE
:106B3000D00A002009011D00480500202DE9F04F72
:106B400090F86C4080460D46994685B0C4F34114D8
:106B500083B107F035FD012809D00AF0CBFC6FF0B6
:106B600085022C4B1A50002005B0BDE8F08FB4FA16
:106B700084F46409013221464046D2B207F04CFF4A
:106B800007460028E9D04668B9F1000F09D03068FF
:106B9000716801AB03C3327A01AE1A7007238DF816
:106BA000053005F10C09484607F0D3FC3278314630
:106BB000824228BF0246284607F0DCFDD7F80CA029
:106BC000BAF1000F07D1B8F82E30298A9AB2914253
:106BD00088BF2B82C7E72146DAF8040007F00DFED4
:106BE00040B1061F56F804BFBBF1000F02D09BF85E
:106BF000007017B9DAF800A0E2E7484607F0A9FCF0
:106C000087428CBF82B23A465946284607F0B2FD09
:106C1000E8E700BF0C0000002DE9F04190F82830B3
:106C2000054603F01F03012B0F4600F1280626D06E
:106C3000022B10D083BB90F8298007F001FF58B3D6
:106C4000C4684CB36368DA681AB1002310798342D0
:106C50001ADB2468F5E7818DC9B207F07FFF04468F
:106C6000D0B1304606F044FE0246606883688AB9B7
:106C70009B68C3B13A463146BDE8F0411847818D63
:106C8000C9B207F05BFFEAE71168C95C4145E8D08B
:106C90000133DCE7DB68ECE7696E05F164028A42E8
:106CA00095F829400FD16FF085030AF023FC0F4AB5
:106CB00013500020BDE8F0810B7AA34208D01046A3
:106CC00007F06DFC01460029F6D1ECE7CB6805E042
:106CD000304606F00DFE0028F8D10B69002BE2D0FB
:106CE0003A463146284698470346DEE70C00000046
:106CF00073B5202504698DF80710EFF3118685F32D
:106D00001288BFF36F8F0122E06B0DF1070106F0CF
:106D100072FF86F31188BFF36F8F01280ED0EFF357
:106D200005830BB9A37E8BB901220A4BD3E8EF1F71
:106D3000002903D1C3E8E02F0028F7D12022002347
:106D400004F1480003F0D0FC02B070BD012008F04F
:106D500033F8D2E7D81200202DE9F843A249A3481E
:106D600008F0D5F8A14D044678BB2846A04908F0A4
:106D7000CEF8044648BB28469E4908F0C8F80446A9
:106D800018BB28469C4908F0C2F80446E8B92846D2
:106D900007F016FC012813D0002006F019F804466D
:106DA00098B903F0C1FA914807F003FCA86978B9D3
:106DB000924808F0AAF86FF0120403F0C9FA04E050
:106DC00006F006F804460028E6D02046BDE8F88321
:106DD00095F86C30DA0772D406F004FD0028E7D08D
:106DE000AE69B7683046FB6BD6F8108098473046DE
:106DF00008F0EBFE18B13B6C3046984742E0804B00
:106E00003046C8E926357B6B9847044600283CD1BC
:106E1000014608F1A00007F0D0FE3B6C30469847D1
:106E2000AB6985F838401B692A6F93F88030C3F34B
:106E30004113022B2CD0032B2CD0012B0CBF102381
:106E40000823D371EE6D3EBB6E6D7EBB24223146AE
:106E50006C480AF0B1FA95F86C30684843F00103C9
:106E600085F86C3008F051F803F072FA03F05CFA20
:106E70005E4807F09EFB95F86C3013F0010771D067
:106E80009B0724D56FF077046EE03B6C3046A8E09A
:106E90002023D6E74023D4E73146012003F072FED9
:106EA0000446002840F083803668CCE73146002055
:106EB00003F068FE0446002879D13668C5E74F48DC
:106EC00008F023F86FF0770403F042FA7DE7AC692D
:106ED000A6682046F36B98472369186820B108F02C
:106EE0006DFEB0FA80F77F09336C20469847AE6993
:106EF000D6F808803046D8F83C30D6F8109098473D
:106F0000304608F062FE48B3304607F03CFC10BB48
:106F10003046D8F82C3098470446C8B9012109F109
:106F2000A00007F04AFED8F8403030469847AB6FD3
:106F30003BBBA869214603691B685A8B03F0FCFD23
:106F4000C0B9A869AC670AF0A4F86FF00B040BE0B5
:106F5000D8F840309AE7D8F840304DE73046D8F8B6
:106F6000403098474FF0FF34244807F0CEFF03F03D
:106F7000EFF92AE7437E23F0070343F0010343764A
:106F8000A8674FB9002385F8303095F86C3043F08E
:106F9000020385F86C30E7E7144807F0AAFA0646C2
:106FA0000028EFD0A8690AF074F83446DCE7AD6930
:106FB000AF682846FB6BD5F810809847284607F045
:106FC000E2FB064658B9284608F0FFFD38B12846CE
:106FD000BB6B9847314608F1A00007F060FE2846D9
:106FE0003B6C9847C0E700BFC0030020AC06002000
:106FF000A80300209003002078030020B0060020A2
:1070000025721C00D406002070B540230E469EB0A9
:10701000154684680EAA0693304602AB03A9059272
:10702000FEF7ECF9002840F0A98004341F22052166
:10703000204608F075FF10B900201EB070BD042274
:1070400020464F4908F0DEFF0028F5D0204606F024
:10705000010108F093FF0028EED00722204649499D
:1070600008F0D0FF0028E7D0BDF80E3019210193B9
:107070009DF80D30444A009307A89DF80C3006F0A7
:1070800095FA002877DB049B002B6BD10023192194
:1070900007A88DF8343008F03AFE024607A92046CA
:1070A00008F0B0FF0028C7D004222046374908F076
:1070B000A9FF0028C0D00222204605A908F069FFD8
:1070C0000028B9D008222046314908F09BFF00284B
:1070D000B2D00299204681F01001C1F3001108F0EE
:1070E0009BFF0028A8D0072220462A4908F08AFFE3
:1070F0000028A1D00021204608F08EFF00289BD058
:1071000009222046244908F07DFF002894D020461B
:10711000C5F3800108F080FF00288DD006222046AC
:107120001E4908F06FFF002886D0204605F00101B7
:1071300008F072FF00283FF47FAF0922204618496B
:1071400008F060FF00283FF477AF0021204608F0E8
:1071500063FF00283FF470AF1F220721204608F08C
:10716000DFFE6AE707AEC0F119010E4A304406F0AF
:107170001DFA00288ADA05220B4990E701205CE716
:107180001A1B1D005E1B1D00661B1D007C1B1D00C5
:10719000811B1D008A1B1D00921B1D009C1B1D00D6
:1071A000A31B1D00721B1D00761B1D0038B58468D3
:1071B0000546043406222046184908F023FF08B982
:1071C000072038BD1F220421204608F0A9FE002810
:1071D000F6D0042200212846FFF716FF0028EFD042
:1071E000012228461146FFF70FFF0028E8D01F2292
:1071F0000721204608F094FE0028E1D00B2220460B
:10720000074908F0FFFE0028DAD00021204608F0E8
:107210009BFE0028D4D00020D3E700BFAD1B1D008B
:10722000B41B1D00F8B50B780E46062B11D103696F
:10723000D3F89C00EFF31182202383F31288BFF36D
:107240006F8F4968184407F06FF882F31188BFF315
:107250006F8FEFF31187202383F31288BFF36F8FB3
:107260001C4C226AE3689A4231D22568A54217D0A5
:10727000B5B1284608F0E5FE05F1180003F096F9CF
:10728000A2680024314628690AF0F4F82846C5F8B7
:10729000884008F007FF384603F07AFF2046F8BD23
:1072A000A2683146E0690AF0E5F80020E369A268C7
:1072B00013446269E361934204BF2369E361236A73
:1072C0000133236287F31188BFF36F8FE7E76FF015
:1072D0002200F7E7F00500202DE98048AE4F99B075
:1072E000EFF31185202383F31288BFF36F8F3E6A7B
:1072F00009A8002E41D0BC69D7F808802146424633
:107300000AF0B8F87B6944449C4208BF3B69BC6101
:107310003C6808BFBB61013EBC423E6239D0002CD4
:1073200037D0204608F08DFE04F1180003F03EF936
:10733000BA682169F8690AF09DF8FB69BA682046C5
:1073400013447A69FB61934204BF3B69FB613B6A6A
:1073500001333B620023C4F8883008F0A3FE2846BE
:1073600003F016FF0B9B1B69D3F89C4004F120032C
:10737000079304F1280302932FE0884B4FF0FF326C
:107380009B68394618614FF0FF33284603F004FD2F
:10739000E8E785F31188BFF36F8FE3E790F8188073
:1073A000D0F81E3018F07F0F039340F0D58563B1FD
:1073B000FEF7D0FF737EDA0703D49B070DD5337E2B
:1073C0005BB9204607F095F87EE0437E9D0733D5F4
:1073D000B8F1800F30D1FEF7BDFF236A83B1EFF320
:1073E0001185202383F31288BFF36F8F079807F06E
:1073F0000AFA064685F31188BFF36F8F0028CDD1B6
:107400009DF82430062B3FF46BAF072B3FF668AF97
:1074100001A252F823F000BF837F1C00757F1C007F
:10742000A37F1C00897F1C00C97F1C00BD7F1C003E
:10743000E1721C005B801C00980700F05585B8F1D4
:10744000000F40F03485D90764D5338A082B0ED15C
:10745000F2680299136830460B6053684B60756898
:10746000C6F80480FEF776FF7DB1284600E030467E
:10747000FEF770FF029806F03BFA0346A069002B66
:1074800000F05C85802100F063BD029806F030FAC0
:10749000E28DE0B952B3A069013A036941461B6825
:1074A0005B8B1A44B2FBF3F25A4303F045FB0146EF
:1074B000002800F03E85437E23F0070343F00203DB
:1074C0004376204606F0B1FD024600F02DBD6AB1BC
:1074D0008021A06903F030FB0546002800F02985D3
:1074E000437E23F0070343F0020343760AF002F8D9
:1074F000002394F828202A4E12F0600F8351C2F323
:10750000411309D0032B40F0DC8209F0F3FF6FF048
:1075100085033EE03546E9E7029806F0E9F994F87C
:107520002930002840F04582013B0A2BEDD801A10B
:1075300051F823F0C9771C000B751C00FB781C0068
:107540000B751C0061751C000B751C000B751C0075
:107550000B751C00F9751C000B751C0005771C00D1
:10756000A069618D03697F29D3F88030CDD8A28DC1
:10757000002ACAD1E28D002AC7D194F82820D20669
:10758000C3D194F83020022A0CD109F0B3FF4FF098
:10759000FF33335023E000BFF00500201416002015
:1075A0000C0000001E070FD5C9B207F0F1F8024623
:1075B00068B125B128460292FEF7CCFE029A072157
:1075C000204606F0BBFED4E6012384F8393094F857
:1075D0003030012B0ED1638D63B984F8303009F05F
:1075E00089FFB64B1B58002B00F05182002D40F054
:1075F00044823FE70123F0E7B4F82A8094F86C90C6
:10760000B8F1FF0FC9F341193FF67FAFE38D002BAF
:107610007FF47BAF94F82830DA067FF476AF94F8E5
:107620003030002BB1D0B8F1000F30D05FFA88FABB
:1076300052464946204607F0EFF90028A5D094F8B5
:1076400038309845CBD02BB1204607F02AFA0246B5
:107650000028AED152464946204607F0DDF9804663
:10766000002800F0FA830026D0F804B09BF805301B
:1076700004939BF804309E4221DB84F838A0D8F8AC
:107680000C6086B1706806F03EF93668F9E794F848
:107690003830002BA3D0204607F003FA024600281A
:1076A00087D184F83800628D0521002A14BF022397
:1076B0000123204684F8303006F040FE8FE7F3B215
:1076C00049462046049A059307F0A6F9002800F0E1
:1076D000C4830123C16803FA06F2059B002900F068
:1076E000BC830869024201D10968F7E700222046FD
:1076F0000092012207F000F9024600287FF459AFFA
:107700000136B6E794F8283003F01F03012B0493E9
:107710007FF4FBAEE28D002A7FF4F7AEB4F82A9036
:10772000B9F1FF0F3FF6F1AEB4F82C80B8F1FF0FBE
:107730003FF6EBAE94F83030022B05937FF425AF83
:107740005FFA88FA51462046069207F0F7F95FFA89
:1077500089F98346069A20B909F0CCFE6FF001033F
:1077600017E7B8F10F0FF7D8A04498F83A30014660
:10777000069320465346CDF8009007F0BDF8002848
:10778000EAD1069B059A009359465346204607F0D6
:10779000B3F80246A0B9049A534659462046CDF89C
:1077A000009007F0A9F8024650B9DBF8040083689E
:1077B0005B6813B14A465146984788F83A900EE7FD
:1077C000931C7FF4F6AEC7E7E38DB4F82C90002B42
:1077D0007FF49BAE94F83030002B3FF4D6AE012BF3
:1077E00011D1B9F1000F7FF4D0AE12F01F020DD10C
:1077F000638D012B7FF4F3AE94F86C306FF3C30309
:1078000084F86C30EBE612F01F0243D0022A7FF4BA
:10781000E6AE638D002B7FF4E2AED4F81880D8F882
:1078200008A04046DAF83C309847404606F0ABFFE7
:10783000002858D05FFA89F94946404608F0FDF91A
:107840000146002846D0037DD80743D54B7E03F080
:107850000303012B34D04046DAF8103004919847E6
:107860008346E0B904990B7D60F341030B754046F4
:10787000DAF84030984704F13400494606F0DAFF60
:1078800009F038FE46F800B000224946204607F0CD
:1078900084F9A4E6B9F1000F7FF477AEA8E740467B
:1078A000DAF84030984709F025FEBBF1FF3F46F873
:1078B00000B0E9D14FF0FF327BE600BF0C000000C2
:1078C0004046DAF84030984709F014FE6FF085031F
:1078D0003350D9E74046DAF84030984709F00AFEBD
:1078E0006FF01203F4E74046DAF84030984709F0A9
:1078F00001FE4FF0FF333350DCE7E38DA18D002B09
:107900007FF403AEB4F82A905FFA81F8B9F1020F60
:1079100013D194F8283003F01F0358EA03037FF4CF
:10792000F4AD0122A069090A06F049FF00287FF49E
:10793000ECAD012384F8393051E694F83030002B57
:107940003FF423AE012B0ED100297FF41EAE12F0BE
:107950001F020BD1B9F1010F7FF441AE94F86C30E6
:1079600043F008034CE712F01F0218D0022A7FF4FC
:1079700036AEB9F1000F7FF432AE4146A06909F08E
:1079800019FB034678B904F13400414606F045FF7F
:1079900009F0B0FD46F800900122414676E7002943
:1079A0007FF4F3ADD6E709F0A5FD33500133F3D1F1
:1079B00080E70A2B3FF6A9AD01A151F823F000BFE3
:1079C000ED791C000B751C000B751C000B751C0061
:1079D0000B751C000B751C00B37A1C000B751C008A
:1079E000EF7D1C000B751C00217E1C00E38DA18D1A
:1079F000022B7FF48AAD94F83030002B3FF4C5ADF4
:107A0000012B10D100297FF4C0AD12F01F020DD15F
:107A100094F86C304FEA930808F00208C3F300139F
:107A200048EA030806E012F01F020ED0022A10D026
:107A30004FF0000805F10C0006F08BFD01280FD86F
:107A400009F058FD6FF00B03A3E500297FF49DAD0D
:107A5000DEE7C9B204F1340006F0D3FF8046E9E75F
:107A60002B8AEA68981CD118288202F80380002328
:107A70004B7009F03FFD33584BB12846FEF76AFCC6
:107A800009F038FDCB4B1B58002B7FF4F3ACE38D92
:107A900043B1029805F02CFF002840F0E28128460F
:107AA000FEF758FC204606F037FD00287FF4E2ACD4
:107AB00087E494F82810628DC9064FEA1223D2B2E7
:107AC00004D029462046FFF7A7F84CE0013B0E2BD7
:107AD0003FF61BAD01A151F823F000BF197B1C003C
:107AE0005D7B1C00757B1C000B751C000B751C005E
:107AF0007F7C1C00717B1C000B751C000B751C002F
:107B00000B751C000B751C000B751C000B751C0005
:107B10000B751C00EF7C1C0094F86C3013F0600FA8
:107B2000C3F3411204D0012A7FF4EFAC666F00E08A
:107B3000266F05F10C00B4F82E8006F00AFD002E29
:107B400000F0B780804528BF8046327831464245F4
:107B500028BF4246284606F00DFE40E50023294690
:107B60002046FEF7EBFF024600287FF422AD36E503
:107B70000123F4E7E16C04F14C0888453FF4C5ACFF
:107B800000293FF4C2AC487D032803D10B7A93420D
:107B900000F06682404606F002FD0146F0E7002351
:107BA000854A8DF8210088688DF82030024083488E
:107BB00082424DD182498348D1F80423D1F8081379
:107BC00012BA09BACDE90C1210AA90460DF1300C88
:107BD0001CF8011B01334FEA111E01F00F0110F8D0
:107BE0000EE0415C082B82F800E0517002F10202C5
:107BF000EED122238DF8203005F10C0006F0A9FC0F
:107C00009DF8203008A94B4528BF4B46984228BF15
:107C100018460228824628BF4FF0020A8146524683
:107C2000284606F0A7FD43460021A9EB0A004FEACB
:107C3000500C08EB500E9E4510D1C0077FF5CFAC1D
:107C40002B8A18F80C10EA68581C2882D15410E7C7
:107C50000B7DD1F810808DF82030CDE72A8AD5F839
:107C60000C9002F1020B13F801ABA5F810B0D5F897
:107C70000CB091440BF802A089F80110DBE794F8EE
:107C80006C10D4E91C2311F0600F08BF1A460023C2
:107C9000CDF84230CDF846300A238DF84030062327
:107CA00020468DF8413006F08BFC01287FF42DAC86
:107CB00012B96FF015027CE4538805F10C00ADF8A1
:107CC000423013798DF8443053798DF845309379EB
:107CD0008DF84630D3798DF84730537C8DF8483095
:107CE00006F037FCE28D0A2A28BF0A22D0E194F878
:107CF0006C3013F0600FC3F3411204D0012A7FF4FB
:107D000004AC636F00E0236F002BD2D05B88B3F527
:107D1000007F7FF6FAAB2C4B04F14C081093002344
:107D20008DF84430E16C884508BF1946BDF8429093
:107D300000294BD105F10C0006F00BFCE68D10A9D3
:107D40004E4528BF4E46864228BF0646052EB14600
:107D500028BF4FF0050928464A4606F00BFDB6EB52
:107D600009063FF43CACD4F84C90C1453FF437AC25
:107D7000B9F1000F3FF433AC99F815300F2B12D145
:107D800099F814202846B24228BF3246D9F810107C
:107D900006F0F0FC99F81430B34294BFF61AB61B03
:107DA000002E3FF41CAC4946404606F0F8FB8146E5
:107DB000DEE700BF0C00000000FF0200000302002D
:107DC00000C0FF00491C1D00050F05004B7D0F2B57
:107DD00008D10B7D4B44ADF842309DF8443001335F
:107DE0008DF84430404606F0DAFB01469EE794F8F1
:107DF0003030002B3FF4C9AB94F83880E38D012B71
:107E00007FF483AB05F10C0006F0A3FB00283FF4E0
:107E100017AE2B8AEA68591C298202F8038028E6EB
:107E200094F8283003F01F03012B7FF4AEAB2046FB
:107E300006F006FE00283FF4A8ABA38D4268FF2B96
:107E40003FF663AB12799A42FFF45FAB0F2B3FF61C
:107E50005CAB234493F83A80D0E76FF03C02FFF725
:107E6000A8BB2946204606F0E0F800287FF4FDAACA
:107E7000A0690369D3F8801011F004017FF4A1AA6E
:107E80001B685A8B02F058FE054600283FF4F2AA00
:107E9000437E014623F0070343F004034376204664
:107EA00006F0C3F800283FF48CAAFFF7DEBA5907A2
:107EB0007FF5E0AAB8F1800F7FF4DCAA3046FEF728
:107EC00049FA94F83930002B3FF487AA94F8293006
:107ED000052B12D0032B02D1638D022B1AD0002365
:107EE00084F83930FFF779BA5A077FF5C3AAB8F199
:107EF000000FDFD13046FFF76EBA618DA069C9B2BD
:107F000006F046FC94F829300246032B09D1638D14
:107F1000022B06D1A18D0022A069090A06F04FFCB0
:107F20000246002384F83930002A3FF456AAFFF7AE
:107F300046BB6FF00B030393FFF79CBAE38D002B56
:107F40003FF4A0AA039B13F10C0118BF0121C90142
:107F500009F030F8FFF735BAD0F81A0083681B69CA
:107F600023B13146039A9847FFF7AEBA6FF0850206
:107F7000FFF725BB00220121204606F0DFF9FFF7BD
:107F8000AFB900221146F7E794F86C3009A943F025
:107F90000403204684F86C3006F060FD00220321C3
:107FA000EAE794F86C3009A96FF38203204684F85D
:107FB0006C3006F053FD00220221DDE7204609A9BE
:107FC00006F04CFDFFF78CB994F86C3000216FF38C
:107FD0008203A06984F86C3006F0DAFB054638BBF2
:107FE00094F83830F3B90023D4F8188084F8383086
:107FF000D8F808604046F36B9847404606F0C3FB4C
:10800000F0B94046336C98470020002294F86C3059
:10801000042123F0680343EA401384F8302084F8F5
:108020006C30A9E7204606F03CFD05460028DAD072
:1080300000220421204606F081F92A4607219BE709
:108040003368002BDDD0404698470546336C4046E8
:108050009847AB1E58425841D7E706210A9A8BE74A
:108060000B68B4F82E9013B1002A7FF498AD0E7D02
:108070008DF841008DF840600B6905F10C001B88FC
:10808000ADF8423006F065FAB1454A4628BF32469F
:10809000824228BF024610A95CE500BF2DE9F047E7
:1080A000504D0446AB6883420BD1EFF3058343B1D7
:1080B0004D4B5A6842F080525A605A6A22F400428C
:1080C0005A6294F80C80EFF31186202383F3128810
:1080D000BFF36F8F637B190705D586F31188BFF354
:1080E0006F8FBDE8F087D90943F0080242D162736F
:1080F000A36813B1204607F0A4FF04F1180002F0B2
:1081000055FAA76D04F15809B94511D04FF0000A8E
:1081100077B1384607F095FF07F1180002F046FAEC
:108120003846C7F888A002F0BFF8A76DB945EFD16F
:10813000AA68AB6994422D4A28D0934223D1EB68B8
:108140006B61AB689C4247D1EFF30583002B43D1B1
:10815000227BD2072DD4304602F072F818F0010FBE
:10816000BFD0002383F31188BFF36F8F0423184619
:1081700002DFB6E703F07F0343F008032046637392
:1081800007F057FFB4E7002BDAD1D8E7EFF305810A
:108190000029D2D0934200D003B9EB6840F201121B
:1081A0006B61134B9A810022AB60C3E91C22DA6732
:1081B000C7E786F31188BFF36F8F83F31188BFF38E
:1081C0006F8F0423184602DFEFF31180202383F31F
:1081D0001288BFF36F8FBFE786F31188BFF36F8FED
:1081E000BCE700BF1416002000ED00E02C160020B4
:1081F000E00D00200E460546114680B51A4609F0EE
:1082000079F90446044B054F9B68C3513046A84793
:10821000E059FFF743FF00BF1416002008000000DC
:1082200030B5394B0C465B6800218BB0C3F30803B3
:1082300081F31188BFF36F8F02F07F45B5F17F4F57
:1082400008D102F00C05082D04D012F0080F0CBF65
:10825000014621460022033B8DF80720032B03D85B
:10826000DFE803F00A474B4400209DF80730002B5D
:1082700047D102A906F0D1FF234BDA6A9007F3D465
:10828000DA6A002AF0DBDA6A5200EDD55A698869A9
:1082900042F480725A61BFF34F8FBFF36F8F5A69F8
:1082A00030F8020C22F480725A61BFF34F8FBFF393
:1082B0006F8F4DF60272904208D09A6AD2B23AB1EC
:1082C00001200DF1070102F061FBCEE70868CCE761
:1082D0009A6A12F47F4F05D001200DF1070102F0D8
:1082E00021FBC2E79B6AB3F5803FBDD302F0ECFAF5
:1082F000BBE700200DF10701E5E700200DF10701C4
:10830000EDE70BB030BD00BF00ED00E0044B054AC7
:108310001B68B3FBF2F35843034B43F001031847C8
:108320007403002040420F00D0171D004368002056
:108330001A69D2F8003E43F00203C2F8003E01225F
:10834000014B5A60704700BF00A0055043680020F1
:108350001A69D2F8003E23F00203C2F8003E01225F
:10836000014B1A60704700BF00A00550024B5B69CB
:1083700003B118471846704758020020F8B5054663
:1083800042F2117643681C692369002B14DA012339
:1083900042F21176114F2361013E12D00120FFF706
:1083A000B5FFFB6983B92369DA0712D4236900207A
:1083B00023F00103236106E00120FFF7A7FF013E40
:1083C000E2D16FF00400F8BD284698470028EAD0B3
:1083D000F7E723699B00DFD5E8E700BF58020020DC
:1083E000024B1B6903B1184718467047580200201A
:1083F000084B70B5C31A0D4607499B1004465943F4
:108400004022064807F018F82B4601462046BDE8F2
:108410007040184728130020B76DDBB6B0151D005B
:10842000402373B50B4C0093041B0B460D460A49C1
:10843000A41061430646094A094807F029F8011EBD
:1084400005DA30462B4602B0BDE87040184702B04E
:1084500070BD00BF28130020B76DDBB6FBF41C0015
:10846000B0151D00014B1B68184700BFE820002015
:10847000014B07201B681847E820002070B5044610
:10848000054E4518AC4201D1002070BD14F8011B07
:108490003046FEF72DFCF5E7CC151D000023024AFF
:1084A0000020C1E90023704700501E0000487047BB
:1084B000E41A1D00024B0B6001231360704700BFDC
:1084C000DC1A1D000122054B0020C3E90222C3E98A
:1084D0000033034A034BC3F80C257047D420002017
:1084E0008000008000E00450036803F01F027F2B2F
:1084F00002604FEA53129ABF024B53F82200002049
:10850000704700BFCC1A1D002DE9F04F4368027A76
:1085100085B003EBC2029A4204D86FF0010005B0A7
:10852000BDE8F08F5C798C4200F0B1800833F2E74F
:10853000DBF80020C2F3C323082BC2F3080100F2CA
:10854000A380514508BF4FF0FF31B2F1D05F19F859
:1085500003604FEA126310D2192B12D8DFE803F040
:1085600014226865293365111111111111111111AE
:108570001111111111116B76797C382B6FD04E2BA4
:1085800056D06FF08500CAE7C5F80416481C14D011
:10859000012403A80391FFF7A7FF039B04FA03F349
:1085A000436004E0C5F80C164A1C06D0002422469D
:1085B00017E04B1CC5F8001664D10BF1040B5F45A6
:1085C000B6D10020ABE74C1CC5F80416F5D0012449
:1085D00003A80391FFF788FF0122039B02FA03F32C
:1085E0008360DBF80030039103F40040002818BFDB
:1085F000002203A818BF012401930092FFF774FF23
:108600000399019B00EB8100D0F88010C3F3412C4B
:10861000009A330243EA8C03134301EA08010B4337
:1086200043EA4403C0F88030C7E7C5F80816BBE743
:10863000C5F81016AAE7C5F860154A1CDBF800302B
:10864000BBD0C3F30043002BC1D0A1E7C5F864152C
:10865000F3E7C5F86815F0E7C5F86C15EDE703A872
:108660000391FFF741FF039B00EB8300D0F88030BC
:1086700023F0E04343F08043C0F880304B1C9CD093
:10868000012494E70024A3E76FF0150047E7D3F82F
:1086900000B01F7940F2FF1A0568DFF80C90DFF890
:1086A0000C800BEB87078AE79F1D1D00F0F0FCFF95
:1086B00010B5084B04461B681BB96368586920B99C
:1086C00010BD98470028FBD1F7E70021BDE8104016
:1086D000FFF71ABF58020020054BD3F840032928A2
:1086E00004D0A0F13303584258417047012070472D
:1086F00000C0FF0003689A070CD50368DB070DD59F
:108700000922074BC3F80C250F22C3F804250122C8
:108710001A60FEE7034B0360EF3B0360704700BF46
:1087200000801050F000FA5038B504230A4C42F291
:108730001075C4F80833012363610023C4F80831BD
:10874000D4F80831D4F84C34DB0304D50120FFF70A
:10875000DDFD013DF6D138BD00E0105010B51D4BD8
:108760001D4CD3F84C14D3F84C2411F4803F18D08E
:1087700002F00302012A03D00AB1FFF7D5FF00225D
:10878000144BC3F840240022C3F80821D3F8082171
:1087900001221A61226872B9D3F80821002AFBD09D
:1087A00011E0D3F84824D107E9D5D3F85024920733
:1087B000E3D422681AB10422C3F8042310BDD3F80D
:1087C0000821002AFBD00022C3F80821D3F8083181
:1087D000F4E700BF00E010500421002010B5104B5A
:1087E000104CA34201D3002010BD5869996841EA9A
:1087F000000212F003020FD1DA601A69013A02FB9B
:108800000011002A01DA1C33EBE7D868013A08604E
:108810005869D960091AF4E76FF01500E4E700BF62
:108820002C0500206405002030B5104B1B68D3B91F
:108830004FF0FF306FF040410D4CD4E900239042DF
:1088400071EB0305F9D310460A49C3F31303D1E9C9
:108850000021801A084A63EB0103C2E900034009C2
:1088600040EAC36030BD0020FCE700BFD0200020FC
:1088700040270E50D00E0020C00E00200B4B1A686F
:108880009A420FD072B1D2E904321B1A62EBE07245
:10889000B3F1004F72F1000104DA002AACBF1846B0
:1088A000002070476FF00040704700BF8404002034
:1088B00010B5EFF31184202383F31288BFF36F8F79
:1088C000FFF7B2FF0346054AD2E90001181841EB51
:1088D000E37184F31188BFF36F8F10BDB80E0020D1
:1088E0000022074BC3F81021C3F80C21C3F8002164
:1088F000C3F80421C3F80821C3F81821704700BF4A
:108900000090045008B5FFF7EBFF01230360104B04
:108910000A6832B9D3F80C211AB9D3F80821002A11
:10892000F6D00B687BB90B4B99420ED0A3F584733C
:10893000D3F80831002B0CBF4FF0FF306FF002006E
:10894000FFF7CEFF08BD0020FAE74FF0FF30F7E752
:10895000009004500891045010B5074C0749C4F822
:1089600000050748FFF7CEFF08B9D4F808350038EE
:1089700018BF012010BD00BF00900450109104509A
:108980000C900450BFF35F8F094A1368BFF35F8FE9
:1089900043F48071BFF35F8F1160BFF35F8F23F4E7
:1089A0008073BFF35F8F1360BFF35F8F704700BFAB
:1089B00000100150304B31491A6991661A683049EC
:1089C0001160BFF35F8F03221B689A6003F580512B
:1089D0004A68C62A38D0DA68D203F9D4DB68294855
:1089E0001840B0F5806F32D017D8402831D008D861
:1089F000102830D0202830D0003818BF0120400087
:108A00007047B0F5807F2AD0B0F5007F29D080284C
:108A100008BF0B2018BF02207047B0F5804F22D04E
:108A20000AD8B0F5805F20D0B0F5005F1FD0B0F558
:108A3000006F08BF0620EDE7B0F5004F19D0B0F584
:108A4000803F08BF0320E5E76FF001007047112069
:108A500070470A2070470C20704709207047082093
:108A60007047072070471420704705207047042086
:108A700070470F20704700BFC41A00207C191D00EA
:108A800006080A00F0FF0100034BC3F80005D3F805
:108A90000024D207FBD5704700E00450014608B51A
:108AA0000120FFF7F1FF064B0648C3F80015064901
:108AB000FFF728FF01460020FFF7E6FF084608BD44
:108AC000009004500890045008910450F8B5BA235F
:108AD000124D13491348C5F80035FFF713FF04463C
:108AE00008B10020F8BDD5F808552F0AEDB2AC4208
:108AF00005D1BA20FFF7D2FF0028F2D008E0E6192E
:108B00003046FFF7CBFF30B13046FFF725FF10B9F5
:108B10006FF09200E6E70134E9E700BF00900450EF
:108B2000109104500C9004500C22104B014602FB93
:108B30000033002030B4D3E915525865EFF31180AB
:108B4000202484F31288BFF36F8FDC6D04F0C0041F
:108B500044F00204DC6580F31188BFF36F8F1DB110
:108B60002B4630BC0248184730BC70472813002001
:108B7000B0151D00042805D007280AD002280AD104
:108B8000012004E0044BD86D10F0070003D1FFF77B
:108B9000CBBF0220FBE77047281300202DE9F041EE
:108BA000DFF81CC1474CDCE90021D4E90054A142A4
:108BB00008BFAA42444B454C1B7A25D1B0F1806FC7
:108BC00022D24001012838BF0120121841F10001D2
:108BD000CCE90021E21892F854201B010C3254F821
:108BE000321004EBC2067568091803F1A04345F181
:108BF000000540F0004003F5622344F83210756030
:108C0000C3F82805BDE8F081314E324FD6E9005E49
:108C1000D7E90067AD194EEB070E4FF020082E463E
:108C20007746C0FB0867E018CCE90067B24290F8CD
:108C300054C071EB0708C7F313000CF10C0C1BB206
:108C40000ED304EBCC0244F83C6057601B0103F1E7
:108C5000A04303F56223C3F82065C3F82405D1E7D8
:108C6000521B61EB0E01C82A04EBCC0871F1000124
:108C700044F83C60C8F80470E8DA1A0102F1A04236
:108C800002F56222C2F82065C2F82405124A9B0050
:108C90001A441368002BB5D04FF0FF346FF04043F7
:108CA0000E4DD5E90001844273EB010CF9D3C1F3F9
:108CB0001303B042BB41A5D200231360A2E700BF5B
:108CC000700E0020C80E0020780400200001002053
:108CD000D00E0020C00E002000210E5040270E5064
:108CE00000220C4BC3F81C21D3F81C2101225A622C
:108CF000094A12681AB18022C3F804237047D3F8D6
:108D00001C21002AFBD00022C3F81C21D3F81C31FF
:108D1000704700BF00E01050FC20002038B58023D1
:108D20000A4C42F21075C4F808330123A3620023F1
:108D3000C4F81C31D4F81C31D4F86C34DB0304D5EE
:108D40000120FFF7E3FA013DF6D138BD00E01050F5
:108D500010B5EFF31181202383F31288BFF36F8FD7
:108D60002A48026842F0020412F0010F0460284A07
:108D700023D181F31188BFF36F8F0021C2F8101146
:108D8000D2F81031C2F81811D2F81831C2F8141103
:108D9000D2F81431FFF7A0FC08B1012393601C4BFB
:108DA000C3F80011D3F8002101221A60194A126891
:108DB0000AB37122C3F8042310BDD2F80C04C00317
:108DC000D7D5EFF3118083F31288BFF36F8F124A68
:108DD000D36D03F0C00343F00203D36580F3118821
:108DE000BFF36F8F81F31188BFF36F8F0020BDE851
:108DF0001040FFF799BED3F80021002AFBD00022D3
:108E0000C3F80021D3F80031D6E700BFF8200020D6
:108E100000E01050F02000202813002070B5EFF380
:108E20001185202383F31288BFF36F8F154A1368CF
:108E300023F0020113F0010311601AD17121124ACB
:108E4000C2F8081301215160C2F80031D2F8003194
:108E5000FFF742FC00B1D16042F210740A4ED6F81E
:108E60000C3413F4803309D00120FFF74FFA013C92
:108E7000F5D185F31188BFF36F8F70BD034A53712D
:108E8000F7E700BFF820002000E01050F02000209D
:108E900030B4036902464468181D0021C3E901008B
:108EA000D9602033D3E8EF0FC3E8E51F002DF9D1D7
:108EB00060688368DB6B13B130BC034918476FF0FF
:108EC000570030BC704700BF790E1D0070B5214BB4
:108ED000D3E8EF2F013AC3E8E12F0029F8D1AAB96E
:108EE000EFF31181202383F31288BFF36F8F4FF0CC
:108EF0000040194BC3F85C044FF04040C3F85804DD
:108F0000C3F8002481F31188BFF36F8F134B1D68E2
:108F1000EDB1EFF31186202383F31288BFF36F8F37
:108F20000F4928462C8B05F017FA40B104F00700D2
:108F300086F31188BFF36F8F00EAE07070BD86F38F
:108F40001188BFF36F8F284605F07AFAF4E76FF0C7
:108F50001500F1E7741A002000A005501C21002024
:108F60000C210020F7B5284B284CD3F82C6304F1D2
:108F700088070EB903B0F0BD96FAA6F00123B0FA47
:108F800080F08340DA43224926EA0306231893F847
:108F90005450830019440C2303FB0543DB6873B36F
:108FA000D7E8EF3F03EA020CC7E8EECFBEF1000FAF
:108FB000F6D1C340DB0719D5020102F1A04202F548
:108FC0006222D2F82435D2F82025D1F800C0BCF1B5
:108FD000000FCED04FF0000CC1F800C00C2101FBF7
:108FE000054529690091E9688847C2E705F10C0346
:108FF00004EBC30C54F83320DCF80430E5E70A68CE
:10900000002AB6D00B60B4E700200E50000100200B
:1090100000210E5010461A46084B10B5994209D847
:10902000C1F5F21404F58054A24203D808F022FAE4
:10903000002010BD6FF01500FBE700BFFF4F1E00C2
:109040002DE9F041022106464FF48770FCF7B8FF86
:10905000234A13791BB16FF00400BDE8F081214B66
:10906000136001231371204A11790029F3D11F499C
:10907000137111601E4A11790029ECD11D4813713A
:1090800010601D4AC2F840141C4A11790029E2D12F
:109090001B4913711B4B11601B6A5B0403D44FF413
:1090A0008770FCF76DFF3469BCB100254FF01C08D8
:1090B000154F08FB05431C221846002108F07CF9D7
:1090C0000C2303FB05440123022D0761E36501D155
:1090D0000020C2E734690135EBE76FF01500BCE70B
:1090E000E8200020758B1C00F020002065841C0007
:1090F000042100200DF51C0000E01050FC20002091
:1091000071841C0000E100E0EC1A1D002DE9F7431A
:109110000221E420FCF754FF8E4B8F4CD3F8182724
:1091200022F44032C3F818272278002A73D1D3F8EA
:10913000101521F00201C3F81015D3F8101541F0F5
:109140000101C3F810150521C3F8A4160421C3F8C2
:10915000AC160723672101F001000244013BD2B2A3
:109160004FEA5101F7D1052A5AD119464FF0010CA7
:10917000794E00256720CFB204E00CFA02F220EA13
:109180000200013590FAA0F25FFA85FEBE45B2FA00
:1091900082F2F2D3013132750529224482F85470EB
:1091A00006F10C06E5D1012100256C489A0801FA68
:1091B00002F212F0670F18BF1D500433302BF5D1A7
:1091C000E420FCF7DDFE634B6549D3F8102503F579
:1091D000C07322F00202C3F8902340F6FF72C3F876
:1091E000A82100221A60A3F5807004338B4202602C
:1091F000F8D10127574D5B4E2F6630685A4BB0FBB4
:10920000F3F05D235843594B3B4398472770D5F8FB
:1092100010359F0707D56FF0770003B0BDE8F083E6
:109220006FF08B00F9E7D5F8103543F00203C5F86D
:109230001035D5F8482712F0010202BFD5F848379B
:1092400043F00103C5F84837424BD3F84017D3F831
:1092500044174800F9D42AB9D3F8482722F001026C
:10926000C3F84827404A3368B3FBF2F3394A03EBAB
:109270004313002B64D0D2F84017D2F844174900AA
:109280005CD44FF0FF330193EFF31186202383F377
:109290001288BFF36F8F019B62681340019301999D
:1092A000002950D0B1FA81F20123C2F11F0203FA62
:1092B00002F0C5430DF1040C21EA0000DCE8EF7F69
:1092C0008F4204D1CCE8EE0FBEF1000FF6D1E6D10B
:1092D00061682940616026490A7286F31188BFF3EC
:1092E0006F8F0D7AA268AB401A43A2604FF0FF3631
:1092F0006FF040421F4FD7E90089464572EB090CD9
:10930000F9D31D4A28F01F00C9F31301C2E9000177
:109310004FF0FF304FF0FF31184AC2E900010C2135
:109320000020621992F8542001FB02421449106196
:10933000D1601575074AC2F824336EE7013B98E700
:109340006FF0730069E786F31188BFF36F8F6FF0DA
:109350000B0062E700200E500001002000210E509B
:10936000B0210E507403002040420F00C0171D00B2
:109370007804002040270E50D00E0020C80E002098
:10938000F19F1C002DE9F04101263E4C3E4DD4F8E2
:109390000C3303F07103EBB901253A4C3B4ED4F882
:1093A0000C3303F00C03002B3FD1364AD2F80413E0
:1093B000090664D5D2F81C11002960D0C2F81C310E
:1093C000D2F81C318023C2F80833314BBDE8F0419C
:1093D0001B681847B3FA83F30021C3F11F039A00F7
:1093E00002F5807292B202F1A04202F5871211607A
:1093F00006FA03F7042B1268D8B2C4F8087308D031
:10940000062B10D02B689847D4F80C3303F0710367
:10941000C1E702236B71C4F81411D4F8143120236E
:10942000C4F80433EEE76971ECE7B3FA83F300277D
:10943000C3F11F039A0002F5807292B202F1A042BA
:1094400002F58712176005FA03F1022B1268D8B2F1
:10945000C4F8081310D1D4F84C34D4F84C349F0716
:109460000AD10423C4F84054C4F804332561D4F865
:109470000C3303F00C0396E733689847F7E7BDE831
:10948000F08100BF00E01050F020002004210020F7
:10949000FC20002038B5084C084DAC4201D3002018
:1094A00038BD04F10C032046D4E90112C4E90333AA
:1094B00004F0E2FE1434F0E7640500207805002093
:1094C0002DE9F04F4368DFF8C4B11C69036987B028
:1094D000D3F8A4A0DBF8243080468946019203B17A
:1094E0009847A36D012023F02003A365FEF70EFF2C
:1094F000A36D012023F01003A365FEF707FFA36D02
:10950000012043F00403A365FEF700FFA36D23F0E1
:109510000803A365B9F1000F07D09AF86A33590719
:109520004CBF01203220FEF7F1FEA36D012043F075
:109530001003A365FEF7EAFEA36D019A23F0010371
:10954000A365D8F804301D69D8F81030D3F8A4709A
:10955000D7F8A43223F47F5613F0C05FD7F8CC308D
:1095600026F03F066B65D7F8C83008BF46F40036D2
:109570002B63C5F8006ED7F8B43043F00103AB603D
:109580004FF0FF336B614FF48033AB61D7F8B830E5
:10959000EB60D7F81031C5F800380AB1C5F80038CB
:1095A000B9F1000F01D146F402760120C5F8006E32
:1095B000FEF7ACFE46F40053C5F8003EFFF778F91D
:1095C00040F63543C318029341F1000303936B69DE
:1095D000DA030CD4DBF81C30002B4AD1DDE902237E
:1095E00004A806F0CEF8DDE904231343EFD197F881
:1095F0006A331B0704D50120C5F8006EFEF786FE0E
:10960000019B13B94FF0FF336B61A36D012023F071
:109610000403A365FEF77AFEB9F1000F05D1D4F873
:10962000003E23F00803C4F8003EDAF8B830E360E7
:10963000DAF81031C4F80038DAF81431C4F8043814
:10964000A36D23F00203A365B9F1000F16D1052025
:10965000FEF75CFED4F8043843F40063C4F8043821
:10966000012005F0A9FB4FF0FF33636107B0BDE8AF
:10967000F08F404698470028B0D0B8E70120FEF7A9
:1096800045FEDAF8143143F00103E7E75802002001
:109690002DE9F04104460D464768EFF305838BB191
:1096A0002021EFF311831A4681F31288BFF36F8FE5
:1096B00060680068D0F83001C8B983F31188BFF33F
:1096C0006F8FEEE71E4B1B78002BE9D04FF0200880
:1096D000642663681B68D3F83031F3B90120FEF7C4
:1096E00015FE013EF5D1012005F066FBF0E77B6A2F
:1096F00000201D706368796A1B68C3F83C1701215C
:10970000C3F84017C3F83001D3F83001196582F36C
:109710001188BFF36F8FBDE8F081EFF311831A4614
:1097200088F31288BFF36F8F61680968D1F8301130
:109730000029DCD183F31188BFF36F8FD3E700BF1B
:109740006421002001222DE9F0413249D1E8EF3FA8
:10975000C1E8E02F0028F9D133B92F492F484B60D9
:10976000CB608A6004F013FEEFF30585EDB92C4B56
:109770001B78D3B104222F462A4BC3F808230126B5
:10978000284CDFF8A480D4F84C24D4F84C34D2030D
:1097900014D503F00303012B10D1BFB385F3118857
:1097A000BFF36F8F0020BDE8F081EFF31185202318
:1097B00083F31288BFF36F8F0127E0E717B372B608
:1097C000002383F31188BFF36F8FBFF34F8F20BF48
:1097D00085F31188BFF36F8F62B6D4F8403413F06D
:1097E000FF03D0D1D4F80821002ACCD0C4F8083126
:1097F000D4F808314FF48043C4F84064C8F8A0316D
:109800002661C0E7012005F0D7FAE6E70423C4F893
:109810000433C7E7CC200020BC20002044130020E4
:109820006421002000E0105000E100E01FB500229C
:109830000123CDE902236B46084ACDF800D0CDF8CC
:1098400004D005F053FE002805DB43F6095200233F
:10985000684605F0C3FA05B05DF804FB9DFB1C00EB
:10986000F8B51E4B054698420E46144633D8C0F54F
:10987000F21303F580539A422DD82AB34FF0FF32EA
:109880004FF0FF33164805F0A9FA40F20113154FC7
:109890002246C7F80035CEB13146284607F0EAFD2A
:1098A000BFF35F8FD7F81834DA0705D4230703D046
:1098B0000123BB60BFF35F8F4FF48072094B0848F0
:1098C000C3F8002505F0E3FB0020F8BDFF21284682
:1098D00007F072FDE4E76FF01500F6E7FF4F1E009A
:1098E000D420002000E004502DE9F74F436891F8A0
:1098F00018C01A6903691CF07F0507468846D3F82B
:10990000A46091F9180037D10028ACBF02F530658A
:1099100002F51065498B2B68202923F0030323D01F
:1099200006D808291AD010291BD06FF0150012E0B4
:109930004029FAD143F40044BCF1000F17D11023A1
:1099400013611369D806FCD40122414638462C60C5
:1099500005F0C7FC002003B0BDE8F08F43F003031F
:10996000E8E743F00203E5E743F00103E2E7002103
:10997000384605F0AAFCE7E700281ADB05F158098C
:1099800002EB4919D9F80030774CB8F81AB01C40EE
:1099900098F81930CBF30A0103F00303022B44EAD1
:1099A00001040FD0032B55D0012BBED144F48024E9
:1099B0000CE096F86E3313B1013B9D42B5D805F12A
:1099C0004809DDE744F0805444F40024002880F284
:1099D000A280002900F09F80384605F06EFC03311C
:1099E000CBF3C12324F0707A01338C0810B1022B21
:1099F00028BF02235C4396F86A33D90740F1A98057
:109A00000122B6F8401302FA05F35B420B4226D15D
:109A1000012D50D07B681B6903EB8503D3F8FC2034
:109A2000D3F8FC30120C12FA83F3B6F84023EA4064
:109A3000D2074CD57A68126902EB8502D2F8001180
:109A4000D2F8002189B28B424FEA12423CD06FF02B
:109A50000B0080E744F0805444F44024B6E796F8C5
:109A60006EB30BF1FF3B5FFA8BFBB6F840335FFA46
:109A70008BF1BBF1000FCBD041F080013846019350
:109A800006F0DBF8019B007D23FA0BF110F0010FCB
:109A90004FF0010201F0010104D00029B8D10BF10F
:109AA000FF3BE2E70029FAD002FA0BF123EA0103B7
:109AB000A6F84033F3E7B6F84823B6F84633202A31
:109AC00094BF9B182033B0E79442C0D8144605F5E4
:109AD000D27236F81220A242B9D3B6F844131A193A
:109AE0008A42B4D87A6805F13F01126943EA044317
:109AF00002EB810253600123B6F84023AB40AC0572
:109B0000134304F0707429463846A6F8403344EAFB
:109B10000A0405F0DAFB01224146384644F40044C9
:109B200005F0DFFBC9F8004098F8193003F0030393
:109B3000012B7FF40FAF98F81820D243C2F3C01264
:109B400005EB0211D6F834238B401A43C6F83423B0
:109B500000E702EB8502D2F80031D2F80021B4EB25
:109B6000134FC8D973E700BF00F8F3FF2DE9F04F9A
:109B7000DFF8A092D0F804A0D9F804300746DAF84C
:109B8000108085B06BB93B693846D3F8A4407B6838
:109B90001D69FEF7F3FB064640B1304605B0BDE84F
:109BA000F08F984706460028F7D1ECE72B6C9A4ACD
:109BB00093428CBF0023012394F86A2363F3C3020A
:109BC00084F86A236B6CC4F8A832D5F848B0EA6C04
:109BD0002E6D0392B30140F119814FF0804319209B
:109BE000EB6005F0E9F8CBF3C103981E94F86A1313
:109BF0004342434163F341011BF4002F84F86A138D
:109C000018BFCBB24FF001011CBF43F0010384F831
:109C10006A33C6F3801384F86C33CBF383230133A8
:109C2000039A84F86D33C6F38363013384F86E338B
:109C3000130CA4F84433C2F30213043301FA03F300
:109C4000013BC4F8B03202F00F030B3399400139E5
:109C5000C4F8AC12110542BF94F86A3343F0040310
:109C600084F86A3394F86A23AB6892074CBF43F0D8
:109C7000200323F02003AB60D5F80038CBF381122A
:109C800023F40003012A23F0030368D0023A012AD7
:109C900068D91BF4407F61494FF0000208BF4FF0C4
:109CA000804143F0030316F4404F18BF41F0080110
:109CB000E9600020C5F80038022303264FF0006C4D
:109CC000C5F8043884F86F0394F86D13C3B2994251
:109CD0004BD8AB6A94F86EC31B0CA4F8483300232E
:109CE00004F55276581CC1B28C455FD894F86A339B
:109CF000696ADB07A4F8461325D51920EB6D002A05
:109D00009BB200FB03F34FF06400B3FBF0F389B2A6
:109D10000CBF8F224FF44572994228BF194694F820
:109D20006F0302EB40028A4228BF0A46A4F846238A
:109D30006A62B4F84823B4F84633202A28BF2022A8
:109D400043EA0243AB6200224023114600923846A8
:109D500005F07CFF0246A0B36FF004061DE74FF04C
:109D60008041A0E701222E499DE74FEA430ED4F837
:109D7000A81206FA0EFB0BEA010121FA0EF131F0EE
:109D8000020111D1796803F07F03096910F0800F97
:109D90000CBF5833483301EB4311C1F800C094F8AD
:109DA0006F33013384F86F3301308DE779684033C6
:109DB000096901EB83035B681B0C26F8023F03462D
:109DC00090E7009040238021384605F03FFF06468B
:109DD0000028C1D1134B3846AB61D8F8083043F0A6
:109DE0000103C8F80830DAF820309847D8F804386A
:109DF00023F00203C8F80438D9F80830002B3FF4E8
:109E0000CCAE384605B0BDE8F04F18476FF0850678
:109E1000C3E600BF580200200950544F40000040E4
:109E20001000004080380C80012208B52E4BC3F88A
:109E30000028A3F55723D3F80034FEF74DFC10B1EA
:109E40002A4BC3F80C242A48FEF754FC0830FEF7CE
:109E500051FC0830FEF74EFC0830FEF74BFC00F5D5
:109E6000F470FEF747FC234AD2F88C3043F4406389
:109E7000C2F88C300022D30003F57F0303F5404382
:109E8000D3F8001401310AD0D3F8001439B1D3F853
:109E900000140132D3F80434402A0B60EBD1164B86
:109EA000D3F80026D2071AD4144B1249D3F8182538
:109EB00022F00302C3F81825D3F81825C3F8182593
:109EC000D1F88C2042F44062C1F88C200022C3F803
:109ED000A0250B4AD2F80034012BFBD008BD6FF04F
:109EE0000102C3F80026DFE70000125000300550E1
:109EF00000F50E5000ED00E000E0105000E00450CE
:109F000000900450F8B504460E4610461946154612
:109F100005F081FD2368E26803449A4205D20821D6
:109F2000204605F0E4FE0020F8BD471E2A7808D040
:109F3000033806288EBF00230C4B1B5C03F118026C
:109F4000D2B23146204605F0EBFF0028EBD02F447B
:109F5000BD4203D1A3680133A360E5E723685A1C1F
:109F6000226017F8012D1A70F2E700BF981D1D003E
:109F7000124B70B553F82050013053F82060AE42B8
:109F800000D870BD6C68B4B1237EDB0711D463695F
:109F900053B12046984738B10028B8BF4042FF2847
:109FA000A8BFFF20E3681870E268537843F001030C
:109FB00053700835E3E72B689847FAE7981A1D00B5
:109FC00038B501460446094804F0E9FA40B1D0E941
:109FD0000432D4E904155B1842EB0502C0E90432EF
:109FE0002046BDE8384006F024B800BF84040020B5
:109FF0002DE9F84F3A4C0027D4E90065911B63EB3B
:10A000000500490941EAC061480180194FF0000686
:10A0100045EBD165C4E900053248C0E90023324B65
:10A02000C3E90067EFF31180202383F31288BFF3A5
:10A030006F8FDFF8B8B0DFF8B890DBF80040DFF8DA
:10A04000B4805C4508BF0024C9F800108246D8E9F6
:10A050000021D9F800308CB3D4E904504FEAE37CF6
:10A06000AB427CEB000E05DAED1A60EB0C00C4E9A4
:10A07000045023E0AA1841EBE5712046C4E90467C7
:10A08000C8E90021FFF79CFF8AF31188BFF36F8FA7
:10A090002046A3689847EFF3118A202383F31288A0
:10A0A000BFF36F8FD9F80030DBF800405B1B5C45D5
:10A0B0005046C9F80030C9D1D8E9002100209A18CB
:10A0C00041EBE373C8E90023C9F80000FEF7D6FBB3
:10A0D000FEF764FD8AF31188BFF36F8FBDE8F88F38
:10A0E000D00E0020C80E0020C00E002084040020E6
:10A0F000D0200020B80E00202DE9F843846894F9A0
:10A100000E308B4272D0EFF31187202383F3128835
:10A11000BFF36F8F637B4DB203F01F02002A0CBFA9
:10A12000012600263AD1DFF8C88003F07F03C1463C
:10A130006373204605F07DFF637BA57363F07F03A7
:10A14000637359F8181F49450BD1D8F81C30C4E97E
:10A1500000931C60C8F81C4010E0484604F01FFA49
:10A1600001460029F1D091F90E309D42F5D0AB4265
:10A17000F3DD4B68C4E900131C604C60D8F818305C
:10A180004B4500D00BB9D8F80C30C8F8143087F321
:10A190001188BFF36F8F3046BDE8F8839B0723D546
:10A1A000D4F80880204605F044FFA573D8F80010C5
:10A1B00088450BD1D8F80430C4E900831C60C8F886
:10A1C0000440E4E7404604F0EAF901460029F1D0F2
:10A1D00091F90E309D42F5D0AB42F3DD4B68C4E9F6
:10A1E00000131C604C60D2E7A573D0E70026D2E7CD
:10A1F0001416002010B590F90D200146002A437B6B
:10A2000004DA03F07F03437305F013FF0B4A14468F
:10A2100054F8183F9068A34200D003B9D36888422D
:10A2200009D0417BC90606D1C1897F2903D9996923
:10A23000002908BF0346536110BD00BF141600205B
:10A240006FF00A01094A9368C3F888100849C3F8F7
:10A2500084004B6843F080534B60002383F31188E4
:10A26000BFF36F8F9368D3F88800704714160020EF
:10A2700000ED00E0EFF31183202282F31288BFF398
:10A280006F8F4BB9EFF3058030B9064A5169926878
:10A29000914201D0FFF7D4BF83F31188BFF36F8FD2
:10A2A000704700BF1416002070B590F90D200446C9
:10A2B000002A437B32DBD80630D11A4D63F07F038E
:10A2C0002E46637356F8181FB14209D1EB69C4E9F1
:10A2D00000631C60EC6112E0304604F060F9014656
:10A2E0000029F3D094F90E3091F90E209342F3D067
:10A2F0009A42F1DD4B68C4E900131C604C60AB6905
:10A30000B34200D003B9EB68AA68517BC90604D1F7
:10A31000D1897F2901D9996909B16B6170BD6A61E1
:10A32000FCE700BF14160020EFF31181202383F314
:10A330001288BFF36F8F054B9A68D37B013BD373B1
:10A3400081F31188BFF36F8F704700BF1416002090
:10A3500010B4EFF31184202383F31288BFF36F8FBF
:10A360000E4908468A68D37B0133D37350F8183FEF
:10A37000834200D003B9CB68507BC00606D1D08998
:10A380007F2803D99869002808BF13464B6184F3DE
:10A390001188BFF36F8F10BCFFF76CBF141600203D
:10A3A00070B4EFF31180202383F31288BFF36F8F13
:10A3B000174A9468D5692368AC4214BF1946002136
:10A3C000646823605C609368D46929B91149C3E962
:10A3D00000142360D3610CE093F90E5091F90E60E4
:10A3E000B54210D0AE420EDD4C68C3E900142360C4
:10A3F0004B60936907498B4200D003B9D36853611E
:10A4000070BCFFF71DBFA142E0D00968DDE700BFC7
:10A41000141600202C160020B3F1FF3F08BFB2F144
:10A42000FF3F2DE9F0470446994615461F467CD06C
:10A430008160EFF31188202383F31288BFF36F8FBD
:10A44000B9F1000FDFF8E8A01FDBFEF7EDF9DAE95C
:10A45000002706464FF0010A013549F100092D1881
:10A4600049EBE073C4E90453AD1843EB0707DFF889
:10A47000C490D9F80010494527D1D9F80430C4E96F
:10A4800000931C60C9F8044033E06FF00103DAE97F
:10A4900000125B1A4FF0FF3161EB02025B1B62EBB3
:10A4A0000902012B72F10001BCBF012300224FF011
:10A4B000000AC0E90432DAE79B1A60EB0C00C4E939
:10A4C0000430484604F06BF801460029D5D0D1E9A4
:10A4D000042CD4E90430934270EB0C0EECDAD21A5F
:10A4E0004B686CEB0000C1E90420C4E900131C6058
:10A4F0004C60D9F800304B450FD09C420DD10E4B2B
:10A500001B6853B9BAF1000F02D1FEF78DF9064668
:10A510003046FEF7B3F9FEF741FB88F31188BFF32D
:10A520006F8F28463946BDE8F08700252F46F8E7AB
:10A53000B80E002084040020D0200020F8B550EA96
:10A54000010306460C4603D1FFF72AFF0020F8BDA1
:10A55000EFF31187202383F31288BFF36F8F114D20
:10A56000A868FFF747FEA868234632460E49183010
:10A57000FFF752FFAA680446537B384643F00403B2
:10A580005373FFF75DFEAB68D3E90A23B3F1004FC5
:10A5900008BF002ADAD1FEF78BF9201A20EAE07012
:10A5A000D5E700BF141600209D001D002DE9F041E5
:10A5B0000446EFF31188202383F31288BFF36F8FD3
:10A5C0000368F3B1104B00261D684FF000479D4211
:10A5D0000AD1FFF7F5FCC4E90467002088F311886D
:10A5E000BFF36F8FBDE8F081FFF7EAFCAC42C4E92E
:10A5F0000467F2D1FEF718F9FEF740F9FEF7CEFA3C
:10A60000EBE76FF01500E9E784040020F8B5C368B4
:10A610000E4699070446C3F340053FD45A073FD47A
:10A6200033680BB983683360E368DB0742BFA36814
:10A6300002253360376858BF0125002F33D01B48EF
:10A64000D7F890C08068D7F8AC306045C3F380027B
:10A65000C3F3C00103F0010306D1EFF3058018B97D
:10A66000C3B96FF012051BE0002BFAD0B2B9A9B93B
:10A67000214607F1940003F057FE002107F19C00EA
:10A6800005F01FFDE36843F00403E3603368A36053
:10A690002846F8BD0029EBD0002AE9D16FF00F055C
:10A6A00000233360F4E76FF01505F9E71416002076
:10A6B00037B50C4B0193EFF31185202383F31288F8
:10A6C000BFF36F8F01A9FFF7A1FF044685F311883F
:10A6D000BFF36F8F002801DDFFF7CCFD204603B0EC
:10A6E00030BD00BFD00A002073B513490191EFF3CC
:10A6F0001185202181F31288BFF36F8FC16811F09B
:10A700001E0F16D153EA020608D101A9FFF77EFFFA
:10A7100085F31188BFF36F8F02B070BD41F008015F
:10A72000C1600199103081610449FFF775FE012075
:10A73000EEE70020ECE700BFD00A002009011D0071
:10A740000323B1FBF3F303EB4302914218BF013340
:10A750009B000133052B13B522D80378204A9C10A7
:10A7600003294FEA0313145D03F030032ED141781F
:10A770008DF8004002EB11148078E35C89008DF8BD
:10A78000013001F03C0102EB90135B5C00F03F00F4
:10A790008DF80230135C8DF8033000238DF80430FF
:10A7A00004216846FDF76AFE02B010BD41788DF8BD
:10A7B000004002EB1110C35C890001F03C018DF8F0
:10A7C0000130535C8DF802303D23E4E70229EDD0DF
:10A7D000D35C8DF800408DF801303D23F2E700BFD7
:10A7E000581D1D0010B5044C206818B1FBF7B2FDD0
:10A7F0000023236010BD00BF201300202DE9F74F78
:10A80000019300F15803C0E91633109B002603732F
:10A81000042304468A4643730F9BDFF898B0837382
:10A820000732254B22F007080BEB030701EB080565
:10A83000A5EB07095A46C0E9066620498660C6733B
:10A84000484606F017FE1C4B31461A4609EB0B0032
:10A8500006F0B2FDA9F10803C4F880300F37184B99
:10A8600027F00707E81B23F00103C4E91CA8A7672A
:10A8700040F8083C019B40F8203C0C9B40F81C3CF5
:10A880000D9B40F8183C0E9B40F8143C4FF0807331
:10A8900040F8043CA0F1200323650A4BC4F884600F
:10A8A0009B68666584F86C6003B1DB6FE36703B097
:10A8B000BDE8F08F0000000008000000A8171D0090
:10A8C000F5811C0014160020154B9A6A12F0007FC7
:10A8D0009A6A14BF1E201D2012F0807F9A6A18BF4A
:10A8E0001F2012F4801F9A6A18BF022012F4002F52
:10A8F0009A6A18BF212012F4802F9A6A18BF22206A
:10A9000012F4003F9A6A18BF232012F4803F9A6A1B
:10A9100018BF24206FEA02426FEA12429A6270471F
:10A9200000ED00E010B5184B0246986A9C6A10F4DE
:10A93000805F14BF1720162014F4006F9C6A18BFA4
:10A940001820A40508D5986A000404D51AB19A6A9B
:10A9500022F400429A6219200B4B9A6A12F4806F1B
:10A960009A6A18BF1A20D2050CD49B6A13F4005FB0
:10A9700018BF1C20044A936A43F47F439362002368
:10A980000B7010BD1B20F5E700ED00E010B51C4B6F
:10A990000246986A9C6A10F0100F14BF1120102014
:10A9A00014F0080F9C6A18BF1220A40709D5586B31
:10A9B000986A000604D51AB19A6A22F080029A6257
:10A9C00013200F4B9A6A12F0010F9A6A18BF1420D5
:10A9D00012F0200F9A6A18BF1520D40658BF9B6A40
:10A9E000074B9A6A920642BF5A6A22F400525A6290
:10A9F0009A6A42F0FF029A6200230B7010BD00BFFA
:10AA000000ED00E0B3F1FF3F08BFB2F1FF3F2DE9D9
:10AA1000F04385B0054690461C461646039145D046
:10AA200054EA020346D0002C38DBFDF741FF36180C
:10AA300044EB0107EFF31189202383F31288BFF35E
:10AA40006F8F6B8A002B50D02A8A9A4234D9002209
:10AA500000232846FBF72EFC044668B389F31188CF
:10AA6000BFF36F8F039B002B50D032463B466846A6
:10AA700004F087FE2421A27A2D4B204601FB0233ED
:10AA8000DB6903A91B681D68DDE90023A847606135
:10AA900000283CD12046FBF73FFC32E06FF0010379
:10AAA0009E1A4FF0FF3363EB0407C3E74FF0FF3606
:10AAB0003746BFE70026FBE7698A4B1E6B8289F3A6
:10AAC0001188BFF36F8F2B7D2A8A2C6A1B3323F0EA
:10AAD0000303521A02FB0344154B164AEB1A9B1050
:10AAE0005343A3722B7DE372BCE789F31188BFF354
:10AAF0006F8F234642462846FBF7DCFB04460028BE
:10AB0000B0D10024204605B0BDE8F0836361012385
:10AB100000252381039B29466382E27A656004F164
:10AB2000180006F049FC63692582E360EAE700BF8C
:10AB300040060020398EE338F8B51446876805468C
:10AB4000FB6B0E4698472146002200230548FFF77D
:10AB500059FF044600B1067628463B6C98472046CC
:10AB6000F8BD00BF8806002010B504460448002246
:10AB7000C16900238968FFF745FF00B1047610BD65
:10AB8000400600202DE9F04F4B688BB00293002364
:10AB90009B46CC6807900491089303937CB9039B70
:10ABA000029A09339BB293701B0AD370049B82F8FC
:10ABB00004B0DC68002C40F0DD80A146B5E0002543
:10ABC00007996068099503F018FE002800F0B98025
:10ABD000C4E903555D46031F0093009A52F8043FF1
:10ABE00000920BB11A782AB95D4500F2A5806FF08A
:10ABF00015099AE05A780B2A08BF9D70009B1B68C4
:10AC00005A78042A10D1E26809990A43E260DA7896
:10AC1000002A6DD101229D702369AA40134301359A
:10AC20002361EDB200230993009BD3F8008098F8CC
:10AC30000130052BD1D1574B6FF012099E690123CA
:10AC4000019398F902309DF80470002BB8BF47F0CB
:10AC50008007394608A8B8F804A003F0D2FE0028FF
:10AC60005ED1394609A803F0CCFE002858D198F8E7
:10AC7000033039460593B3683046069304F0DDFF90
:10AC80008146002855D0069B3046DB6B98475346DB
:10AC9000059A3946484604F0F3FD069B1A6C0028D5
:10ACA0003AD0BAF1000F13D13369D3F88030DB0703
:10ACB00058BF4021059B48BF4FF4806103F0030358
:10ACC0004CBF4FF400700846022B18D0032B1DD048
:10ACD00030469047394609A888F80270A8F804A0C1
:10ACE00003F09BFD98F8021008A803F096FD74E7A6
:10ACF0006A1E9A7009A908A804F0FBFE92E7B9F849
:10AD00001030834228BF03469A46E1E7B9F8103075
:10AD10008B4228BF0B46F7E7304690476FF0850916
:10AD2000019B0133102B01938BD148460BB0BDE83A
:10AD3000F08F6FF01209F3E7AB46E368099A13430B
:10AD4000E360606883689B6A03B398478146002884
:10AD5000EBD10799606803F050FD20B150F8043B37
:10AD60000BB11B7823B9039B24684B44039315E76D
:10AD70009944F2E7E36804F10C01A36008A804F029
:10AD8000B8FE81460028D0D1246813E76FF085090A
:10AD9000CBE700BFAC0600202DE9F04180460D4610
:10ADA00017461E46EFF31183202383F31288BFF367
:10ADB0006F8F1C4B9C682046FFF71CFA637BA560D5
:10ADC00043F00203637329688D4209D16B68C4E9BB
:10ADD00000531C606C6012E0284603F0E0FB014663
:10ADE0000029F3D094F90E3091F90E209342F3D05C
:10ADF0009A42F1DD4B68C4E900131C604C60B6F167
:10AE0000FF3F08BFB7F1FF3F06D03A463346064939
:10AE100004F11800FFF700FB4046BDE8F041FFF7E2
:10AE20000FBA00BF141600209D001D002DE9F04F41
:10AE300098468946817A2420B8F1FF3F08BFB2F1D5
:10AE4000FF3F2E4BD9F8007000FB013307F10307D9
:10AE5000DB6927F00307D3F804B01546C24685B076
:10AE6000C9F800702CD058EA02022DD0B8F1000FBA
:10AE70001EDBFDF71DFD2C1841EB0808EFF31186D2
:10AE8000202383F31288BFF36F8F0BF10C03019320
:10AE90003A460421584603F041F9B8B186F31188C7
:10AEA000BFF36F8F08B9C9F8000005B0BDE8F08F97
:10AEB0006FF001044FF0FF33641B63EB0808DDE71C
:10AEC0004FF0FF34A046D9E70024FBE755EA0A0516
:10AED000E4D02246434602A804F053FCDDE90223F5
:10AEE0003046019915469A46FFF756FFEFF3118653
:10AEF000202383F31288BFF36F8FC9E74006002039
:10AF00002DE9F04105462027474EEFF3118887F3DE
:10AF10001288BFF36F8F05F1940003F074FCD5F82D
:10AF2000AC300446002845D043F00203C5F8AC30ED
:10AF3000C36823F0040343F00103C360436888F34C
:10AF40001188BFF36F8F9847EFF3118887F312884A
:10AF5000BFF36F8FE368D90623F001024ED4E2609D
:10AF6000E3689A0717D5306823F00203E36090B1D5
:10AF70000021036878B1426894424DD103680029EA
:10AF800044D172683360904200D17360002340F86E
:10AF9000083B04F07CF8D5F8AC3023F00203C5F888
:10AFA000AC3088F31188BFF36F8FDB05ADD4FFF7AA
:10AFB000F7F9AAE723F004025C07C5F8AC20C3F355
:10AFC000800111D505F1A4040121204605F079F88E
:10AFD0000028F9D14FF0FF324FF0FF33404605F122
:10AFE0009C01FFF7D9FE90E7D006F3D5C5F8AC1069
:10AFF00088F31188BFF36F8FBDE8F08123F0110350
:10B00000E36004F1100004F042F8A9E70B607368F4
:10B01000984208BF7160B9E723B11A680146184623
:10B020001346A7E71A46F9E7BC1A0020F8B505460B
:10B030000E488668EFF31180202484F31288BFF352
:10B040006F8FAC680C4005D080F31188BFF36F8F11
:10B050002046F8BD53EA0207F6D0C6E9191429467E
:10B06000FFF79AFE0028F3D1746EF1E71416002062
:10B070002DE9F0410022002302212448FFF7D6FFEA
:10B0800060B94FF0FF324FF0FF3302211F48FFF746
:10B09000CDFF18B96FF07300BDE8F08100260125DF
:10B0A0001B4B1C4918684E60CE608D6003F06FF931
:10B0B0000028F1DBEFF31188202383F31288BFF31C
:10B0C0006F8F4FF000474FF04043134C2D20C4F8D2
:10B0D0000054C4F85C74C4F858340323C4F8003432
:10B0E000FDF714F928462560FDF710F9C4F85874E7
:10B0F00088F31188BFF36F8F084BD3E8EF1F294403
:10B10000C3E8E21F002AF8D13046C5E7581A0020EC
:10B110001C2100200C21002000A00550741A0020E2
:10B1200008B50022002302210348FFF77FFFB0FA91
:10B1300080F0400908BD00BF581A0020E0B50D4658
:10B140001646EFF3118C202181F31288BFF36F8F25
:10B15000C16859B129600B68C36083690133836199
:10B1600000208CF31188BFF36F8F0EE01E4303D1D4
:10B170006FF00B002960F4E701466046FFF70CFE14
:10B1800018B9024B9B681B692B60E0BD14160020A8
:10B19000034648B9EFF3058232B9064A516992680D
:10B1A000914201D0FFF74CB883F31188BFF36F8F42
:10B1B000704700BF14160020827A2420034B00FB46
:10B1C0000233DB69586805F0A0B800BF40060020D4
:10B1D0002DE9F047314D8AB0314C204603F050FA4A
:10B1E00018B1204602F005FC10B90AB0BDE8F0879E
:10B1F000204602F0FAFB0028EFD02022284802A9BE
:10B2000002F08CFD07460028E7D04FF00009254CDE
:10B2100002AEB945E0DA2B7816F8018B7BB9D4F889
:10B2200000A0BAF1000F0AD1002200231E4801A994
:10B23000FFF784FFE0B10123C4F800A02B7095F85C
:10B2400000A02168BAF1000F0AD1D1F884307F2B19
:10B2500013D9154805F093F80123C4F800A02B700A
:10B26000B8F10A0F01D100232B7009F10109D0E7D1
:10B27000019BC3F884002360E1E75A1CB8F10A0F70
:10B280000B44C1F8842083F80480EED1074B0846B4
:10B290001B68C4F800A09847E7E700BF65210020BD
:10B2A000CC151D00E42000202C050020E412002015
:10B2B0002DE9F041044617461E46EFF3118820237E
:10B2C00083F31288BFF36F8FC368324A73B1856806
:10B2D00091688D4218D057EA060317D188F3118878
:10B2E000BFF36F8F6FF00F00BDE8F081916891F9A7
:10B2F0000E100133E36093682161A36088F3118825
:10B30000BFF36F8F0020EFE70169F2E791F90E10AC
:10B3100095F90E306FF07E029942A8BF194691420E
:10B32000B8BF11468B422CDDFEF7E6FE05463A46D5
:10B33000334621464046FFF72FFD0028E2D0EFF3C9
:10B340001186202383F31288BFF36F8FA368D3B1D4
:10B35000236821699C420AD04BB193F90E3099427F
:10B36000A8BF19466FF07E039942B8BF1946204620
:10B37000FEF7C2FE38B13046FFF70AFF6FF00A0051
:10B38000B2E70025D3E7002DF5D186F31188BFF38E
:10B390006F8FF3E71416002070B583680446002B06
:10B3A00036D01E4A9268934235D1C368012B03D927
:10B3B000013BC360002070BDEFF31186202383F3AF
:10B3C0001288BFF36F8F0169FEF796FE2568AC42C5
:10B3D00007D10023C4E9023386F31188BFF36F8FCE
:10B3E000E8E7002DF5D0284604F02BFE05F1180003
:10B3F000FFF7DCF8A56095F90E302846236100239D
:10B40000C5F8883004F04EFE3046FFF7C1FED1E7A4
:10B410006FF01500CFE74FF0FF30CCE71416002097
:10B42000F0B587B00446DDE910650E9F04970D9FC7
:10B4300003970027CDE901770C9F0097FFF7DEF90E
:10B44000B5F1FF3F08BFB6F1FF3F05D055EA06034F
:10B4500005D1204604F0D3FF204607B0F0BD3246A8
:10B460002B4604F118000249FEF7D6FFF4E700BFAF
:10B470009D001D0030B5026903460024D2F8A400E7
:10B4800000256FF00702012187B0CDE9012100936B
:10B490004FF40072CDE90445024B0349FFF7C0FFAA
:10B4A00007B030BD39BE1C00285200202DE9F04302
:10B4B000002600F19C07C0E9277700F1A407C0E946
:10B4C0002566C0E9297787B00E9D4FF0FF382F79A8
:10B4D0004FF0FF39B74240F2011708BF0127C0F80B
:10B4E000AC70CDE90136CDE904890B4B00900446E0
:10B4F000FFF796FF2B68002BFFD06B791BB1237BE6
:10B5000043F001032373204604F079FFC4F8904010
:10B5100007B0BDE8F08300BF01AF1C0007B5074BC3
:10B520004FF41062009306494FF0FF330548FFF7D0
:10B53000BDFF002003B05DF804FB00BF8C1A1D00A6
:10B5400028490020D00A00207FB50122254B032086
:10B550001A70FEF70DFD0420FEF70AFD224C234D64
:10B560002646AE4204F130040DD3FEF7DDFE1E4C3C
:10B570001F4EAC4220D3FEF7EBFE002147F612200F
:10B5800002F097FDF9E754F8103C54E90C010493DC
:10B5900054F8143C039354F8183C029354F81C3CA0
:10B5A000019354F8203C009354E90A23FFF726F94D
:10B5B00054F8303C5E65D3E7D4E90A23B3F1FF3F8A
:10B5C00008BFB2F1FF3F05D052EA0301206803D162
:10B5D00004F015FF3034CCE731461830FEF71CFF7D
:10B5E000F8E700BF6421002090161D0090161D0092
:10B5F0009D001D002DE9F74F43684F7ED3F810B032
:10B6000003690E7E4C8BD3F8A4A007F0030317F058
:10B61000010701928046128A06F07F06C4F3C12515
:10B6200000930AD0009B012B06D1C4F30A0005FB4E
:10B630000000824228BF02460127404603F033FE45
:10B64000D8B10BEB4610D0F81809C4F30A0980B240
:10B6500009F1030C80002CF0030CB0FBFCFE0CFB8A
:10B660001E000EFB0900824204D905F1010CF445CD
:10B6700000F2C780824228BF0246002A50D0002E26
:10B680004BD0DAE9AB038242C4F30A0C82BF05FB5C
:10B690000CC2B0FBF2F042430CF1FF341444B4FB93
:10B6A000FCF4A34205D26C1CB3FBF4F254430CFB34
:10B6B00004F20AEB8600C0F8B422EFF311892020CF
:10B6C00080F31288BFF36F8F67B301356D0705F004
:10B6D000C0454D48C2F3120700EAC440384328432E
:10B6E0000BEB4617C7F810094046750103F0E5FD5E
:10B6F000E8B1019B488BDF68BB0705D1830713D0F6
:10B70000C0F30A0082420FD989F31188BFF36F8F0B
:10B710006FF0850003B0BDE8F08F03237F20B2E710
:10B720000124C6E73D46D4E75D44C5F814790BEB28
:10B730004615D5F80009070406D489F31188BFF32C
:10B740006F8F6FF00100E5E7009B012B07D1BAF87E
:10B750006833DB074CBF40F0805040F000500B7E58
:10B76000802B0CBF40F0004040F00440C5F80009B9
:10B77000404603F098FD58B901210AF19C00B14000
:10B7800004F0CCFF89F31188BFF36F8F0020C1E76D
:10B79000019B06F1010ED3F80CC00BEB0E3E002C02
:10B7A000EAD04B8B6746C3F30A03934228BF134684
:10B7B0000025AB4203D8013C9C44D21AEFE705F1C7
:10B7C00001084345387888BF97F8018007F10407DE
:10B7D00088BF40EA082005F10208434584BF17F8F6
:10B7E000028C40EA084005F10308434588BF17F87A
:10B7F000018C05F1040588BF40EA0860CEF800001E
:10B80000D7E76FF00A0085E70000F81F2DE9F04F39
:10B810009346426803468A46116902699BF81800FC
:10B82000BBF81A5085B010F07F06D2F8A420009023
:10B83000C5F3C12808D1D1F8004B60B14FF07F09A2
:10B84000012744F0044412E006F1580040010C586E
:10B85000D2E9AB97F5E74FF07F0901279AF8190075
:10B8600010F0060F0CBF44F0004444F004440AF109
:10B870000C00CDE90223019102F06BFEDDE901121B
:10B880009BF819C0039B0CF0030CBCF1010FC5F32E
:10B890000A054ED108FB0559814508F1010C57D81E
:10B8A000B2F86803C0074CBF44F0805444F0005421
:10B8B00067453FBF08F10108B7FBF8F708FB07FC35
:10B8C00005FB0CF92448C9F3120500EACC402843D3
:10B8D000009D0DB940F0C04002EB860501EB461714
:10B8E000C5F8F402C7F8100B1846750103F0E5FC23
:10B8F00088B1BAF81070DAF80C30BBF81A003B4483
:10B900009F0725D1870703D0C0F30A0081451FD8C0
:10B910000D44C5F8143B06F158035B01CC500121DE
:10B920001036B14002F19C0005B0BDE8F04F04F0C4
:10B93000F5BE81453EBF08FB0550B9FBF0F900FBA1
:10B9400009F005F1FF3C8444BCFBF5FC8146AFE700
:10B9500005B0BDE8F08F00BF0000F81F2DE9F047EB
:10B960000369D0F8049000210446D3F80080D3F88E
:10B97000A460D9F8107004F09BF920B16FF00405B1
:10B980002846BDE8F0878021204604F091F905465D
:10B990000028F3D1D9F8243020469847202106F119
:10B9A000900004F0BBFE96F86A33DB060CD501224A
:10B9B00029462046FDF784FD96F86A33A6F84253DF
:10B9C00065F3041386F86A33BB68204623F001034D
:10B9D000BB60D7F8043843F00203C7F80438FCF71B
:10B9E000CDFC404604F081F838B9054BDB68002BEC
:10B9F000C6D02046BDE8F0471847FAF7ABFCF0E7A1
:10BA0000580200202DE9F74F066907464468D6F82A
:10BA1000A45006F184034FF00008C6E92133C6E9BB
:10BA2000238805F19003C5E92433C5F8988005F112
:10BA3000A80003F0A8FF05F1AC0003F0A4FF05F196
:10BA40009C00C5E92700C5F8A4804FF0FF321146DD
:10BA500004F0F5FCC5F83C83C5F8348396F88030D3
:10BA600023F06A0343F06A0386F88030704B9B69C9
:10BA70000BB13846984700254FF0030BAA464022E9
:10BA8000236B96F880900193E36A09F00109C3F3F0
:10BA9000832309F2FF3903F101084FEA450CA06A3C
:10BAA0000BFA0CF1014021FA0CF131F0020328D11C
:10BAB000E0684FEA4A1100EB4A1090F812C0002DDE
:10BAC0006FD14CF0010C80F812C0E068084402828B
:10BAD000E068084490F812C04CF0400C80F812C0A6
:10BAE000E06808440576E0680144384604F072F8DE
:10BAF000002853D161680AF1010A51454FF0400214
:10BB000002D90135A845C8D80025019BAA46C3F330
:10BB1000836B032240230BF1010B4FEA450CA06A13
:10BB200002FA0CF1014021FA0CF101292FD8A0688A
:10BB30004FEA4A1100EB4A1090F812C0002D53D181
:10BB40004CF0010C80F812C0A06808440382A06881
:10BB5000084490F812C04CF0200C80F812C0A06885
:10BB600065F07F0C084480F818C0A068014438468E
:10BB700004F030F890B921680AF1010A594528BF4C
:10BB8000594651454FF003024FF0400302D90135A9
:10BB9000A845C2D83846E3699847002003B0BDE8FD
:10BBA000F08F4CF0040C80F812C0E068084490F864
:10BBB00012C04CF0020C80F812C0E068084490F803
:10BBC00012C04CF0080C80F812C0E06896F880C0F3
:10BBD000084490F812E06CF3041E80F812E0E0686C
:10BBE0000844A0F8109073E74CF0040C80F812C0E1
:10BBF000A068084490F812C04CF0020C80F812C003
:10BC0000A068084490F812C04CF0080C80F812C0EC
:10BC1000A06896F880C0084490F812E06CF3041E07
:10BC200080F812E0A0680844A0F810908FE700BFE9
:10BC300058020020144BD3F80021A2B1BFF35F8F4C
:10BC40001248816ABFF35F8FBFF35F8F4FF0FF32FF
:10BC50000263BFF35F8F0020C3F80001D3F8003107
:10BC60000B4804F0ECBBD3F8081161B1022009497C
:10BC700009688860C3F80821D3F808314FF0FF3213
:10BC800001210548EDE77047009005500000015084
:10BC900018060020C41A00202406002070B541694F
:10BCA0000446857A0B4E59B1437ADB0706D4242328
:10BCB00003FB0563DB691B689B689847002363618E
:10BCC00005EBC505214606EB85000022BDE8704066
:10BCD00005F0FBB840060020F8B5274CD4F80C322C
:10BCE0005BB3D4E98576D4F82422B3FBF2F502FBEA
:10BCF000153545B1D4F80402551B2A4694F828128C
:10BD0000184405F059FBD4F80C32D4F81002D4F8DA
:10BD100004223E442B4481684D683146A84768B9E7
:10BD2000D4F820327BB9D4F81432D4F80C2213445E
:10BD3000C4F814320023C4F80C320020F8BD135CA0
:10BD4000DB4313540130D4F80C32D4F8042283427C
:10BD5000F5D8D4F8100281680D683146A84700284C
:10BD6000ECD13246D4F82032D4F80C12D4F80402C4
:10BD700098470028D7D0E1E7A813002038B5164A25
:10BD8000164C174BC3E906204FF0FF334FF0FF323C
:10BD9000204604F01FFB63690133012B636107D068
:10BDA000204603F0B2F80F4B0F4A00251A600AE054
:10BDB0000E4803F0CDFB051E07DA63692046013B00
:10BDC000636103F0A2F8284638BD204603F09DF8D1
:10BDD000002DF8D1E7E700BF6BF21C00341A0020F9
:10BDE000541A00201C2100206013002058161D004A
:10BDF00038B50F4D4FF0FF334FF0FF32284604F0B7
:10BE0000E9FA6B69002B05DC0024094803F07DF892
:10BE1000204638BD013B6B61002BF5D1054803F08E
:10BE2000BBFB041EBEBF6B6901336B61EDE700BF56
:10BE3000341A002058161D002DE99F480446236936
:10BE40006768D3F8A4804FF0FF3108F190064FF0F7
:10BE5000FF324FF0FF333046D7F810B0FFF7E6F867
:10BE6000054620694FF0FF324FF0FF33843004F075
:10BE7000B1FAA90700F1FF802A0711D50821304641
:10BE800004F04CFC98F86A33DB0600F1248108F1D9
:10BE9000AC0003F078FD8246BAF1000F40F01E813D
:10BEA0006A075DD50421304604F038FC236900227E
:10BEB000D3F8A4A0196C9AF86B3320466FF30003F3
:10BEC0008AF86B3305F000F90AF1AC03D3E8EF1FF1
:10BED00021F00111C3E8E21F002AF7D1D4F8109035
:10BEE0000AF55C730393D9F800304FF0FF320193E9
:10BEF000D9F8403009F1840002934FF0FF3304F089
:10BF000069FA029803F0F1FD0146002840F03D81F6
:10BF1000019803F0EAFD0346002840F03C81019AB5
:10BF20000199127D6FF304120A75029A0299127D2B
:10BF30006FF304120A75002B40F038814FF00102B4
:10BF400089F8B020DAF87033C9F8A830039B5B6831
:10BF500089F8B120C9F8AC302069843002F0D5FFEF
:10BF6000E90614D53021304604F0D8FB98F86A93DE
:10BF700019F0100900F027817B6A20469847204677
:10BF80000022012104F0F5FA20463B6A9847AA06F0
:10BF900040F1A1817B6A204698472021304604F079
:10BFA000BDFB830640F194816368D3F81090236948
:10BFB000D3F8A4A0D9F800309AF86E03CAF8B030CC
:10BFC000D9F808300AF1D001CAF8B430D9F80C30E9
:10BFD000CAF8B830D9F81830CAF8BC30D9F82430CB
:10BFE000CAF8C030D9F82830CAF8C430D9F830308F
:10BFF000CAF8C830D9F85430CAF8CC30D9F85C3017
:10C00000CAF8D03000235A1C5FFA82FC8445C0F085
:10C01000F380D9F800384FF0030ECAF81031D9F880
:10C020000438DAF8A8C2CAF81431D9F810380AF579
:10C030009272CAF81831D9F81438CAF81C31D9F8F4
:10C040001C38CAF82031002358000EFA00F101EA2A
:10C050000C01C140012940F2D780022940F0EE8056
:10C0600003F15801490159F80110C80300F1558145
:10C0700041F0805153E10221304604F04FFB98F823
:10C080006A33DB0624D408F1A80003F07CFC814667
:10C09000B9F1000F3FF4F0AE99FAA9F3B3FA83F3C4
:10C0A0000122D9B20F2BC8BF103902FA03F2CCBF5C
:10C0B000C9B241F08001204629EA020903F0BDFD22
:10C0C000037D0146D806E3D4204604F02BFBDFE7CE
:10C0D0004FF00009DCE74FF0000ADDE69AFAAAF318
:10C0E0000122B3FA83F39A400F2B2AEA020AD9B24B
:10C0F00013DD1039C9B2204603F09FFD814603F0DD
:10C10000F4FC0146D8BB99F81430DB063FF5C4AE09
:10C110004946204604F006FBBEE6204641F0800179
:10C1200003F08BFD814603F049FD024630B96FF004
:10C1300068020721204603F08CF8E4E7018A21B168
:10C1400049462046FFF756FADDE799F81830802B6C
:10C1500006D1437E180703D561F3C3035376EFE797
:10C16000484603F0C2FC014699F8143000226FF3F0
:10C170000413204689F8143003F045FDC3E7204638
:10C1800003F09BF80028EFD0EEE76FF0670220463F
:10C1900003F039FDB5E65A7ED0073FF5C0AE6FF02B
:10C1A00067021946204603F02EFDB1E603990822E6
:10C1B0001846019302F0DEFA019B00221946204640
:10C1C00003F021FDC8E6DBF80438494643F00103DB
:10C1D000CBF80438204603F0C6FC4A46022120462C
:10C1E00003F037F8022002F0E7FDDBF8043823F013
:10C1F0000103CBF80438CAE6403309EB83035B68DC
:10C2000041F8043F1346FEE603F14800400159F8A7
:10C21000000010F4803F14BF40F0005040F0805008
:10C22000106009EB4310D0F810B9C2F840B0D0F854
:10C230001409C2F8800000293FF412AF0133102B1B
:10C2400002F104027FF400AFD9F8003E0120CAF8E1
:10C25000A432D9F8583043F00203C9F85830FCF73B
:10C2600055F8D9F8003E012043F00103C9F8003E1B
:10C27000FCF74CF8D9F85830012043F00103C9F815
:10C280005830FCF743F8D9F85830012043F48223A2
:10C2900043F4A063C9F85830FCF738F8D9F858309F
:10C2A000012043F00803C9F85830FCF72FF8D9F8FB
:10C2B000583043F02003C9F858301F4B1B6A0BB1AC
:10C2C000204698479AF86A3343F010038AF86A3395
:10C2D00020463B6A984715F0C00F13D07B6A204672
:10C2E0009847C021304604F019FA98F86A33DA0604
:10C2F00005D5C0F380120021204604F03AF920460B
:10C300003B6A9847EB0703D50121304604F006FA53
:10C310002069843002F0F9FD91E541F00051C2F846
:10C32000C01009EB4311D1F8100BC2F80001D1F88D
:10C33000141BC2F8401181E75802002008B51248CA
:10C3400004F057F8114A1368591C1160BBB9104A20
:10C350005920D2F8003443F00703C2F80034F9F74B
:10C360000FFEBFF35F8F15220A4B5A62BFF35F8F38
:10C37000BFF35F8F40F237129A62BFF35F8F0248BC
:10C38000BDE8084005F012B878050020B81A002072
:10C39000009005500010015010B5154804F029F820
:10C3A000144B1C68013C1C60ECB95920F9F7F6FDF0
:10C3B0000722114BC3F80823D3F8002422F0070208
:10C3C000C3F80024C3F80041D3F80021C3F80441A6
:10C3D000D3F804214FF00072C3F80841D3F80831B4
:10C3E000064BC3F888210248BDE8104004F0DEBFC8
:10C3F00078050020B81A00200090055000E100E008
:10C400002DE9F84307463025514CDFF84891202D9F
:10C410002E46A8BF2026DFF84081FFF78FFFFCF7EC
:10C42000B1FABFF35F8FE368BFF35F8F9B08013BF7
:10C43000BFF35F8FA360BFF35F8FBFF35F8F0023F6
:10C440002364BFF35F8FBFF35F8FF1226264BFF39A
:10C450005F8FBFF35F8F4FF400726263BFF35F8F34
:10C46000BFF35F8FC4F80080BFF35F8F07E0FFF773
:10C4700093FF6FF03F052846BDE8F8830123BFF323
:10C480005F8F226BBFF35F8F5108C2F34202052A10
:10C490005BD011F0060FF2D01BBBBFF35F8F626859
:10C4A000BFF35F8F032AEAD92C4BBFF35F8FD4F819
:10C4B0008020BFF35F8FBFF35F8F43F8042BBFF380
:10C4C0005F8F4B45F1D1FCF75DFABFF35F8F2368B7
:10C4D000BFF35F8F43F00103BFF35F8F2360BFF3B0
:10C4E0005F8F3246BFF35F8FA368BFF35F8F013367
:10C4F000B6EB031FBBD8BFF35F8F6368BFF35F8FDB
:10C50000B6EB830FBAD8BFF35F8FD4F88030BFF398
:10C510005F8F3946081D01F8013B81424FEA132322
:10C5200002F1FF3208D0002AF5D1FFF735FFAD1B2D
:10C5300037447FF46CAF9EE7002AF6D0BFF35F8FDD
:10C54000D4F88030BFF35F8FE4E7FFF725FF64E79F
:10C550000010015020100150010004001010015083
:10C560004FF48073F7B505460193FFF7E7FE58488F
:10C5700003F03FFFBFF35F8F0023564CE361BFF32F
:10C580005F8FBFF35F8F4FF0FF332363BFF35F8F86
:10C59000BFF35F8F3423E361BFF35F8F01214E4B05
:10C5A00001AAC3F804134D4B4D481A601122C3E988
:10C5B000020203F1100240F611005A60494A4A4E45
:10C5C0001A6120321A622122C3E9066003F12000B9
:10C5D000586146485962C3E90A02454AC2E9011056
:10C5E00020211560D160BFF35F8F2360BFF35F8FA1
:10C5F000BFF35F8F2261BFF35F8FBFF35F8F0323B2
:10C600006363BFF35F8FBFF35F8FA363BFF35F8F7E
:10C61000384F394E3B78002B36D1BFF35F8FA56A78
:10C62000BFF35F8FBFF35F8FE36BBFF35F8F15F0D7
:10C63000240F03F023033FD0BFF35F8FE569BFF3FF
:10C640005F8FBFF35F8F10236363BFF35F8F0021A2
:10C650000120FDF773FFBFF35F8F00236363BFF318
:10C660005F8F1C4BBFF35F8FDA6BBFF35F8F520698
:10C67000F8D4DDB96FF01F04FFF78EFE144804F004
:10C6800095FE204603B0F0BD4FF0FF314FF0FF3272
:10C690004FF0FF333046FEF7C9FC05464FF0FF313F
:10C6A000304604F03BF8002DBCD1B6E7BFF35F8FF6
:10C6B000DD61BFF35F8FDDE7002BABD1BFF35F8F91
:10C6C0004FF0FF322263BFF35F8F1C46D4E700BFF9
:10C6D000A00500200000015000900550881A00209D
:10C6E00004000020780E0020200000201000002010
:10C6F000781A002064210020180600202DE9F0435C
:10C700000446002693B00DF11F05DFF8788025F070
:10C710001F05102201231C4911F8010D013A0344A1
:10C720000B704FEA1323F7D1A819FFF719FFA94699
:10C73000074618BBD8E90C321036013342F100022B
:10C74000302EC8E90C32E4D154B104F1300299F82A
:10C75000003014F8011B4B40A24209F8013BF6D10E
:10C760002E46084C0FCE0FC496E80F00203584E803
:10C770000F0095E80F00103484E80F00384613B01E
:10C78000BDE8F083780E0020A80E00202DE9F04FC0
:10C79000664CA3B0664803F02CFE6578644804F04C
:10C7A00005FE644803F025FE0DF17F09022D614866
:10C7B00029F01F0908D12378072B05D104F0F6FDD5
:10C7C000002023B0BDE8F08F04F0F0FD594803F0DD
:10C7D00010FE074600285BD0564803F00AFE237877
:10C7E0005A0700F1DE822378990729D50026524D99
:10C7F0004FF0010AA9463746DFF840B10323D5F8C8
:10C800002480C5F820A02B77B8F1000F06D0AA6AC3
:10C8100022B100214046DBF8003098472846C5E9A0
:10C8200009772C220021013604F0C6FD202E05F1E7
:10C830002C05E3D1237889F8807523F00203237057
:10C840003C4804F0B3FD3A4803F0D3FD00213B4BD4
:10C8500004221B6861703A489847344B344804F00E
:10C86000A5FD344803F0C5FD23783248DA0744BFFC
:10C8700023F00103237004F099FD002383F3118852
:10C88000BFF36F8F0423184602DF6FF0040098E7B0
:10C890002378DB0756D5274804F088FD00289BD174
:10C8A000244803F0A6FD002896D123789E0706D4DD
:10C8B0000121214A43F0020382F8801523701D48AC
:10C8C00004F074FD002887D11A4803F092FD002877
:10C8D00082D11848257804F069FD00287FF47CAFE8
:10C8E000134803F086FD00287FF476AF63781BB908
:10C8F000ED0744BF022363700D4804F057FD002884
:10C900007FF46AAF0B4803F074FD00287FF464AF36
:10C910002378580758BF43F00403064858BF2370D4
:10C9200004F044FD00283FF44BAF55E7B42000204D
:10C93000DC050020C8050020301B00207404002006
:10C94000B8200020DFF834A28D4ADAF80030934294
:10C9500000F0BF80FFF7F2FC8A4BC3E900339F6011
:10C96000894BDFF8288201215920C3E900339F60F9
:10C97000F9F726FB864B874AD8F84C10C8E90032F5
:10C98000C8F8108051BB9A690125C2F30B03482BEC
:10C99000C8F8503028BF482312F4003FC8F854307C
:10C9A00008BF0023D60358BFC8E91411C8F858308F
:10C9B00002F47003B3F5700F08BFD8F85410002AC2
:10C9C000B8BF00234FF00800C8E91850B8BFC8E945
:10C9D00018330123C8F85410C8F84C30D8F8503038
:10C9E0006D48B3F5007FCCBF4FF480634FF4007304
:10C9F000C8F8083003F0FDFC0023684DC8F8483043
:10CA0000C8F81080C8F86850FFF798FCD8F80030D4
:10CA100003F58052D968C903FCD4566A16F4A026DF
:10CA2000F8D1FBF7C7FFFBF7C5FF04225C4BC3F847
:10CA30000823FFF7B1FCD8F8103057489D66C8F8B6
:10CA4000446004F0B3FCF820FBF786FF28B9F92016
:10CA5000FBF782FF002800F01281524D524803F08C
:10CA6000C8FCD5E90C32134341D1AA6B4F4B9A4213
:10CA70005DD04D4803F0BDFC00231A46EA54013353
:10CA8000402BFBD10DF130084046FFF7B9FC83463F
:10CA900088B94046FFF732FE834628BB034602466C
:10CAA00008F803200133302BFAD100230122C5E915
:10CAB0000C233E4BAB633C4804F078FC584602F034
:10CAC00081FE834698B1384804F070FCFFF764FC9F
:10CAD0005F462378364843F00103237004F066FC78
:10CAE00038437FF479AEDBE64FF00E0BE3E7D5E990
:10CAF0000C32023342F10002B3F5803F72F10002C2
:10CB000015D30DF130084046FFF77AFC98BB40463C
:10CB1000FFF7F4FD83460028D5D1034608F8063018
:10CB20000136302EFAD100220023C5E90C2320263D
:10CB30000DF13008102E31464FF0010C28BF1021A6
:10CB400010221C4810F8013D013A634403704FEA7B
:10CB5000132CF7D148460191FFF702FD83460028C8
:10CB6000B1D1019946BBD5E90C32013342F1000243
:10CB7000C5E90C32DEE76FF0920BA4E770040020E9
:10CB8000117365001806002024060020C41A002036
:10CB900000200150008001508C05002090191D00DC
:10CBA00000900550780E0020B4050020B4A5B4A56F
:10CBB000C8050020A80E00204A4608EB010312F821
:10CBC000010B08F8010B4345F9D19846D5E90C3221
:10CBD000013342F10002761AC5E90C32AAD130467F
:10CBE000FFF78CFD8346714804F0E0FBBBF1000FBA
:10CBF0007FF46CAFFBF76AFF8346A0BB3546334634
:10CC0000B64632464FF0010C6949039651F8040BC1
:10CC100010F4807F08D00CFA03FE4EEA02024FF0B7
:10CC2000010E02F07F0205430133072BEED1BEF166
:10CC3000000F05D09DF80F3062F347038DF80F30D9
:10CC4000ED4315F4807540F08B80BDF80E30F82070
:10CC500023F4F87343F0C003ADF80E30FBF77CFE0D
:10CC6000B8B96FF08A0B00210CAB0593059A91556A
:10CC70000136202EFAD1BBF1000F7FF427AFF82048
:10CC8000FBF76AFE00286ED0FFF786FB6FF0920775
:10CC90001FE7F920FBF760FE0028E2D00DF1140831
:10CCA00018222946404604F087FB4FF60203012074
:10CCB0000B930990FBF7E8FEBA23DFF8F8903E49A2
:10CCC000C9F800354846C9F80485FBF71BFE8346C2
:10CCD0002846FBF7D9FEBBF1000F24D15D465B4629
:10CCE0008B46364A0A92039A0B92BDF80E20C2F385
:10CCF000C11209920CAA13440FCB88E80F0001203F
:10CD000005F1F801FBF7C0FEC9F80015294859469E
:10CD1000C9F80485FBF7F6FD01460020FBF7B4FED9
:10CD200021B1FBF7D3FE6FF0920B9CE708460A4651
:10CD3000CDF81080049B1A5401301C28FAD145B953
:10CD40004FF0FF33DFF878C00125CDE90AC3102387
:10CD5000CBE7BA20FBF7A2FE8346002883D0E2E7A8
:10CD60006FF0850B7FE7F920FBF7F6FD00288BD1EC
:10CD7000F823104D13491448C5F80035FBF7C2FDE0
:10CD8000002881D1F9231048C5F80035FBF7BAFD1A
:10CD900000287FF479AFFFF7FFFA0C4BCAF8003098
:10CDA00097E623F0040323701DE500BFB4050020BF
:10CDB000B01A1D00009004500091045000FF07209D
:10CDC00010FF072004910450049004501173650073
:10CDD00001282DE9F84307467A4C0CD17A4D2046BC
:10CDE000D5F8048001F0E5FB94F86C30DB0712D530
:10CDF0006FF00F0670E0754D2046D5F8048001F005
:10CE0000D8FB94F86C30DE074FD5201D02F07DF87A
:10CE10006FF00F0608E0204601F0D2FB38B9201D64
:10CE200002F073F86FF085063046BDE8F88398F895
:10CE3000073098063DD4636D002B49D1DFF89091FF
:10CE40002946484601F088FA48B96A68002F4DD152
:10CE5000236F5B7C0133DBB25371226F5374A9687B
:10CE600059B1584802F053F80646002834D1AA6850
:10CE7000136803B1137A88F806304846294601F052
:10CE800053FA544802F041F8002F42D0524D534E0D
:10CE9000DFF84C81B54239D26B6840461968F7F724
:10CEA0002DFF00283AD01835F4E798F80730990696
:10CEB00009D5A3691B69D3F880309A0701D4454886
:10CEC000AEE7012FB7D0E36D63B9DFF81891B7E78C
:10CED000AB4205D16FF015063E4802F016F8A3E705
:10CEE0001B68A9E7AB42F5D01B68EDE7636F5B7C7D
:10CEF0000133DBB25371626FB0E76B68404619686B
:10CF0000F7F7FCFE50B11835B542F6D36FF01206B4
:10CF10008AE7354D354EDFF8C880F5E7294801F03E
:10CF200048FB94F86C1011F0010134D105F114089C
:10CF300040466E6801F04BFB38BB73680BB1A342EF
:10CF400023D1012239461F4801F066FDB8B12946B8
:10CF50000C3001F0E9F90021404601F02EFE74602A
:10CF60001C4801F0D2FF174801F023FB94F86C3005
:10CF7000C3F340069B0712D56FF077061BE01548F8
:10CF800001F0C3FF6FF03C064EE7124801F0BDFF11
:10CF90006FF0770648E70F4801F0B7FF38E7D4E9AC
:10CFA0001C23012F18BF13464BB1EF221A71022226
:10CFB0005A7101229A71074801F0A7FF34E76FF018
:10CFC0001506F8E7AC0600205C04002048040020A9
:10CFD00008070020B0060020400700205807002066
:10CFE000C01B1D000007002028070020400700206C
:10CFF00030BFFFF7FDBF00BFEFF30880EFF30981FB
:10D0000001B57246FBF70CF901BD00BF002080F3AB
:10D010001488BFF36F8F002080F30A8880F30B8899
:10D020000F4880F30888FCF7FFFE00200D490860D8
:10D03000BFF34F8FF8F782FF202080F311880A4852
:10D040004FF40061401880F30988EFF31480022147
:10D05000084380F31488BFF36F8FF8F7C5FF000013
:10D060002841002094ED00E02841002016498A68FC
:10D070004FF030001044EFF3098C80E8F01F2020BF
:10D0800080F31288BFF36F8F104F4FF000664A692C
:10D090008A603E60D2F880000D4C2060D2F8840097
:10D0A0000023C2F8843080F3118802F1300090E848
:10D0B000F01F8CF3098802F1000004B501F0ECF9CF
:10D0C000BDE80440704700001416002004ED00E0A5
:10D0D000101600201EF0040F0CBFEFF30880EFF3D2
:10D0E0000980816911F8021C0229FFD001B572463E
:10D0F00002F0A5F801BD00BF2DE9F04F43688DB0E7
:10D1000015468046029383789A0740F10D810024EA
:10D110000E78002E00F00A81252E0BD04B1C0393B5
:10D12000013441463046029B98470028C0F2F68001
:10D130000399EDE74E788B1C252E0393F0D0002742
:10D14000B946BB46BBF11F0F38D8A6F12003102B00
:10D150000AD8DFE803F02A09093009090921090979
:10D160000928092D09091F00A6F13003092B33D91D
:10D170002A2E37D11BF0400F55F8043B40F0828037
:10D18000002BA7BF4BF0200B9946C3F100094BF0D1
:10D19000280B01E04BF0010B039B13F8016B039389
:10D1A000002ECFD130E04BF0020B4BF0040BF3E735
:10D1B0004BF0080BF0E74BF0100BEDE7BBF17F0FE6
:10D1C00019D8A6F13003092BD2D81BF0400F03D099
:10D1D0000A2101FB0737DFE70A214BF0200B01FB97
:10D1E0000939D9E72E2E06D11BF0400F40F09E8062
:10D1F0004BF0400BD0E76C2E31D02BD8682E36D0B8
:10D200006A2E3CD04C2E3AD0002F46F02003B8BFF7
:10D210002BF04002A3F16501BCBF00271FFA82FB7F
:10D22000022901D9612B2FD107350727DFF8ACA2DE
:10D2300025F0070508351BF0080F66D00AEB070B31
:10D2400056465E4563D1A4EB0A0AA9EB070906EB33
:10D250000A026FE1742E9FD07A2E9DD0D4E71BF086
:10D26000800F18BF4BF4007B4BF0800B94E71BF44E
:10D27000807F18BF4BF4007B4BF4807B8CE74BF432
:10D28000207B89E71F4687E7A6F16301122900F298
:10D29000F080DFE811F013004F00EE00EE00EE002A
:10D2A000EE004F00EE00EE00EE00EE00EE00FE009D
:10D2B000E900EE00EE001B00EE00AF0055F8043B65
:10D2C00001270DF1180A8DF81830B4E755F804ABB2
:10D2D000834BBAF1000F08BF9A461BF0400F50462F
:10D2E00014BF39464FF0FF3102F011FD0746A2E7A7
:10D2F00041462020029B984700280FDB013EB742A1
:10D30000F6D34C44B146A41B98E74E46F7E7414696
:10D3100016F8010B029B9847002892DA98F8023021
:10D3200043F0040388F802304FF0FF3420460DB07C
:10D33000BDE8F08F1BF0800F34D01BF4007F2CD0A1
:10D34000073525F00705AA4669685AF8080B2BF03F
:10D3500010050029ADB237DA404245F4806561EB33
:10D3600041010DF1180B0A235A4604F02DF8A0EBE9
:10D370000B0301936B0662D5019B25F001019F42CF
:10D3800089B240F3A180002E00F0998015F01002C0
:10D3900040F09C80BB460D4623E0AA465AF8040B99
:10D3A000C117D4E7AA461BF4807F5AF8041B01D1A9
:10D3B0000846F5E71BF4007F19BF48B241F3C011DE
:10D3C00008B241F3C031C2E750EA0103C9D11BF0F2
:10D3D000400FC6D0002FC4D12BF01102BB460197DD
:10D3E00095B240F2064115EA01021CBF0BF1010B98
:10D3F00000222CE02BF010020A231FFA82FB1BF004
:10D40000800C49D01BF4007115BF0735AA4625F0E2
:10D4100007055AF8040B1EBFAA4669685AF8080B9C
:10D4200050EA010545D12BF016051BF0400FADB2B7
:10D4300042D0002F40D12BF01702019795B215F082
:10D44000100248D0019B002E42D103F1010B2907A5
:10D450005AD4EB0706D5D9456FDDA9EB0B0301992B
:10D46000CB465F185B4649E04BF0100B1023782643
:10D47000C5E7782B04D1C6F1780343F01003BEE76B
:10D4800041462520029B98470028FFF647AF02340B
:10D4900047E608230026B2E7AA461BF480715AF833
:10D4A000040BBDD01BF400711ABFC0B2614680B23C
:10D4B000B6E72BF0060295B20DF1180B54E725F0F4
:10D4C0001105BB46ADB28CE70D46B8E73B460D46AD
:10D4D00003F1020BBBE7DDF804B082E7AF1D1D00CE
:10D4E000A81D1D00CDE9043241462020029B98472B
:10D4F0000028FFF613AF049B059A01339945F1DC30
:10D50000A4EB0B019B46CC180AB341463020029B8A
:10D5100098470028FFF602AF8EB901342744391B23
:10D52000019B994224DC1D4655BB019AA9EB0B09CE
:10D53000554622441446914433E0019F92E7023459
:10D5400041463046029B98470028E7DAE6E640F27B
:10D5500006410D42E2D015F0020F04F101044146EC
:10D5600014BF2B20202015F4806F18BF2D20E9E771
:10D5700041463020029B013498470028CFDACDE69F
:10D5800006AB013D4146585D029B98470028CBDA27
:10D59000C4E641462020029B013498470028FFF64C
:10D5A000BDAEA9EB0403002BF3DCC1E50CB430B530
:10D5B00089B005460C461C22002101A803F0FCFEA0
:10D5C000022305958DF806300D4B029323462CB1AE
:10D5D000B4F1004F28BF4FF00043013B1D440DAA9A
:10D5E0000C9901A806950092FFF786FD14B1059BE2
:10D5F00000221A7009B0BDE8304002B0704700BF89
:10D60000E3141D00836800EBC101B3F5004F2CBF8C
:10D6100051F8220031F81200704700EBC101806818
:10D62000B0F5004F2CBF41F8223021F8123070477E
:10D63000012208B5FFF7E6FFD04008BD836800EB84
:10D64000C101B3F5004F08D34B681AB143F0010391
:10D650004B60704723F00103FAE74B881AB143F09F
:10D6600001034B80704723F00103FAE753000122C6
:10D67000FFF7D3BF2DE9F041174603220E460446BB
:10D68000FFF7C0FF8642054607F104080AD10122D0
:10D69000E368BA4023EA0203E360002344F8283039
:10D6A000BDE8F081314602222046FFF7ABFF064677
:10D6B0002B4601460322204644F82850FFF7ADFFD1
:10D6C000334629462046BDE8F0410222FFF7A5BFB8
:10D6D0002DE9F04114460E460546FFF7A9FFA4EBDD
:10D6E0000608371B0744424631462846FFF7BEFF6F
:10D6F0003A4621462846FFF7B9FF43460022214615
:10D700002846FFF78AFF21462846FFF791FF3B4650
:10D71000211800222846BDE8F041FFF77EBF2DE921
:10D72000F041164604460F46FFF782FF3146054694
:10D730002046FFF77DFF05442A4639462046FFF77D
:10D7400095FF31462046FFF773FF2B463118002224
:10D750002046BDE8F041FFF760BF8368B3F5004F96
:10D7600034BF04230823C91A081AC008704770B4CC
:10D770008D68002605F00305032DCB6002D08E6076
:10D7800070BC70474D688E60002DF9D0AC4670BCFF
:10D790006047038B13F0070305D10368002B0CBF10
:10D7A000002003207047022B05D1408BB0FA80F097
:10D7B000400980007047012B05D10368002B0CBF86
:10D7C0000020052070470020704710B4EFF311824D
:10D7D000202484F31288BFF36F8F416110BC0121B4
:10D7E000F7F7E4BB40B1C368587810F001001EBFE2
:10D7F0001878B0FA80F0400970478368DB681847F2
:10D80000002930B404460DDB806888420AD9401AEA
:10D81000834207D8E0686468214484682468A44689
:10D8200030BC60476FF0150030BC70477047F0B5F2
:10D83000037885888779C679002013F0070FC3F332
:10D84000C10314BF03240124012B28BF0123086056
:10D85000087844EAC30320F01F006DBA034352BAAC
:10D860000B704A808D808F71CE71F0BD20B1012880
:10D870000CBF0220FF2070470120704773B5FFF7EF
:10D88000F5FF00280C4615461E460FDB01A9C0B265
:10D89000F7F79AFC60B933462A4621460198FFF70C
:10D8A000AFFF002818BF0B2002B070BD0E20FBE7B1
:10D8B0000A20F9E7042804D8022808D809D0012052
:10D8C0007047063801288CBF0120052070470520CD
:10D8D000704703207047022805D00338012894BF01
:10D8E000002001207047052070474FF4807070477A
:10D8F0000346C08808B11878C009704783689B69DF
:10D9000003B11847704783681B6A03B11847704713
:10D9100083685B6A03B11847704703695B689A685C
:10D92000436893F86C30C3F34113012B0CBF92F89A
:10D93000440092F82600704703695B689A68436860
:10D9400093F86C30C3F34113012B0CBF92F84B00DA
:10D9500092F83600704703695B689A68436893F8E9
:10D960006C30C3F34113012B0CBF92F8520092F8B4
:10D970003D007047704703695B68D3E903030129E1
:10D9800008BF1846704743680361037A63B1012BEF
:10D990000CBF022303234375437A5A1E032A05D87A
:10D9A000DFE802F0050505050123F4E70023037510
:10D9B000837A062B09D0072B09D0052B0CBF002337
:10D9C00003238375837EC37570470123F9E7022320
:10D9D000F7E7036993F8400030B1DA6B93889189D7
:10D9E00010695B1A9BB2C01A7047036993F838003C
:10D9F0007047036993F8402012B993F838007047D4
:10DA0000012070470369C3E90712704702290369BF
:10DA100007D0042907D0012907D11B690020136012
:10DA200070471B7EFAE75B7EF8E76FF08500704772
:10DA30008368481CB3F5004F34BF04230823083320
:10DA4000A0EBD300B0FA80F0C0F11F00704770B5B2
:10DA50000D4686680446FFF7EBFDB6F5004F01461C
:10DA600001D3012809D02046FFF7E2FF29460246EC
:10DA70002046BDE87040FFF7FDBD70BD2DE9F041C7
:10DA80000D4686680446FFF7D3FDB6F5004F014604
:10DA900001D3012832D02046FFF7CAFF04EB8001F2
:10DAA0000E6996B90122E36882401343E3600222C3
:10DAB0000D612B4629462046FFF7AFFD032229467C
:10DAC0002046BDE8F041FFF7A8BD022231462046BE
:10DAD000FFF798FD0746034629462046FFF79DFDC0
:10DAE0000322334629462046FFF797FD39462B4649
:10DAF0002046FFF792FD02223146E1E7BDE8F081C2
:10DB0000F8B50C460546FFF793FD2618012231466D
:10DB10002846FFF777FDC3070CD431462846FFF7A8
:10DB200096FF21462846FFF783FD21462218284606
:10DB3000FFF7F5FD002221462846FFF763FD271A6F
:10DB4000012239462846FFF75DFD10EA020613D18F
:10DB500039462846FFF77BFF214632462846FFF725
:10DB600051FD2246211A2846FFF7D9FD21463246AB
:10DB70002846FFF747FD241A21462846BDE8F8400D
:10DB8000FFF77CBF2DE9F0470546FFF751FF05EB96
:10DB9000800ADAF8109088460646B9F1000F1BD0CB
:10DBA0000327DAF8104028462146FFF741FD40459B
:10DBB00007D3324621462846FFF75CFD2046BDE8E4
:10DBC000F087032221462846FFF71CFD013FCAF8D3
:10DBD000100001D08145E4D14FF0FF34EB680136ED
:10DBE000B4401C40EAD094FAA4F2B2FA82F2131DB7
:10DBF00055F82340DEE72DE9F041044688461746F4
:10DC00000026A188A28920698A1A92B2821ABA4291
:10DC100028BF3A46238985B2CB1A9BB2834224BFE0
:10DC20005B1B9BB2ED1AADB2954228BF154620682A
:10DC300029441844A1803DB141462A4603F01AFC0C
:10DC40007F1B2E44A844DCD1E388A288D21A92B26A
:10DC500096420BD8228933449BB22169E380A3808A
:10DC60009B1A9BB28B4224BF521822813046BDE8DA
:10DC7000F08138B50469EFF31185202383F312880E
:10DC8000BFF36F8FE06BFFF7B6FF85F31188BFF32B
:10DC90006F8F10B1012384F8413038BD2DE9F04178
:10DCA00004468846174600266089E288E389121AEE
:10DCB00092B2BA4228BF3A462169C31A9BB28B423C
:10DCC0008DB224BF5B1B9BB2ED1AADB2954228BF4B
:10DCD00015462844216860815DB1B8F1000F05D078
:10DCE00040462A46194403F0C5FBA8447F1B2E4436
:10DCF000DAD1A3896289D21A92B296420BD8E2890C
:10DD000033449BB22169A38163819B1A9BB28B42EE
:10DD100024BF5218E2813046BDE8F08110B5046995
:10DD2000606BFFF7BBFF10B1012384F8393010BDE1
:10DD30002DE9F0470D1E164688B03CDB8368AB42E8
:10DD400039D95B1B9A4236D84368D0F80C801D4401
:10DD5000D8F808304046DB6898474779D8F80890EB
:10DD60004046D9F80C3098470368202B23D8002D63
:10DD700021DB46EA0504013B1C401CD12022394628
:10DD8000684603F019FB2046A64202D808B0BDE859
:10DD9000F087A6EB040ABAF1200F28BF4FF0200A43
:10DDA0006A4653464046D9F804702919B8470028F6
:10DDB000ECDB5444E8E76FF01500E7E70AB1F7F74A
:10DDC000F5BB0120704713B5846801A90320F7F75C
:10DDD000FBF9002808DA02223F2192B2201DFFF74A
:10DDE000EDFF78B907200EE00198C3683BB1826867
:10DDF0000021FFF79DFF021E03DA0422ECE7032255
:10DE0000EAE7E9D1002002B010BD2DE9F04F1F462E
:10DE1000002387B00E460521044690468DF80F304A
:10DE200001F07FFFC8B1042220460DF10F0304A9C1
:10DE300001F08FFF88B19DF80F508DB90498236AC7
:10DE4000D3E9011291420ED30121204601F04FFF88
:10DE500063682360A3680133A3606FF04C0079E02E
:10DE60006FF00F00EBE7002222745A684FF0240C89
:10DE700001325A60226A5368591E136822460CFB0D
:10DE8000013304EB0C0152F804CB8A4243F804CB73
:10DE9000F9D1A060257555B96FF00043984204D3BD
:10DEA0000521204601F04EFFD7E74000A0604FF06B
:10DEB0001409002335464FF0010A09FB08693B604D
:10DEC000204604A901F0E3FFDDE9043200930028B5
:10DED0003BD1227D42B1204602F010F80028BCD090
:10DEE00000234FF0FF322375206A25684168A66839
:10DEF000002935D10221204601F0F9FEADE7A94500
:10DF000098BF354669688A4214D129680098019201
:10DF100003F0D7FA019A68B92B7CCBB9D5E9023165
:10DF200020469847C8B185F810A03B6814350133E6
:10DF30003B60C5E714350BF1010BD845DFD1204616
:10DF400002F045F90028BBD1C3E74FF0000BF4E71E
:10DF50006FF06F0007B0BDE8F08F6FF02200F9E7B7
:10DF600003682420013900FB01332146181853F8B7
:10DF7000047B834241F8047BF9D1216AB2424B68A9
:10DF800003F1FF334B6001D20421B4E70020256088
:10DF9000E0E72DE9F0418468064614F0030490B0F0
:10DFA00001D003F006FAC068FFF727FC4FF00133F9
:10DFB0004779D6F808805F43444503DB012010B061
:10DFC000BDE8F081A8EB0405402DA8BF40256A46B6
:10DFD0002B4621463046FFF713FC00280CDB6A462F
:10DFE0000023AD10AB4201D14034E5E752F8041BE9
:10DFF000B94203D10133F5E70B20E0E70020DEE76B
:10E0000010B50469606B4289C3889A4202D14FF00F
:10E01000FF3010BD0122FFF741FE0028F7D004F1C8
:10E020007800FCF745FB0020F3E70B7E30B45A067E
:10E0300027D11D061FD590F86C20540725D412F067
:10E04000600F046F0D8AC2F3411318D05A1E534259
:10E0500053419B017DB1C48D2A46A54228BF22466B
:10E06000944208D9B2FBF3F403FB14221AB94B7E95
:10E0700043F008034B76806930BC02F0C5BFE379FA
:10E08000E8E76FF0150030BC70474FF0FF30FAE75B
:10E0900091F918204368002A03DA93F86C2052079C
:10E0A00004D4C1F81A00986902F0AEBF4FF0FF30F7
:10E0B0007047F8B504460E460746FCF73FFAB6F13E
:10E0C000FF3F08BFB4F1FF3F054613D04FF47A7409
:10E0D00047F61120002147F612220023C5FB040158
:10E0E000F6F7F2FDB0F1004F71F10001074628BFCD
:10E0F0006FF000473846F8BD38B571B105680022A9
:10E100002846FFF72AFB044601462846FFF796FA01
:10E110002146BDE83840FFF7F3BC38BD2DE9F84390
:10E1200001F1FF39066819EA010914460F46B26881
:10E1300066D0B2F5004F2CBF082304234942394072
:10E140008B424F4628BF0B468946002C60D0B2F563
:10E15000004F2CBF08250425FB1AE10804F0070036
:10E1600001EBD301073003F0070303442B4401EB19
:10E17000D301914228BF11463046FFF703FD804688
:10E18000002845D0B36809EBC005B3F5004F34BF94
:10E19000042308231D4435447B1E1D44B5FBF7F5BD
:10E1A0007D43A5EB090529463046FFF7D6FA2C44F6
:10E1B000073424F00704A41B804507464FEAE40413
:10E1C00008D2024641463046FFF782FA41463046C1
:10E1D000FFF754FC39463046FFF72AFA38448442A8
:10E1E00008D2394630462246FFF772FA21463046B9
:10E1F000FFF744FC012239463046FFF71FFA08E0DA
:10E20000B2F5004F2CBF0823042399429DD81CB9B6
:10E2100000252846BDE8F88304F0070107310B44C8
:10E22000E40804EBD304944228BF14463046214648
:10E23000FFF7A8FC07460028EAD001463046FFF762
:10E24000F7F9844209D23C44394630462246FFF76A
:10E250003FFA21463046FFF711FC0122394630468D
:10E26000FFF7ECF9B368B3F5004F34BF0425082578
:10E2700005EBC7053544CCE7B2F5802F2CBF08234A
:10E2800004232DE9F0410026D21A8C18CD1D25F06B
:10E29000070524F00704641BE408056021462846AE
:10E2A000AC60EE60FFF7C4FB421D9200013002F14A
:10E2B00007074FEAD7073146A2F1100205F1100017
:10E2C000B8BF324603F078F83A4631462846FFF7A1
:10E2D000CDF93346324631462846FFF79EF9A4EB86
:10E2E0000708284631460122FFF7A8F94246394679
:10E2F000FFF7BCF93B46324639462846FFF78DF911
:10E3000021462846FFF7B2F94346324621462846C1
:10E31000FFF783F9214628460122FFF78FF9394696
:10E32000BDE8F041FFF7AABB00230B60436813B9B7
:10E33000C0E900117047196041607047C36982B03D
:10E340008DF8001001922BB102AB13E9060002B068
:10E35000F7F74EBD02B07047002203680BB91846AC
:10E3600070478B4210D10B6842B9426803609142FA
:10E3700000D14360002301200B60704713604368A5
:10E38000994208BF4260F5E71A461B68E6E770B598
:10E3900018B96FF01504204670BD8B6803F00303B5
:10E3A000012B04D0032BF4D14B68002BF1D00023B8
:10E3B000CB608A68032AECD8EFF31182202484F31F
:10E3C0001288BFF36F8F4FF6FF76458B048BB542F3
:10E3D00004F007041FD0022C09D10135458382F3D4
:10E3E0001188BFF36F8F2246FFF7C1F9D3E7062CE0
:10E3F00018D8DFE804F004171717041E0400FFF70D
:10E4000093FF1CB90221F6F7D1FDC4E782F311880E
:10E41000BFF36F8FBFE782F31188BFF36F8F6FF089
:10E420000A04B8E782F31188BFF36F8F6FF004041A
:10E43000B1E782F31188BFF36F8F6FF08504AAE70D
:10E4400010B5EFF31182202383F31288BFF36F8F8F
:10E45000048B04F00704022C0AD0012C0CBF6FF0CF
:10E4600004006FF0850082F31188BFF36F8F08E01E
:10E47000438B013B9BB2438323B92146F6F796FDBC
:10E48000204610BD2046EEE7704708B5FEF7B0FD08
:10E49000BDE80840F7F730BD036F83F30B88704782
:10E4A00061B662B680F31188BFF36F8F704772B6A2
:10E4B000002383F31188BFF36F8FBFF34F8F30BFFB
:10E4C00062B6BFF36F8F7047002383F31188BFF3E9
:10E4D0006F8F0423184602DF10B5044640B1CB6AA3
:10E4E0000BB1183098472046BDE81040F7F732BF0F
:10E4F00010BD38B5846F237A21460133237200237F
:10E5000023826369E360FFF790FD054610B1204662
:10E51000F7F720FF284638BD38B500220546802190
:10E520008069FCF709FB044680B1437E014623F075
:10E53000070343F0040343762846FFF776FD0546BC
:10E5400010B12046F7F706FF284638BD6FF00B05DF
:10E55000FAE78388C2888168D21A03685B1AD01AE6
:10E56000704738B54B690446CB6008230160084604
:10E570000B8250F80C5F1D44FFF7EBFF002304F102
:10E580002802C4E90923C4E90B3365600544256109
:10E59000E36023752376E3616363238738BD034615
:10E5A000084629B15B68994201D00868704700208D
:10E5B00070474FF0FF324FF0FF33043001F00ABFD5
:10E5C00083691B69D3F8800000F001007047D0E830
:10E5D000AF0F084100F00100704738B550F8783CA3
:10E5E00002465B6800211D6800F110031846FFF722
:10E5F000EEFF002843D001211846FFF7E8FF00286E
:10E600003DD152F8441C8A8888890969121A92B24D
:10E610008A1A696891F86C10C1F3411101290CBF85
:10E620004FF400714021914229D8D3E8EF2F42F0F6
:10E630001001C3E8E01F0028F7D1D3061FD42846F5
:10E64000FFF789F9FCF790FA0446C0B16B68014600
:10E6500093F86C30C3F34113012B0CBF4FF40072DD
:10E660004022438A934288BF93B243822846FFF7F1
:10E670000FFD20B12046BDE83840F7F76BBE38BD2E
:10E6800008B50369022103F188021046FFF79FFFD6
:10E6900028B1596BC8884989401A18BF012083F8EE
:10E6A000380003211046FFF792FF40B1DA6B9088E3
:10E6B00091891269401A80B2801A18BF012083F82C
:10E6C0004000012008BD38B550F8243C04465B6882
:10E6D0001A6850F8083C002B4BD0002300F1640569
:10E6E0008382838302212846FFF771FFB8B154E982
:10E6F000023110699847637D1BB104F15400FBF7A8
:10E70000D7FF05212846FFF762FF98B9637F6BB1F9
:10E710000022002304F12400FBF7E6FF0AE00321B6
:10E720002846FFF754FF0028E1D1E4E714F8093C3C
:10E73000002BEDD102212846FFF749FF38B12369AC
:10E740005A89DB889A4202D02046FBF7B1FF0321A9
:10E750002846FFF73CFF60B1A2699388918912694E
:10E760005B1A9BB29A4204D02046BDE83840FBF7C2
:10E770009FBF38BD30B4048AC568A3180382281926
:10E7800030BC02F077BE00690121A030FFF71FBF47
:10E7900070B504460D468668FFF7F5FF60B1204668
:10E7A000F36B98472946736A20469847336C0546B1
:10E7B00020469847284670BD4FF0FF35FAE7F8B578
:10E7C00004460D4617468668FFF7DDFF78B1B36A49
:10E7D00083B12046F36B98472946B36A3A462046F0
:10E7E0009847336C0546204698472846F8BD4FF0B9
:10E7F000FF35FAE76FF08505F7E783681B6B03B118
:10E800001847184670470346006828B159680268DF
:10E8100088421A6008BF5A607047012311F0800FC8
:10E8200018BF21F08001026818BF10318B401343DC
:10E8300003607047012311F0800F18BF21F08001A1
:10E84000026818BF10318B4022EA0303036070474F
:10E850002DE9F0414B0604460F461646D0F80880D5
:10E8600047D0D8F83C309847204601F0AEF940B97F
:10E87000D8F84030204698474FF0FF352846BDE88D
:10E88000F0813946204601F013FA0546D8F84030A9
:10E8900020469847002DF1D130463946FFF7CAFF90
:10E8A000A6682046F36B9847204601F08EF908B918
:10E8B000336CDFE73946204601F0BFF9014628B93D
:10E8C0002046336C98476FF01205D7E703682BB9E1
:10E8D0002046336C9847FBF763FDCFE7B3682046CB
:10E8E00098470746336C20469847002FF3D03D46A3
:10E8F000C4E76FF01505C1E72DE9F04F0E4689B06A
:10E9000090F86C1003939DF848308046C1F3411194
:10E91000706891460493FFF770FF002837D0051FF9
:10E9200000200C3655F8044F0CB1237833B9002879
:10E930000CBF6FF03C0A4FF0000A2AE06378042B0A
:10E940000DD100285AD1A378039A9342EAD1E378F3
:10E95000049A9342E6D123796BB9824619E0052BDC
:10E96000E0D10028DED0B9F1010F94F802A004D064
:10E97000B9F1020F38D00120D4E7D8F818701AF096
:10E980007F0FE278A388A179D7F808B005D16FF09E
:10E99000150A504609B0BDE8F08FCDE9063138467A
:10E9A000DBF83C30059298473846FFF7ECFEDDE98E
:10E9B0000523079930B93846DBF8403098474FF0C7
:10E9C000FF3AE6E700913846514601F03FF98246AA
:10E9D000DBF8403038469847BAF1000FD9D13046BD
:10E9E000A178FFF71AFFC6E751463246D8F818005B
:10E9F000FFF72EFF82460028BDD0CAE74FF0000A7D
:10EA0000C7E70B0648BF21F08001006848BF1031FE
:10EA1000C84000F00100704721B101290DD000234A
:10EA20001B68FFDE5430006848B143685B7993424D
:10EA300005D000680028F8D170475C30F3E77047D4
:10EA400090F83020022A07D190F86C1090F8382006
:10EA5000C1F34111FFF7E0BF0020704738B590F8CF
:10EA600030300D46022B04D1FFF7EAFF08B1C4682D
:10EA700004B938BD2B78032B08D0052B0DD0022B01
:10EA800002D16068FEF73AFF2468F1E760688368A6
:10EA90005B69002BF8D09847F6E760688368DB690C
:10EAA000F7E72DE9F0470546FFF7CAFF07460028BC
:10EAB00041D0C6680EB934462AE04FF0010806F18D
:10EAC0000C09F368D3B168F07F04E4B221464846EC
:10EAD0005FFA88FAFFF795FF90B951464846FFF76D
:10EAE00090FF30B14A465146A869FFF7B1FE04468F
:10EAF00070B908F10108B8F1100FE2D13668D9E712
:10EB000021464A46A869FFF7A3FE04460028E4D040
:10EB100005F13A001022002102F04EFC002385F896
:10EB20003830FD6815B92046BDE8F0876868FEF703
:10EB3000EFFE2D68F6E76FF03C04F4E710B50C46E5
:10EB4000FFF77EFF48B10123C06803FA04F120B14A
:10EB50000369194201D10068F9E710BD10B501241D
:10EB600001F07F0311F0800F18BF10339C4090F824
:10EB70003030022B0FD190F86C1090F83820C1F390
:10EB80004111FFF749FF38B1C06828B183681C42C2
:10EB900002D10068F9E7002010BD70B50C4615469B
:10EBA000FFF7DCFF40B1406883681B6823B12A4649
:10EBB0002146BDE87040184770BD01234A0901F0A5
:10EBC0001F018B4000EB8200D0E8EF2F1A43C0E812
:10EBD000E12F0029F8D170470369012118698830B5
:10EBE000FFF7EBBF10B50469032104F18800FFF7BC
:10EBF000E4FFE26B9388918912695B1A9BB29A4297
:10EC000005D004F12400BDE81040FBF751BD10BD54
:10EC100038B50469022104F188052846FFF7CDFFC5
:10EC2000636B5A89DB889A4203D004F12400FBF716
:10EC30003FFD04212846FFF7CAFC28B904F17800FB
:10EC4000BDE83840FBF734BD38BD70B5066900211A
:10EC5000346904F188052846FFF7AFFF02212846F2
:10EC6000FFF7B5FC10B13046FFF7D2FFE36B5A89CE
:10EC7000DB889A420AD103212846FFF7A8FC68B135
:10EC800004F12400BDE87040FBF712BD04F1480018
:10EC90000022BDE870400023FBF726BD70BD0123B4
:10ECA0004A0901F01F018B40DB4300EB8200D0E8F2
:10ECB000EF2F1A40C0E8E12F0029F8D1704710B5B6
:10ECC000036900211C6988342046FFF7E8FF2046CD
:10ECD000BDE810400121FFF7E2BF03690121186977
:10ECE0008830FFF7DCBF2DE9F04150F8483C00F1D7
:10ECF00040055B680646002128461F68FFF767FC51
:10ED000000284DD001212846FFF761FC002847D19B
:10ED1000D5E8EF3F43F02002C5E8E12F0029F7D105
:10ED20009B063DD43846FEF707FEFBF71DFF044661
:10ED300050B928460521FFF7B2FF3046BDE8F04143
:10ED400020220023FBF7D0BC428AC16856F80C0C85
:10ED5000FEF7A4FF228A03460244228280B17A6829
:10ED600092F86C20C2F34112012A0CBF4FF40072DA
:10ED70004022B0FBF2F102FB1103B3FA83F35B090B
:10ED80002146384606F82D3CFFF782F940B120466F
:10ED9000F7F7E0FA2846BDE8F0410521FFF77FBF0D
:10EDA000BDE8F081006903218830FFF778BF006972
:10EDB00002218830FFF773BF38B50021044647F6BB
:10EDC000122540F2E7300023C4FB05014FF47A72AC
:10EDD000F5F77AFFBDE83840FFF76BB9014610B48C
:10EDE000EFF31180202484F31288BFF36F8F8C68B7
:10EDF00044B1013C8C6080F31188BFF36F8F002019
:10EE000010BC704753EA020406D180F31188BFF3A7
:10EE10006F8F6FF00F00F3E710BCFBF7BDBF402909
:10EE20007FB534D00DD8102933D006D801296AD047
:10EE3000082930D06FF0150426E02029FAD10423E8
:10EE400008E0B1F5807F28D0B1F5007F27D0802978
:10EE5000F0D1102304699BB2E18912B30B4342F253
:10EE6000A1014FF40032E381CDE901120669ADF84A
:10EE70000C30436800211C6806F188031846FFF730
:10EE8000A6FB88B96FF00C04204604B070BD0823BF
:10EE9000E0E70223DEE70123DCE72023DAE7402373
:10EEA000D8E721EA0303DAE701211846FFF78FFBD1
:10EEB0000028E7D12046FEF730FD636801460A22AC
:10EEC0009869FBF739FE0546D0B10A2201A9FFF780
:10EED00051FC20462946FFF7DBF8044618B12846C6
:10EEE000F7F738FAD0E74FF0FF324FF0FF3306F173
:10EEF0008C00FFF773FF0B3008BF6FF08B04C3E784
:10EF00006FF00B04C0E70024BEE7FCF745BA2DE91B
:10EF1000F84305460C46FFF74CFB6F6F4FB32E6F5F
:10EF20003EB395F86C30DA0723D4EB6C1BB905F1CE
:10EF30004C03C5E9133323683BB16FF07704281DF8
:10EF4000FFF7E3FF2046BDE8F883637D0F2B35D143
:10EF5000237A012B2BD12846D4F80C80FFF729FB0C
:10EF600095F86C3005F10409DB0705D54846FFF735
:10EF7000CCFF4FF0FF34E2E7D8F8103013B9D8F8DF
:10EF80000C304BB36B6E1BB905F16403C5E9193343
:10EF9000D8F80030E3B9AB6E05F16402C8E900238C
:10EFA0004846C3F80080C5F86880FFF7AEFF2B6DB8
:10EFB00005F14C02C4E900231C602C65637D032B22
:10EFC00021D1E86C05F14C02824236D100232DE0BC
:10EFD0004846FFF79AFFB0E74846FFF796FF6FF005
:10EFE0001504ACE7417D03290FD001332372436838
:10EFF000C4E900031C604460637A022B24D0032B15
:10F0000026D0012B1CD0002499E7017A01398B42CC
:10F01000EBD190F8158001461046FFF7C0FAB8F121
:10F02000030F0AD10B7A0028DCD1013323722B6D38
:10F03000C4E900231C602C65DEE70028E9D1C5E7A0
:10F04000237ABB73B373DEE7237AFB73F373DAE7D8
:10F05000237A3B743374D6E7034670B51B69406866
:10F060005E68B468A37A84F8223094F82D3084F86E
:10F070002330716849B1257C3DB9FFF748FF20B9BD
:10F0800073681A6802B11D7A2574002070BD38B506
:10F09000EFF31185202383F31288BFF36F8F046889
:10F0A000A04212D08CB1204600F0CBFF04F1180032
:10F0B000FBF77CFA00232046C4F8883000F0F2FF0A
:10F0C0002846BDE83840FCF763B8D0E902329A42DE
:10F0D00018BF0133836085F31188BFF36F8F38BD8C
:10F0E0002DE9F0470D4611460369064647681C693D
:10F0F00095F81880FEF72FFC002950D0404504D128
:10F10000042104F18800FFF7CAFD3046FEF714FC25
:10F11000297E814204D1052104F18800FFF7BFFD5B
:10F120003046FEF7FAFB297E814225D104F18C0A94
:10F13000EFF31188202383F31288BFF36F8F00232E
:10F140006FF00A09D4F88C60B2450ED06EB130462B
:10F1500000F077FF06F11800FBF728FA3046C6F8F2
:10F16000889000F09FFF0123ECE70022C4F8942070
:10F1700083B14046FCF70CF8BC69A6682046F36BE7
:10F1800098472846F7F7E6F82046336C9847002062
:10F19000BDE8F08788F31188BFF36F8FECE7404537
:10F1A00014D12A8AE968606BFEF725FD28B1E3696E
:10F1B0001BB104F12400FBF77BFA04F18800042161
:10F1C000FFF76DFD04F17800FBF772FA3046FEF7A9
:10F1D000B3FB297E814215D1E3691BB104F1240000
:10F1E000FBF766FA052104F18800FFF758FDE36B91
:10F1F0005A89DB889A4205D00022002304F1480096
:10F20000FBF772FA3046FEF788FB297E8142B3D1C4
:10F2100004F18C00FFF73BFFAEE7012801D1EFF3CB
:10F220000583EFF31183202383F31288BFF36F8FDD
:10F23000EFF3118283F31288BFF36F8FFEE708B5F7
:10F2400001460068FFF7E9FF0021012008B5FFF73C
:10F25000E4FF1FB504698DF80410CDE90220D4F84D
:10F26000983001A9984704B010BD38B514460A7803
:10F270000D461AB911462046FFF7EBFF2978012900
:10F2800005D12046BDE838400022FFF7E2BF38BD77
:10F290000269002092F8803023F0110343F011033B
:10F2A00082F8803070470369D3F8A43093F86A037A
:10F2B00080F00200C0F3400070470369D3F8A43027
:10F2C00093F86A03C0F340007047436889011B69E3
:10F2D00001F4F86141F0200119611A699206FCD429
:10F2E0007047436818690B7E03F07F0113F0800FAD
:10F2F0004FF0010308BF10318B402AB1D0F81C2811
:10F300001343C0F81C387047D0F81C2822EA0303C6
:10F31000F7E743681A69D2F80039990342BF23F02E
:10F32000004343F08063C2F80039704743681A69AC
:10F330000B065FBFD2F80038002023F4FE6343EAD7
:10F3400001114CBF6FF01500C2F8001870474368F8
:10F3500018694B1E042B0BD8D0F8043813F0700F2B
:10F3600009D11AB943EA0113C0F8043800207047E4
:10F370006FF0150070476FF0770070470369D3F89E
:10F38000A43093F86A339B0914BF01200220704710
:10F39000F8B5024600254FF0030E4FF000674368B2
:10F3A00019690369D3F8A44094F86D03EBB298424D
:10F3B00020D81046FFF781FF002814BF2B230B2312
:10F3C000C1F8143843231046C1F81038FFF76BFF1B
:10F3D00018B18B6943F010038B61D1F8003823F426
:10F3E000FE63C1F8003894F86A336FF3451384F86C
:10F3F0006A33F8BD4FEA430CD4F8A8620EFA0CF059
:10F40000304020FA0CF030F002000AD1506803F0CE
:10F410007F0300692E0654BF5833483300EB431373
:10F420001F600135C0E70C220369C9B201FB02333A
:10F43000D86D00F00700704770B5C9B20369EFF3EB
:10F440001185202484F31288BFF36F8F0C2606FBEE
:10F450000134E46D14F0C00408D0A24206D085F354
:10F460001188BFF36F8F4FF0FF3070BD012206FB94
:10F470000133DA6585F31188BFF36F8F436803EBBF
:10F48000C1035B6898470020EFE78022FFF7D4BFF5
:10F49000F8B5069F0469C9B2EFF31186202585F3FC
:10F4A0001288BFF36F8F0C2505FB0144E56D05F055
:10F4B000070CBCF1010F0CD1E76586F31188BFF38F
:10F4C0006F8FC4E91523436853F831309847002003
:10F4D000F8BD05F0C005AF4286F31188BFF36F8F0A
:10F4E0000CBF6FF077004FF0FF30F1E713B58024C9
:10F4F0000094FFF7CDFF02B010BD10B41C240069CA
:10F50000CBB203FB0400002110BC1047F8F7AABFE0
:10F5100013B5436802699B6AD3F8041131B1002125
:10F52000C3F80411D3F804418DF80410D3F8101176
:10F5300039B10021C3F81011D3F8103101238DF82F
:10F540000430936913B1D26901A9984702B010BD84
:10F55000002273B545680169AB6A0446C3F804210B
:10F56000D3F80461C3F81021D3F810611226C3F850
:10F57000046301261E60D3F800345B0706D58B694F
:10F5800023B18DF80420CA6901A998472046EB6A87
:10F590009847002002B070BD122210B543689C6AE3
:10F5A000C4F808231B6B984701236360002010BD3B
:10F5B00003690020C3E90612704703690020C3E90C
:10F5C0000033C3E902005861704710B40269436810
:10F5D00011681B68D3F8304171B17CB100240C6113
:10F5E0001168C97B19B94FF48051C3F80813116829
:10F5F0008C7B1CB100238B7310BC7047D3F81411A3
:10F6000021B10021C3F81411D3F814311268136822
:10F61000002BF1D0516810BC184743681B68D3F821
:10F620008004C3F88004704742681368D3F84C0123
:10F6300050B10020926A12780A70C3F84C01D3F8D6
:10F640004C2101229A6270474FF0FF307047002A28
:10F650000FDD42681368D3F84C0158B10020C3F89D
:10F660004C01D3F84C010120926A12780A7098621A
:10F6700070470020704710B543681C680369EFF3BA
:10F680001180202282F31288BFF36F8F1A68D17B1A
:10F6900039B9917301221B68DA734FF48053C4F8AF
:10F6A000043380F31188BFF36F8F10BD03691A68AC
:10F6B000D17B21B10121917300221B68DA7370475D
:10F6C000026903461168C87B40B15B681B68D3F8C8
:10F6D000300118B100230B611368988970474368A3
:10F6E0001B68D3F84C01003818BF012070474368ED
:10F6F0001B68D3F8042312035CBF4FF40022C3F845
:10F700000423704743681B68D3F80423120344BFE3
:10F710004FF40022C3F808237047202243681B6877
:10F72000C3F804237047202243681B68C3F80823EA
:10F73000704738B5436804461D68D5F80433DB04C8
:10F7400005D4D5F8040310F4002006D138BDFFF726
:10F75000B7FF0028F5D00120F8E72046FFF7BFFFEC
:10F76000003818BF0120F1E70120704703691868CD
:10F7700001601B685A607047034600201847F8F77D
:10F78000D3BFB3F1FF3F08BFB2F1FF3FF8B5074663
:10F7900016461C4610D054EA020311D0F9F788F837
:10F7A000B0420A46A14103460AD2F31A64EB0204AE
:10F7B000C7E900343846F8BD4FF0FF331C46F7E781
:10F7C0000023FBE70A2840DCC31C22DA10F1400FBB
:10F7D00047D010F13F0F2BDA10F1410F44D010F158
:10F7E000550F44D010F1490F08BF6FF0840018BFC7
:10F7F0006FF08600704709282AD8DFE800F0052955
:10F80000290816293829292F6FF098007047002001
:10F810007047C31C0D2B1BD8DFE803F0072F1A1C01
:10F820001A1A1A1A1A1A1D1A1A1D6FF08500704733
:10F8300010F1210F1ED00BDB10F1200F1DD010F1A5
:10F84000100F08BF6FF09400D1E764380928D2D9AF
:10F850006FF0860070476FF0940070476FF08C0077
:10F8600070476FF0840070476FF0890070476FF049
:10F87000930070476FF0880070476FF092007047F8
:10F8800030B509060546847C18D414F040001AD01F
:10F89000298AC3F30A00C1F30A01884220D802F082
:10F8A000030002280DD003280ED0012815D114F032
:10F8B000080219D013F4C05F05D00BE014F020004B
:10F8C000E5E7C4F3800030BD14F00200FBD013F470
:10F8D000C05F07D0C4F30010F5E704F00100F2E7C1
:10F8E0000020F0E70120EEE71046ECE738B50546CA
:10F8F00044680121E068F8F707FE6B6819686369DE
:10F90000C1F82435E28BA38BA07E1343228C1343D2
:10F91000628C1343627E9BB20243207E02431343F8
:10F92000C1F86C3569680B68D3F8002242F4802274
:10F93000C3F800220822C3F800254A6A0121C3F84F
:10F940003C270022C3F840271965D3F8301100295D
:10F95000FBD0C3F800256D680021E8682C68F8F733
:10F96000D3FD0823C4F800352A7A52B9AB6AC4F82B
:10F9700004370123C4F80837C4F84C21D4F84C21CB
:10F98000A362002038BD034600200146D3E8EF0FF4
:10F99000C3E8E21F002AF9D17047F8B506690546A9
:10F9A000336801279C8910339442A8BF1446D3E8DA
:10F9B000EF2F002A03D1C3E8E07F0028F7D10CBF66
:10F9C0003B46002325D133682246986801F052FD5A
:10F9D000EFF31180202383F31288BFF36F8F6B68DE
:10F9E00031681B68D3F830213AB914460A6180F3B4
:10F9F0001188BFF36F8F2046F8BD8A68C3F83C2793
:10FA00000022C3F84047C3F83021D3F830211F65E6
:10FA1000EDE71C46EFE737B5002400250A4601460E
:10FA20006846CDE9004501F025FDDDE90023182AEF
:10FA300073F100010FD3B2F5807F73F100010CD395
:10FA4000B2F5803F73F1000209D3002B14BF0920E7
:10FA5000052003B030BD0120FBE70220F9E70320B9
:10FA6000F7E708B55A200221F6F7AAFABDE80840E0
:10FA70005A20F6F785BA08B540F221100221F6F7B0
:10FA80009FFABDE8084040F22110F6F779BA10B5A8
:10FA900004460221C620F6F793FAC620F6F770FA5C
:10FAA0002046BDE81040FFF721BF10B504460221F3
:10FAB000C720F6F785FAC720F6F762FA2046BDE8B8
:10FAC0001040FFF713BF5A20F6F768BA40F2211032
:10FAD000F6F764BA202408B5EFF3118384F3128893
:10FAE000BFF36F8FFEF7E3FCF6E700220023F6F783
:10FAF000E1BB2DE9F04105460C460127236883B39D
:10FB000067F07F06F6B2314620465FFA87F8FEF7C7
:10FB100078FF80B131462846FEF773FF18B96FF0C1
:10FB20001500BDE8F08131462846FEF783FE3146D8
:10FB30002046FEF77FFE41462046FEF762FF68B191
:10FB400041462846FEF75DFF0028E8D0414628469A
:10FB5000FEF770FE41462046FEF76CFE0137102F7F
:10FB6000CCD10020DDE738B50D4604690221A03470
:10FB70002046FEF72CFD45B1D4E8EF3F43F00403E7
:10FB8000C4E8E23F002AF7D138BDD4E8EF3F23F0C4
:10FB90000403C4E8E23F002AF6D0F6E71046FFF778
:10FBA00076BA084611461A4609B1F9F759BE6FF000
:10FBB0001500704708460021F9F752BE006818B1D9
:10FBC00003689B0718BF4068704700690021A03098
:10FBD000FEF7FDBC38B50C460569FFF7F6FF78B9AE
:10FBE000227E02F00F03120648BF103345F823406F
:10FBF000002004F10803C4E90000C4E9023338BD61
:10FC00006FF00C00FBE70623F0B585B004460D4607
:10FC10001646CDE9021007698DF80430FFF7D5FFCD
:10FC200040B1C5F81E602046D7F8983001A9984722
:10FC300005B0F0BD4FF0FF30FAE701F00F030269A5
:10FC4000090648BF103352F8230070472DE9F047EA
:10FC50000546894690461F46D0F808A0FFF7EDFFFD
:10FC6000044610B3067DF3071CD43B464246494682
:10FC7000FFF706FEC8B19DF8203026F0060684F88E
:10FC80001980678323772675DAF8183021462846CD
:10FC90009847B0FA80F3227D5B0963F30002227576
:10FCA000BDE8F0876FF07700FAE76FF01200F7E732
:10FCB00070B505468668FFF7C0FF044688B1037D2E
:10FCC000DB0711D50146F3692846984738B1237DF3
:10FCD00003F00103227D63F30002227570BD034629
:10FCE000F8E76FF01200F9E76FF07700F6E7036AC4
:10FCF00003B1D960704708B50268C3689A4204D35B
:10FD00000821FFF7F4FF002008BD0120FCE70346AF
:10FD10000020884200D170471A5C002AFBD00130D5
:10FD2000F7E738B504460D46FFF7E5FF40B1236815
:10FD30001B78B5EB531F04D00A212046FFF7D7FFED
:10FD4000002038BD42680260826801328260FFF79D
:10FD5000CEBF2DE9F84F04460E4691461D46FFF7EB
:10FD6000CAFF804628B1A36843B903212046FFF7A4
:10FD7000BEFF4FF000084046BDE8F88F22681778B4
:10FD800007F01F0BBBF11F0F12D1FDB1236A1BB18E
:10FD90001B7C0BB11521E9E701232B70002523689B
:10FDA000013563602B442360A368013BA360E2E755
:10FDB000BBF1170F0CD9ABF11803D9B2032905D841
:10FDC00001259D40A94504D20521CFE70721CDE7B4
:10FDD0000025E36805F1010A5244934201D208214B
:10FDE000C4E74A460021304601F0E6FA15B986F824
:10FDF00000B0D3E72268711E531913F8010993422A
:10FE000001F8010FF9D1236A002BC8D01B7C002B0D
:10FE1000C5D00737FFB2022FC1D949463046FFF798
:10FE2000FAFD8245BBD0B5E770B50D46002104460A
:10FE3000FFF777FF38B129462046BDE87040002320
:10FE40000422FFF786BF70BDFFF7EEBF38B50D4641
:10FE500011460446FFF765FF88B1042200232046BF
:10FE6000A918FFF776FF50B1236869682B60E26834
:10FE7000D21A914205D908212046FFF763FF0020DE
:10FE800038BD0B442360FBE70222FFF7DFBF0322EC
:10FE9000FFF7DCBF73B50D4607210446FFF741FFAE
:10FEA00048B123681E7806F01F06182E06D90A21CD
:10FEB0002046FFF71CFF002002B070BD0023012286
:10FEC00020460DF10701FFF744FF0028F3D0182E5C
:10FED0009DF8073006D11F2B0AD815212046FFF7C1
:10FEE00031FFE8E7143BDBB2012B8DF8073001D975
:10FEF0000A21F3E703F001032B70DDE710B5044698
:10FF0000FFF7F9FE38B123681A78FF2A05D00A21D5
:10FF10002046FFF7ECFE002010BD01332360FBE715
:10FF200038B50468C568AC4204D30821FFF7DFFE8A
:10FF3000002038BD02F01F0242EA41112170026820
:10FF4000013202600120F4E730B5002985B001914B
:10FF500011DA02A900230A4601AD15F8014B01335D
:10FF6000E443042B01F8014BF7D101210423F9F7F5
:10FF7000C9FF05B030BD002101AAF7E7042307B58A
:10FF800001910DEB03020021F9F7BCFF03B05DF80E
:10FF900004FB2DE9F0470668D0F80C9004464E4566
:10FFA0000D46904607D308212046FFF7A0FE002605
:10FFB0003046BDE8F087D1F804A0A9EB06039A45C6
:10FFC000F1D80F4657F8043B3BB104213846FFF700
:10FFD00022FD56440644B145E5D304233A46414642
:10FFE0002046F9F78FFF06460028E0D020682968F0
:10FFF000884202D06A6801F04AFA23686A681344AA
:02000004001DDD
:100000002360D5E707B5CDE9001203226946FFF763
:10001000C0FF03B05DF804FB07B514318DF807107D
:10002000012307210DF10702F9F76CFF03B05DF81A
:1000300004FBD0E9003213605A600023C0E90033AA
:10004000704708B5FFF7F5FF437B23F002034373C6
:100050000023836008BD38B5EFF31184202383F3B8
:100060001288BFF36F8F002390F86C50427B80F8AA
:100070006C302DB121B184F31188BFF36F8F38BD7F
:1000800012F0280FF7D183680BB1FFF7DAFF437B3B
:1000900023F004034373FAF707F9ECE7012118385A
:1000A000FFF7D9BF10B5EFF31184202383F3128833
:1000B000BFF36F8FFAF7F8F884F31188BFF36F8FEF
:1000C00010BD38B5EFF31185202383F31288BFF3F9
:1000D0006F8F0468A0424FF000000ED094B1C4F8B6
:1000E000881020612046FFF7ACFF04F11800FAF7F2
:1000F0005DFA2046FAF7D8F8012085F31188BFF39E
:100100006F8F38BD2046F8E713B5EFF31184202335
:1001100083F31288BFF36F8F0023019350F8043CE0
:1001200023F008021B0740F8042C05D5836901A9B8
:1001300010380193FAF76AFA84F31188BFF36F8FCE
:1001400002B010BD024601440020914200D1704728
:1001500043BA12F8010B9BB24340C3F30310434070
:10016000180380B24340580100F4FF505840ECE7B8
:10017000F7B50023144682682360A3600D465369D7
:10018000694601AA9847019B5A1E01921BB96FF05C
:10019000150003B0F0BD009AA1685668206866603B
:1001A0007DB94B421768BB4228BF3B4603FB0600A4
:1001B00019442060A16011688B4206D30832009276
:1001C000E1E72B1AB3FBF6F3ECE70020E1E7F0B52B
:1001D0008FB00546FFF78FFD002864D02B68002202
:1001E0001C780023CDE902232B46640905AA05F1FA
:1001F0002007164618685968083303C6BB423246C2
:10020000F7D118683060062C1CD0221F0023012A69
:100210004FF008028DF804300DEB020198BF01ABDE
:1002200005A8FFF796FD064600283CD0042C46D0D2
:1002300024D8023C012C2CD9059B2B60AB68013BD8
:10024000AB6031E0214605A8FFF76BFD58B30422EF
:1002500000230DEB020105A8FFF77BFD18B3079BF8
:10026000089A01330793059B934204D3082128463B
:10027000FFF73DFD17E01C786409C4E7052CDBD1CE
:10028000DDE90232B3F1004F72F1000113D32146D0
:10029000EDE7EB682968029A5B1A9A4207D90821B0
:1002A0002846FFF74FFD002630460FB0F0BD059BF6
:1002B00013440593C0E7DB185241CDE902329DF8A3
:1002C000044024B16FF00F020023CDE90223029B0A
:1002D0008DF8284007939DF828303BB9079B63B100
:1002E00005A8FFF774FF0028F5D1DCE7059B089A05
:1002F0009342F5D21B78FF2BF2D1002C9CD005A89D
:10030000FFF7FCFD002897D1CDE72DE9F041054628
:10031000EFF31187202686F31288BFF36F8FFDF766
:10032000EBFEEC6805F10C08A04508BF0024002393
:1003300034B9FBB987F31188BFF36F8FBDE8F08143
:10034000EFF3118186F31288BFF36F8FA36813B1A7
:100350002046FFF776FE81F31188BFF36F8F04F11B
:100360001800FAF723F92046FFF79CFEEC680123FA
:10037000A045DDD13846BDE8F041FAF709BFF8B530
:100380000D46EFF31187202383F31288BFF36F8F9D
:10039000C668AEB90468A04212D08CB12046FFF7FF
:1003A00050FE04F11800FAF701F92046C4F88860FD
:1003B0002561FFF777FE3846BDE8F840FAF7E8BE5A
:1003C0002E608369C560013B836187F31188BFF3A9
:1003D0006F8FF8BDFAF76CBF10B5F9F7A5FFBDE850
:1003E000104000694FF0FF324FF0FF338430FFF7C9
:1003F000F1BF4FF0FF324FF0FF33FFF7EBBF38B5DF
:100400000446EFF31185202383F31288BFF36F8F27
:10041000437B5B070ED51830FAF7C8F8637B20469C
:1004200023F004036373F9F73FFF2846BDE8384023
:10043000FAF7AEBE85F31188BFF36F8F38BD2DE993
:10044000F74F0646EFF3118A202383F31288BFF398
:100450006F8F8768794007EA02000A400190574091
:10046000EFF3118883F31288BFF36F8F3468A642CD
:100470003AD188F31188BFF36F8F4FF0000927EA54
:1004800009075046B760FAF783FE019803B0BDE84C
:10049000F08FD4E91901CB0707EA000201D5904299
:1004A0000DD162B14B072566626684F86CB004F129
:1004B000180048BF49EA02092546FAF777F82146AD
:1004C0003046FEF76CF80446002CE2D188F3118820
:1004D000BFF36F8F002DD2D02846C5F88840002189
:1004E0002D6EFFF7B8FDF5E74FF000094FF0010B57
:1004F0004D46E9E70A46FFF7A2BF38B503690D7E0E
:10050000D3F8A440436805F07F0228061B6954BF56
:100510005832483203EB42131A68084622F400129C
:1005200042F080521A600B7D6FF341030B75FFF7A9
:1005300045FB90B191F918200B7E002AAABF03F168
:10054000100123F08001C9B204F1A800FEF735FBC9
:10055000022104F19000FFF7CDFF002038BD08B55F
:1005600003691021D3F8A4009030FFF7C3FF0020E7
:1005700008BD2DE9F047054643689046D3F8109032
:1005800003690F46D3F8A460F8F79AFF2A696B68ED
:10059000D2F8A4401B69D4F8B0201A60D4F8B42073
:1005A0009A60D4F8B820DA60D4F8BC209A61D4F804
:1005B000C0205A62D4F8C4209A62D4F8D020DA65F8
:1005C000012294F86E13914279D81FB9D4F81421FE
:1005D000C3F8042800204FF0030CD4F8182104F5C8
:1005E0009271C3F81028D4F81C21C3F81428D4F849
:1005F0002021C3F81C28D4F8A8224FEA400A0CFA9C
:100600000AFE0EEA020E2EFA0AF2012A63D8D1F887
:1006100040E003EB401ACAF810E9D1F880E0CAF8CC
:1006200014E9D1F800E000F1480A4FEA4A1A43F809
:100630000AE08AB9D1F8002103EB401ECEF8102B56
:10064000D1F84021CEF8142BD1F8C02000F1580E7B
:100650004FEA4E1E43F80E200130102801F104012C
:10066000C9D196F86A3300216FF30413284686F83F
:100670006A33FFF778FA002202212846FEF7E9FDE7
:1006800047B10120FEF798FBD9F8043823F00103A5
:10069000C9F8043806F1A80006F1AC04B8F1000F5F
:1006A0001CD0FFF770F92046FFF76DF92846FEF7DA
:1006B0006FFE0124B6F8423313BBBDE8F08704EBAC
:1006C0008201D1F8D00002F13F0103EB8101013238
:1006D0004860D2B275E7022AACD0BDE7D0E8AF3FA0
:1006E00023B1022106F19000FFF704FFD4E8AF3FE9
:1006F000002BDED0082106F19000FFF7FBFED8E7C3
:1007000093FAA3F1B1FA81F104FA01F223EA0203A8
:100710002846A6F84233FEF7D8FDCBE70A4600216B
:10072000FFF78DBE70B5036905460846D3F8A420CF
:10073000FFF744FA0C46064688B10B7E83B9437E28
:10074000D80703D52846FEF7AEFD40B9224631460C
:100750002846FBF75BF8237D43F01003237570BD3B
:100760001906F3D5802B0BD1437E28465B0742BF89
:1007700092F86B3343F0010382F86B33FEF7C9FD47
:10078000324621462846FAF735FF0028E3D02046B6
:10079000FFF7ABF96FF06E0201462846BDE87040E6
:1007A000FFF731BA2DE9F04F43688BB0D3F810A0B2
:1007B00003690446D3F8A430009393F86A33DA0649
:1007C0001ED5DAF8583013F0800FCAF8583003F409
:1007D000007509D0C3F3C143022B05D1009B8021D2
:1007E00003F19000FFF786FE25B10098402190307C
:1007F000FFF780FE20460BB0BDE8F04FF7F7B6BD1F
:10080000DAF818300493DAF81430049A12EA030B79
:10081000F0D01BF4805F0CD04FF480532046CAF810
:100820001430FEF7B5FD009B202103F19000FFF787
:1008300075FF1BF4005F1ED04FF40053CAF814304C
:10084000636822691B69D2F8A400D3F8083890F8CD
:100850006A235B089B0102F01F0243F0200313434D
:10086000012180F86A339030FFF744FE0022042112
:100870002046FEF7EEFCBBF1000F12DA4FF000430A
:100880000021CAF814302046FFF76DF9022100223A
:100890002046FEF7DEFC009B202103F19000FFF7CD
:1008A0003DFF1BF4802F15D02369D3F8A450636853
:1008B0001E69D6F81038D6F818780293BBB20193A7
:1008C00005F19C030393019B002B40F086804FF4BD
:1008D000802373611BF0100F23D063681A69136AB9
:1008E00003F00F07C3F30A15C3F34343022B00F0D1
:1008F0003081062B15D1082D28464FF0000128BF66
:10090000082023690137D3F8A43002EB073703F539
:100910005C73814203F10403C0F009818D4200F24F
:1009200015811BF4002F17D06368D3F8109023694A
:10093000D3F8A480D9F814380593D9F818381B0CCB
:10094000019308F190030693019B002B40F05A811C
:100950004FF40023C9F814301BF0800F1FD0802300
:10096000CAF8143063681F692369D3F8A450EFF301
:100970001188202383F31288BFF36F8F05F19C0643
:10098000B5F83C03002840F03882D7F8043843F427
:100990008063C7F8043888F31188BFF36F8F1BF4A6
:1009A000006F3FF430AF4FF400630121CAF81430F8
:1009B0002046FFF7D8F8002203212046FEF749FC25
:1009C000009B93F86C33012B7FF41DAF009B20211B
:1009D00003F19000FFF78EFD15E7019B93FAA3F753
:1009E000B7FA87F706EB4712D2F80819029B03EA19
:1009F000010818F0010FC2F8088913D0226947F0E6
:100A000080012046D2F8A490FFF717F90146FFF7BE
:100A1000D5F80246002855D16FF06802072120461C
:100A2000FEF717FC18F0400F12D006EB4711D1F873
:100A3000002993030CD51FB995F86B03C00707D4A1
:100A4000002A67DA22F0004242F08042C1F8002911
:100A5000012318F0020F03FA07F92ED007F148021C
:100A6000520156F8028049460398FFF743FDC8F348
:100A700083512046C8F38148FEF727FCB8F1010FE7
:100A80001BD1B5F83823FA40D30716D547F08001BB
:100A9000FFF7D3F88046FFF728F8014618B1002287
:100AA0002046FFF7B0F841462046FFF73BFEB5F879
:100AB000383323EA0903A5F83833019B23EA0903F5
:100AC000019300E709EB8700D0F8B402B2F810C038
:100AD000ACEB000C1FFA8CF3D2F80CC0138260440C
:100AE000D0608BB9394609F1AC00FEF766F80123F6
:100AF00009F19C0003FA07F1FFF7FCFC082109F15A
:100B00009000FFF7F7FC8DE72046FAF773FD002809
:100B1000E8D187E7B5F8382322FA07F1C90741BFC2
:100B2000012303FA07F18A43A5F8382390E73A68CE
:100B30000431C2F3072603F8042C120C03F8022C2C
:100B4000120A03F8036C03F8012CE2E63B68043157
:100B5000E4E639462046FFF770F8FFF72FF86368A0
:100B60000646D3F8108028B10C30FDF7F2FCA842FD
:100B700028BF2846002183087A1C019308EB023223
:100B8000019B994224D110F0030E14D000210137AB
:100B90003F0358F807300DF1240C0993378A1CF8ED
:100BA000018BF368013107F101098E45A6F8109019
:100BB00003F80780F2D185427FF6B3AE00230335F8
:100BC0002D1AAD08AB423FF4ACAE11680133F9E722
:100BD000B6F810E013680EF10409D6F80CC0A6F8B8
:100BE0001090D6F80C90F44409F80E30C3F3072E99
:100BF0001B0C8CF802301B0A8CF801E08CF80330D7
:100C00000131BDE7019B204693FAA3F5B5FA85F5BE
:100C100009EB4512D2F8081B059B03EA0107C2F84D
:100C2000087BFEF74AFB98B1FE0711D508040FD5E3
:100C30004FF40043C2F8083B27F00107D9F8142B02
:100C400052F8083CC8F8703352F8043CC8F87433C2
:100C5000390703D504210698FFF74CFCBA0602D5E4
:100C60002046FEF756FBFB071ED529462046FEF719
:100C7000E4FF23690390D3F8A430029363681A69F0
:100C8000437E02EB451203F003030793D2F8101BD7
:100C9000FEF794FF079B0646002840D16FF06802DC
:100CA00007212046FEF7D5FABF0730D505F15803D6
:100CB0005B0159F80360012305F1100103FA01F10A
:100CC00008F19C00C6F38146FFF714FC012E1ED1EB
:100CD000B8F83A33EB40DE0719D529462046FEF72F
:100CE000ACFF0646FEF701FF014618B10022204680
:100CF000FEF789FF31462046FFF714FD012303FA72
:100D000005F2B8F83A3323EA0203A8F83A3301238C
:100D100003FA05F5019B23EA0503019314E6029A01
:100D2000C1F3120C02EB8502D2F8F402012BC0F3DE
:100D30001202A2EB0C0239D1C0F3C943C1F3C9407E
:100D4000C1F341710129A3EB000311D002290DD099
:100D500021B9012B14BF002301235BB92046FEF704
:100D6000A2FA60B1338A9B1A338208E0022BF1E7C2
:100D7000032BEFE72046FEF7A0FA002838D1029BAC
:100D800005F11006314603F1AC00FDF716FF012313
:100D900003FA06F1029B03F19C00FFF7ABFB029BF9
:100DA000082103F19000FFF7A5FB7DE72046FEF741
:100DB00084FAB8B9002AE2D0039B5B8BC3F30A0321
:100DC000B2FBF3F103FB1123002BD8D106F10C0089
:100DD000FDF7BFFB0028D2D031462046039AFAF730
:100DE00015FD61E7002ACAD0338A13443382E3E752
:100DF000002AC4D0338A1344B6E790FAA0F2012344
:100E0000B2FA82F29340DB4399B20340A5F83C3337
:100E100007EB421CDCF8003B002B28DBB5F83A035B
:100E200020FA02FE1EF0010F1CBF0840A5F83A038D
:100E3000B5F83E03D040C0077FF5A2ADB5F83E033C
:100E400020FA02FE1EF0010F1BBF43F40013014005
:100E500043F00063A5F83E13CCF8003B002A7FF472
:100E60008FAD4FF480313046FFF744FB88E5002A10
:100E7000E4D043F08043E1E72DE9F0410B780C46E4
:100E80005768156943B92E1D01213046FFF732FB23
:100E900002213046FFF72EFB2378012B05D14FF0BE
:100EA000FF320021281DFFF7CAFA2B691BB121462A
:100EB0006A6978689847AB692BB12146EA69786816
:100EC000BDE8F0411847BDE8F08170B50C4600F16F
:100ED0000801EFF31186202383F31288BFF36F8F8D
:100EE00085685AB9A94200D065B900232360036818
:100EF0002360436804601BBB446021E0A94243684F
:100F000013D095B12846FFF79CF805F11800F9F7C2
:100F10004DFB00232846C5F888302C61FFF7C2F846
:100F20003046FAF735F9002070BD00222260002B10
:100F3000DDD01A68032A0ED8426832B9C0E90044ED
:100F400086F31188BFF36F8FEDE7136803F0030397
:100F500023431360D0E722F0030222601A6802F0F4
:100F6000030214431C60EBE738B503690C46D3F861
:100F7000A4501146FEF7A1F90028FFD00122204617
:100F8000FFF7A3FF237D9B0712D494F91820237E3B
:100F9000002AAABF03F1100123F08001C9B205F1B4
:100FA000A800FDF70AFE022105F19000FFF7A2FA62
:100FB000002038BD70B5054686680C46F36B98472F
:100FC0002846FDF7E0FBB0B121462846FEF735FE86
:100FD000014698B1037DDB0710D5437E03F0030380
:100FE000012B0ED02846F368984704462846336CF8
:100FF0009847204670BD4FF0FF34F7E76FF01204BA
:10100000F4E76FF08504F1E72DE9F04105468668C5
:101010000769F36B0C4698472846FDF7B4FB90B37D
:1010200094F8188028464146FEF707FE014668B34B
:10103000037DDA072AD518F07F0F1FD197F8B0305B
:10104000E3B1637EDB0716D597F8B1302BB10822E8
:10105000204607F1A801FDF78DFB002287F8B0209C
:1010600021462846FEF7CFFD04462846336C9847B4
:101070002046BDE8F0816FF06702F1E7224628467E
:1010800073689847F0E74FF0FF34EEE76FF0120413
:10109000EBE7F8B5044686680769F36B9847204686
:1010A000FDF771FB68B12046336B98470121054677
:1010B00007F1A000FDF7F3FD2046336C9847284662
:1010C000F8BD6FF07705F7E72DE9F74F0369904614
:1010D000D3F8A440436894F86A23D3F810900B7EA9
:1010E0000E4603F07F0713F0800F04F19C0302F01B
:1010F000100200930BD107F15803590159F8015020
:1011000007F1100A09EB431342BB9B460AE007F1C3
:101110004803590159F8015009EB4313002A3AD109
:101120009B46BA460123002203FA0AF104F19C000F
:1011300000230191F9F77AFF0199002847D0B8F10F
:10114000000F03D045F40015CBF80050514604F1D0
:10115000A80003B0BDE8F04FFDF7A1BD04EB870484
:10116000D4F8E43123F00043B8F1000F10D043F479
:101170000013C4F8E4310121009801FA0AF1FFF7E5
:10118000B9F9337D6FF30413337503B0BDE8F08F05
:1011900043F00063EDE704EB8702D2F8243123F03B
:1011A0000043B8F1000F0FD143F00063C2F82431BF
:1011B0000122C3F3835302FA03F3B4F84223BA467D
:1011C0001343A4F84233D6E743F00263EEE796F9FF
:1011D0001830002B27DBEFF31182202383F31288D2
:1011E000BFF36F8F0123B4F83C03BB409BB218439D
:1011F000A4F83C03B8F1000F04D0B4F83E03034355
:10120000A4F83E33D9F8043843F40073C9F804381D
:1012100082F31188BFF36F8F40F6354200230098A8
:10122000F9F704FFADE7B8F1000F0AD145F000650A
:10123000AB0303D5002DB8BF45F08045CBF8005077
:10124000EAE745F00265F3E72DE9F0410369074657
:10125000D3F8A4800B7E98F86A2303F07F06D206A9
:101260000D465BB25ED5002BACBF06F1790406F1EA
:10127000490408EB8404002229463846FFF724FF7E
:1012800095F91810D4F800C000292B7E2CF40042E8
:101290002DDA698BC1F30A0149B346B33A6903F009
:1012A0007F03D2F8A4002CF0707290F86AC3B0F8F3
:1012B00040131CF0010F22F4004210D04FF0FF3C0D
:1012C00003F1010E0CFA0EFC11EA0C0C0FD1796837
:1012D00003F13F0E096901EB8E01C1F804C0012141
:1012E0009940B0F8403323EA0103A0F8403322606C
:1012F000294600223846FDF7F4FF6B7E03F0030316
:10130000012B0CD12A7ED243C2F3C01206EB021687
:10131000D8F83423B34022EA0302C8F8342300206B
:10132000BDE8F0814268002B1469ACBF06F1580398
:1013300006F1480304EB43149DE738B50D7E012206
:1013400005F07F050C46FFF7BFFE1DB1237D43F07E
:1013500002032375002038BD70B5064600220D46F5
:10136000FFF7B2FE3046FDF7A8FF044618B195F925
:101370001840E443E40F2846FEF7B7FB20B92B7D65
:1013800060F304132B7570BD002CFFD001466FF085
:1013900070023046FEF737FCEDE708B5006984308F
:1013A000FDF7B3FDBDE80840F8F7D2BFFDF7ADBDCE
:1013B000704708B5FDF788F802440346934200D110
:1013C000704703F8011BF9E7F0B5C3F1370704468E
:1013D00003F01F031046FFB2082BE6B232D0102BE9
:1013E0003DD06508A40845EAC17544EA81748A08BD
:1013F0002D1942EB5102290941EA02716D1842EBA5
:101400001212290A41EA02616D1842EB1222290CDC
:1014100041EA02416D1842EB1242AD1842F100025E
:10142000EC0844EA4274D10804EB8402A6EB4205BE
:10143000EDB2092D0CD90134A5F10A0541F10001E5
:10144000EDB212E0E40806F0070544EA4174C90869
:10145000303554EA010200F8015BBDD1F0BD24092A
:1014600006F00F0544EA01740909092D84BFED193E
:10147000EDB2EDE70A44431E914200D1704710B52A
:1014800011F8014B914203F8014FF9D110BD884288
:1014900010B501EB020402D98442234607D8431E4B
:1014A000A14208D011F8012B03F8012FF8E70244FC
:1014B00001468A4200D110BD13F8014D02F8014DDA
:1014C000F7E70139024410B5904201D1002005E050
:1014D000037811F8014FA34201D0181B10BD013051
:1014E000F2E7D1E9043293421EBF5A1C0A61187018
:1014F0007047000001480068704700001016002087
:10150000FC37FF7F0100000039521C000000000082
:101510000D911C000000000000000000B0151D002F
:10152000DD871C000000000095941C0000000000F6
:1015300000000000E8151D000000000004161D005A
:1015400000000000CC151D0045971C0000000000A5
:10155000CD5D1C00000000001DB51C000000000057
:101560000000000058161D000000000074161D0049
:101570000000000020161D00000000003C161D00A9
:101580008DC71C0000000000495D1C000000000029
:1015900021531C0000000000F55C1C00000000004E
:1015A000E9521C0000000000596D1C000000000002
:1015B000CA1B1D005C181D00A8161D001E0500207A
:1015C0002813002041901C0000000000FC1B1D009F
:1015D000D8171D0004171D001C0500200000002066
:1015E00099531C0000000000161D1D00DC191D0091
:1015F00050171D0024050020300400208FFA1C0025
:1016000000000000211D1D00081A1D0050171D00BC
:10161000260500203C040020ABFA1C00000000005E
:10162000D71B1D00E8181D00A4181D002005002070
:101630008002002005BA1C0000000000E31B1D0012
:101640000000000090161D00220500200000000090
:10165000C5841C00000000002C1D1D00341A1D0054
:10166000C4161D0028050020341A0020BBF51C00FC
:1016700000000000441D1D00681A1D00000000004D
:101680002A050020541A0020918E1C000000000042
:1016900015901C00A3FB1C00B5FB1C00AD841C00B6
:1016A0009D841C00B5841C002D981C008BF41C002C
:1016B000EDF41C000000000027F41C0000000000F6
:1016C0000000000051F51C0099F51C00000000000E
:1016D000000000000000000000000000000000000A
:1016E00000000000000000000000000000000000FA
:1016F00000000000000000000000000000000000EA
:10170000B1F51C0001E01C00F16C1C0000000000A1
:1017100073DC1C001DDD1C00E5EB1C00A5ED1C00AE
:10172000D3D91C0011EC1C00AFED1C000000000020
:10173000EBD91C000000000000000000F3D91C00E1
:1017400081E61C0005DA1C001FEE1C000DDA1C00EF
:1017500029F61C0091961C001BF61C009BF91C002E
:101760004FF61C0077F61C00ADF61C00C1F61C00FD
:10177000EFF61C0005F71C00C1F61C00DFF61C008C
:101780001BF71C0027F71C0033F71C0069F71C002F
:101790006DF71C000000000000000000C95E1C0086
:1017A000D95E1C00E95E1C00FFFFFFFFFFFFFFFF8B
:1017B0000338FDD870470000000000000000000062
:1017C0000338FDD870470000000000000000000052
:1017D0000338FDD8704700004402002000000000DC
:1017E0008C04002018020020EC010020305600205C
:1017F00001521C00000000002DD81C00F0171D0035
:10180000EC171D00C40400000000000000000000F0
:10181000C7DD1C0000000000000000000000000008
:1018200000000000000000000000000000000000B8
:1018300000000000000000000000000000000000A8
:10184000055C1C0069551C00000000000000000041
:10185000000000001D5C1C0000000000518D1C00F9
:101860001D8E1C005D871C007FF71C00E18C1C0096
:101870001D8D1C00AD711C00000000000000000068
:1018800019571C00000000000000000000000000CC
:101890000000000000000000000000000000000048
:1018A00029561C007DF31C00690F1D0059131D00F3
:1018B0003B131D00FB041D0000000000E9981C0004
:1018C00049121D005F051D002DF31C004FF31C0085
:1018D0006D9B1C005DB91C00B1861C00E1831C00DF
:1018E000D9031D009B131D00100000001000000014
:1018F000D8100020D80E0020000002500000000088
:101900005802002075B41C0063FA1C00C7FA1C00C2
:101910000000000052FCAF2260AA103E0000000050
:1019200000000000006000003C161D0001000000E7
:101930000060000000E01B003C161D0002000000DB
:1019400000401C0000D001003C161D0003000000F8
:1019500000101E00004000003C161D00091C1D0068
:10196000000000000000000034160020F0171D00E9
:1019700068191D0000020000000000000F000000B8
:101980000000000000000000060000000000000051
:101990000000000000000000000000000000000047
:1019A000000000002B0000002A06000128000000B3
:1019B00029060001A4191D0002000000AC191D0039
:1019C0000200000000600C50B4191D00010000006E
:1019D00000700C50BC191D000100000000600C508C
:1019E0000000000000000000C4191D0000C201003A
:1019F0000000D601000000000000004000000000D0
:101A0000612100206021002000700C5000000000C7
:101A100000000000D0191D0000C201000000D60126
:101A200000000000000000400000000063210020D2
:101A30006221002000000080FFFFFF7F0000008087
:101A400000000080FFFFFF7F00000080000000001A
:101A500000000000581D1D0000FF0800001012507B
:101A600077FA1C00CDFA1C0000A0055058161D0086
:101A70002DAE1C0000000000B9B11C00701A1D0042
:101A80006405002000000000000000003B1D1D0058
:101A9000000100000000000008151D0018151D00C1
:101AA00048151D0050151D0090151D00B0151D0096
:101AB00000010100000202000014000000280000E4
:101AC00000400000010000000200000000A01050D3
:101AD00000820D500004055000860D50E501000005
:101AE000001000001000000001FF000021841C0015
:101AF000F1831C000000000009046275665F7369D1
:101B00007A65006275665F636F756E7400657272E8
:101B10000067726F757000726300736C6F74006F92
:101B2000666600696D6167650064617461006C657B
:101B30006E0073686100757067726164650071752D
:101B400065727900626F6F746C6F61646572004DCD
:101B50004355626F6F74006D6F6465000A007665AF
:101B60007273696F6E002568752E2568752E25685D
:101B700075002E2575003C3F3F3F3E00686173684D
:101B800000626F6F7461626C650070656E64696E8F
:101B90006700636F6E6669726D6564006163746986
:101BA0007665007065726D616E656E7400696D6159
:101BB0006765730073706C69745374617475730036
:101BC0006364635F61636D5F3000636C6F636B4080
:101BD00031306530303000757362687340323030B8
:101BE0003030007272616D2D636F6E74726F6C6C49
:101BF0006572403530303465303030006364635F87
:101C000061636D5F75617274006D63756D677220DD
:101C1000736D70006364635F61636D5F73657269A8
:101C2000616C004344432041434D207365726961F8
:101C30006C206261636B656E64005A6570687972CE
:101C40002050726F6A656374003031323334353638
:101C5000373839414243444546007F7F7F7F7F7F4D
:101C60007F7F7F7F7F7F7F7F7F7F7F7F7F7F7F7F84
:101C70007F7F7F7F7F7F7F7F7F7F7F7F7F7F7F7F74
:101C80007F7F7F7F7F3E7F7F7F3F34353637383998
:101C90003A3B3C3D7F7F7F407F7F7F000102030412
:101CA00005060708090A0B0C0D0E0F10111213146C
:101CB00015161718197F7F7F7F7F7F1A1B1C1D1E2B
:101CC0001F202122232425262728292A2B2C2D2EAC
:101CD0002F303132337F7F7F7F7F05050101010186
:101CE00006010101010302010101030303030103D2
:101CF00003010606465320436F6E6669677572617D
:101D000074696F6E00485320436F6E666967757221
:101D10006174696F6E007561727440633630303083
:101D200000756172744063373030300072656775DA
:101D30006C61746F72403130303000737973776F3B
:101D4000726B710075736268735F77726170706532
:101D50007240356130303000414243444546474887
:101D6000494A4B4C4D4E4F5051525354555657586B
:101D7000595A6162636465666768696A6B6C6D6E07
:101D80006F707172737475767778797A3031323317
:101D90003435363738392B2F010202030303030091
:101DA000010405020608090F286E756C6C29002ACB
:101DB000666C6F61742A00000000000049F21C008C
:101DC0000000000049F21C000000000049F21C0065
:101DD0000000000049F21C000000000049F21C0055
:101DE0000000000049F21C000000000049F21C0045
:101DF0000000000049F21C000000000049F21C0035
:101E00000000000049F21C000000000049F21C0024
:101E10000000000049F21C000000000049F21C0014
:101E20000000000049F21C000000000049F21C0004
:101E30000000000049F21C000000000049F21C00F4
:101E40000000000049F21C000000000049F21C00E4
:101E50000000000049F21C000000000049F21C00D4
:101E60000000000049F21C000000000049F21C00C4
:101E70000000000049F21C000000000049F21C00B4
:101E80000000000049F21C000000000049F21C00A4
:101E90000000000049F21C000000000049F21C0094
:101EA0000000000049F21C000000000049F21C0084
:101EB0000000000049F21C000000000049F21C0074
:101EC0000000000049F21C000000000049F21C0064
:101ED0000000000049F21C000000000049F21C0054
:101EE0000000000049F21C000000000049F21C0044
:101EF0000000000049F21C000000000049F21C0034
:101F00000000000049F21C000000000049F21C0023
:101F10000000000049F21C000000000049F21C0013
:101F20000000000049F21C000000000049F21C0003
:101F30000000000049F21C000000000049F21C00F3
:101F40000000000049F21C000000000049F21C00E3
:101F50000000000049F21C000000000049F21C00D3
:101F60000000000049F21C000000000049F21C00C3
:101F70000000000049F21C000000000049F21C00B3
:101F80000000000049F21C000000000049F21C00A3
:101F90000000000049F21C000000000049F21C0093
:101FA0000000000049F21C000000000049F21C0083
:101FB0000000000049F21C000000000049F21C0073
:101FC0000000000049F21C000000000049F21C0063
:101FD0000000000049F21C000000000049F21C0053
:101FE0000000000049F21C000000000049F21C0043
:101FF0000000000049F21C000000000049F21C0033
:102000000000000049F21C000000000049F21C0022
:102010000000000049F21C000000000049F21C0012
:102020000000000049F21C000000000049F21C0002
:102030000000000049F21C000000000049F21C00F2
:102040000000000049F21C000000000049F21C00E2
:102050000000000049F21C000000000049F21C00D2
:102060000000000049F21C000000000049F21C00C2
:102070000000000049F21C000000000049F21C00B2
:102080000000000035BC1C0020161D00A5071D0027
:102090000000000049F21C000000000049F21C0092
:1020A0000000000049F21C000000000049F21C0082
:1020B0000000000049F21C000000000049F21C0072
:1020C0000000000049F21C000000000049F21C0062
:1020D0000000000049F21C000000000049F21C0052
:1020E0000000000049F21C000000000049F21C0042
:1020F0000000000049F21C000000000049F21C0032
:102100000000000049F21C000000000049F21C0021
:102110000000000049F21C000000000049F21C0011
:102120000000000049F21C000000000049F21C0001
:102130000000000049F21C000000000049F21C00F1
:102140000000000049F21C000000000049F21C00E1
:102150000000000049F21C000000000049F21C00D1
:102160000000000049F21C000000000049F21C00C1
:102170000000000049F21C000000000049F21C00B1
:102180000000000049F21C000000000049F21C00A1
:102190000000000049F21C000000000049F21C0091
:1021A0000000000049F21C000000000049F21C0081
:1021B0000000000049F21C000000000049F21C0071
:1021C0000000000049F21C000000000049F21C0061
:1021D0000000000049F21C000000000049F21C0051
:1021E0000000000049F21C000000000049F21C0041
:1021F0000000000049F21C000000000049F21C0031
:102200000000000049F21C000000000049F21C0020
:102210000000000049F21C000000000049F21C0010
:102220000000000049F21C000000000049F21C0000
:102230000000000049F21C000000000049F21C00F0
:102240000000000049F21C000000000049F21C00E0
:102250000000000049F21C000000000049F21C00D0
:102260000000000049F21C000000000049F21C00C0
:102270000000000049F21C000000000049F21C00B0
:102280000000000049F21C000000000049F21C00A0
:102290000000000049F21C000000000049F21C0090
:1022A0000000000049F21C000000000049F21C0080
:1022B0000000000049F21C000000000049F21C0070
:1022C0000000000049F21C000000000049F21C0060
:1022D0000000000049F21C000000000049F21C0050
:1022E0000000000049F21C000000000049F21C0040
:1022F0000000000049F21C000000000049F21C0030
:102300000000000049F21C000000000049F21C001F
:102310000000000049F21C000000000049F21C000F
:102320000000000049F21C000000000049F21C00FF
:102330000000000049F21C000000000049F21C00EF
:102340000000000049F21C000000000049F21C00DF
:102350000000000049F21C000000000049F21C00CF
:102360000000000049F21C000000000049F21C00BF
:102370000000000049F21C000000000049F21C00AF
:102380000000000049F21C000000000049F21C009F
:102390000000000049F21C000000000049F21C008F
:1023A0000000000049F21C000000000049F21C007F
:1023B0000000000049F21C000000000049F21C006F
:1023C0000000000049F21C000000000049F21C005F
:1023D0000000000049F21C000000000049F21C004F
:1023E0000000000049F21C00E8151D00CBF51C00A0
:1023F00004161D00CBF51C000000000049F21C0073
:102400000000000049F21C000000000049F21C001E
:102410000000000049F21C000000000049F21C000E
:102420000000000049F21C000000000049F21C00FE
:102430000000000049F21C000000000049F21C00EE
:102440000000000049F21C000000000049F21C00DE
:102450000000000049F21C000000000049F21C00CE
:102460000000000049F21C000000000049F21C00BE
:102470000000000049F21C000000000049F21C00AE
:102480000000000049F21C000000000049F21C009E
:102490000000000049F21C000000000049F21C008E
:1024A0000000000049F21C000000000049F21C007E
:1024B0000000000049F21C000000000049F21C006E
:1024C0000000000049F21C000000000049F21C005E
:1024D0000000000049F21C00658F1C0079F71C0009
:1024E0000000000049F21C000000000049F21C003E
:1024F0000000000049F21C000000000049F21C002E
:102500000000000049F21C000000000049F21C001D
:102510000000000049F21C000000000049F21C000D
:102520000000000049F21C000000000049F21C00FD
:102530000000000049F21C000000000049F21C00ED
:102540000000000049F21C000000000049F21C00DD
:102550000000000049F21C000000000049F21C00CD
:102560000000000049F21C000000000049F21C00BD
:102570000000000049F21C000000000049F21C00AD
:102580000000000049F21C000000000049F21C009D
:102590000000000049F21C000000000049F21C008D
:1025A0000000000049F21C000000000049F21C007D
:1025B0000000000049F21C000000000049F21C006D
:1025C0000000000049F21C000000000049F21C005D
:1025D0000000000049F21C000000000049F21C004D
:1025E0000000000049F21C000000000049F21C003D
:1025F0000000000049F21C000000000049F21C002D
:102600000000000049F21C000000000049F21C001C
:102610000000000049F21C000000000049F21C000C
:102620000000000049F21C0085931C0079F71C0093
:102630000000000049F21C000000000049F21C00EC
:102640000000000049F21C000000000049F21C00DC
:102650000000000049F21C000000000049F21C00CC
:102660000000000049F21C000000000049F21C00BC
:102670000000000049F21C000000000049F21C00AC
:102680000000000049F21C000000000049F21C009C
:102690000000000049F21C000000000049F21C008C
:1026A0000000000049F21C000000000049F21C007C
:1026B0000000000049F21C000000000049F21C006C
:1026C00058161D0011F51C00CC151D0000C201009C
:1026D00000000800000000000000000000000000F2
:1026E00000000000000000000000000000000000EA
:1026F000000000000000000000000000D8010020E1
:1027000000000000C40100200000000000000000E4
:1027100000000000000000000000000000000000B9
:1027200000000000000000000000000000000000A9
:102730000000000000000000000000000000000099
:102740000000000000000000000000000000000089
:10275000000000008C0000208C0000200000000021
:10276000010000000000000000000000796A1C0069
:102770000000000000010000000000000000000058
:102780000000000000000000000000000000000049
:10279000000000000000000000000000A1611C001B
:1027A0000000000000010000000000000000000028
:1027B0000000000000000000000000000000000019
:1027C00000000000000000000000000067000000A2
:1027D00000000000000000000000000000000000F9
:1027E00000000000000000000000000000000000E9
:1027F00000000000000000000000000000000000D9
:1028000000000000000000000000000000000000C8
:1028100000000000000000000000000000000000B8
:1028200000000000000000000000000000000000A8
:102830000000000000000000000000000000000098
:102840000000000000000000000000000000000088
:1028500000000000000000000000000075D91C000E
:10286000595E1C00356A1C00E1F01C00D9EB1C000D
:10287000DBEC1C00000000004BEC1C00BFEC1C005B
:1028800059F01C000000000077D91C0038700020AF
:102890000000000000000000000000000004000034
:1028A000387400200000000000000000000000005C
:1028B000000400008C040020940400209D040020EB
:1028C000A2040020A7040020AB040020CE040020B6
:1028D000B7040020D5040020DC040020E30400201D
:1028E0008C040020940400209D040020A2040020F9
:1028F000A7040020AB040020B0040020B70400208F
:10290000C0040020C7040020E3040020C01B1D00F9
:10291000000000009001002000000000CC151D0008
:102920007DBD1C0071B01C0000000000CD8E1C009D
:10293000F1BD1C000000000091F21C0021B11C0040
:102940002D831C004D831C000000000000000000CF
:102950000000000000000000000000000000000077
:102960000000000000000000000000000000000067
:102970000000000000000000000000000000000057
:102980000000000000000000000000000000000047
:102990000000000000000000000000000000000037
:1029A0000000000000000000000000000000000027
:1029B0000000000000000000000000000000000017
:1029C00000000000000000000000000004030020E0
:1029D0000403002000000000000000000E000000C2
:1029E0000000000000000000000000005807002068
:1029F00000000000000000000000000000000000D7
:102A0000ED671C0000000000000000000000000056
:102A10000C181D0001003F00D7D81C00000000006A
:102A200014181D0009000000B5D81C0000000000AB
:102A300074181D00060001000D531C000090D00307
:102A40000000000000000000000303000000000080
:102A50000000000000030000000000000000000073
:102A60000002010000000000231C1D002E030000D6
:102A70000000000000000000000101000000000054
:102A80003A1C1D001E0300000000000000000000B2
:102A90000000000000000000F81A1D000403000000
:102AA0000000000000000000000401000000000021
:102AB000F41C1D00220300000000000000000000C4
:102AC0000004010000000000051D1D00220300009D
:102AD0000000000000000000202100202000000075
:102AE0000000000000000000000000004021002065
:102AF000200000000000000008040020000000008A
:102B0000000000001C040020000000000000000085
:102B10000000000009050020D8030020000000008C
:102B2000000000000000000012050020F00300205B
:102B3000000000000000000067742000B9131D00B1
:102B4000F19F1C0000000000FF0000008404002032
:102B500084040020080B00020202000009040000A7
:102B600001020200000524001001052401000104F7
:102B700024020205240600010705810310000A094A
:102B8000040100020A00000007058202400000075D
:102B900005010240000007058103100007070582B8
:102BA00002000200070501020002000000120100FD
:102BB00002EF020140862813000304000000001207
:102BC000010002EF02014086281300030400000008
:102BD0000009020000000100807D090200000001E0
:102BE00000807D00000000000000000000000000E8
:102BF000000000002C0500202C050020205500209E
:102C0000000000000200000088000000000000003A
:102C1000480500204805002028540020000000003E
:102C2000080000001000000000000000000000008C
:102C3000F86900200004000000000000000000000F
:102C4000780500207805002000000000000000004A
:102C50000E0000008C0500208C0500200000000004
:102C6000000000000E000000A0050020A0050020CC
:102C700000000000000000000E000000B40500206D
:102C8000B405002000000000000000000E0000005D
:102C9000C8050020C805002000000000000000005A
:102CA0000E000000DC050020DC0500200000000014
:102CB000000000000E000000F0050020F0050020DC
:102CC0000C0000000A000000A8540020205500203D
:102CD000A8540020A85400200000000000000000BC
:102CE000180600201806002000000000240600201E
:102CF000240600200000000000000000000000008A
:102D00003806002038060020000000000000000007
:102D10004806002048060020020002000A000000C9
:102D2000000000006C191D00B069002000000000C8
:102D3000000000006C0600206C0600200400040067
:102D40000400000000000000FC171D004069002086
:102D50000000000000000000900600209006002007
:102D6000100010000A0000009DBC1C007C1A1D0011
:102D7000F86D0020141C1D00000000000000000081
:102D800000000000000000000000000020161D00F0
:102D90000000000000000000000000000000000033
:102DA0000000000000000000000000000000000023
:102DB0000000000000000000000000000000000013
:102DC0000000000000000000000000000000000003
:102DD00000000000000000000000000000000000F3
:102DE00000000000F7040020E504002000000000BF
:102DF000000000004402002000000000000000006D
:102E0000000000000000000000000000440200205C
:102E100000000000000000000000000000000000B2
:102E200015E015E00769D50012004000F99FFC8508
:102E3000DDB6E1E5C6230D57F6E59D7517E57F6A1A
:102E400027E32F9903151A1DA1EF4FB41560606A8F
:102E50003B583D3CD96E6BA5F88D4117D4B3FF4F5D
:102E60002F577B7BE150FC996691B5072500010047
:102E70000101004000E3E129B49F1218E18E4614DD
:102E8000ACB2523389C75852EBB98B4D2C6171A249
:102E9000FC65706BA3D1DDF85F52E71450C3E57297
:102EA000E624695FAFD41CE4D9354D6C2B19F7D6F5
:102EB000001A6AE8B0240040001F304714A4F5252A
:102EC000BC3D59AFD245D055A9A39EEDBA848FD24F
:102ED000ACD58F052A87C3DB2A97AAC8E1EBC9B80E
:102EE000C40D3E4459E9853A6EAEDE690191C9D6FA
:092EF00053A8A6FB6EA26E4D0A68
:00000001FF
